time,x_t,phi_shaft,q_b0_m0,q_b0_m1,q_b0_m2,q_b1_m0,q_b1_m1,q_b1_m2,q_b2_m0,q_b2_m1,q_b2_m2
0.0,6.082770668738005e-06,0.005005141515761129,0.006697067990572629,-0.00041154297645481483,-0.002803436508920725,0.0067561083771233215,0.012730692884121198,-0.0032132202446287345,0.005867862899880059,-0.013781313890236933,-0.003555612492086654
0.05,4.8009680161674006e-05,0.010024888308245617,0.03337529318741382,-0.0018127030126136932,-0.013239227000892128,0.03377276789581645,0.06309855457436396,-0.015157339286021384,0.029172153461247217,-0.06809319541207323,-0.01684455401586463
0.1,0.00019732256278495632,0.015060511300541335,0.08497015500392725,-0.0037103999546619602,-0.03070857260307853,0.08644720172121713,0.15911368564715528,-0.035046389348755834,0.07395710338347204,-0.1708230570725259,-0.03929321191836537
0.15,0.0005656418876572592,0.020106529716201853,0.15871229712076884,-0.004832901091646867,-0.04975987004090743,0.16268669048076465,0.2926434287438397,-0.05643561777578254,0.13734946190677794,-0.3120251239464204,-0.06422480390242159
0.2,0.001283846525508417,0.025158524974494893,0.250900975642408,-0.004122537103778257,-0.06451237500743719,0.25944448200352854,0.4520260471824514,-0.07242303954952052,0.2157159055529768,-0.47840961810878024,-0.08426976646512882
0.25,0.0024793472525010724,0.030215669517958392,0.3571730062055956,-0.0011930637763217324,-0.07047651495429241,0.3727871876018454,0.6227730710904069,-0.07786411771285016,0.30502740019714775,-0.6548880993002105,-0.09356558492387715
0.3,0.0042521881358742,0.035281622628176905,0.47273483414199846,0.0035034413032964005,-0.0659318260474257,0.4980341569050551,0.7887476805588953,-0.07100173096776474,0.40108644139397187,-0.8260698275847593,-0.08953758022726595
0.35,0.006663283631967381,0.04036330580888568,0.5926097037514986,0.008890626995546637,-0.05239953420511411,0.6299347895880766,0.933784203180196,-0.0540065688926375,0.49975137226491034,-0.9774903220157575,-0.07362698179096346
0.4,0.00973682828600684,0.045468079620184204,0.7118735142578405,0.013766230663553322,-0.03409820973624484,0.7628904790278189,1.0435370397582207,-0.032268633694984984,0.597139535476438,-1.0965312689225402,-0.050760191817794564
0.45,0.013468350036778064,0.050600624645206635,0.8258705968299446,0.017350406345034857,-0.016600416725903407,0.8912209262862224,1.1072158924854172,-0.012704300395582667,0.6897942908840744,-1.1731334851620587,-0.02778422417916035
0.5,0.01784536285455495,0.05576098548855235,0.9303641266504538,0.01963189158533205,-0.005078435750883527,1.0094220126289235,1.1188486010817293,-0.0015750125871239577,0.7747763521100999,-1.2004431159139328,-0.011323399826092937
0.55,0.022869010329652984,0.06094472286938938,1.0216350375247472,0.021348757923645427,-0.0027066580889736533,1.11241390583269,1.0778194906235965,-0.0025013250760283568,0.8496975562875115,-1.1754634995869462,-0.005747724319698689
0.6,0.028564538369779496,0.06614519198759304,1.0965592752962416,0.023601954380558062,-0.009732153812597153,1.1957778101051155,0.9886206958254196,-0.01531703994585444,0.9127123565072416,-1.0996530735956151,-0.011914932142044475
0.65,0.03497930989697175,0.07135694608472533,1.1526749446355529,0.02727737732360255,-0.023479128351453674,1.255963113842983,0.8599713885344792,-0.03613334304385411,0.9624803543752444,-0.979268831081568,-0.02704284931913514
0.7,0.04216843902339388,0.0765786751972546,1.1882533783253886,0.03255229433099679,-0.03926713334395472,1.2904539166509508,0.7036059800768905,-0.05859452474192291,0.9981215787827855,-0.8252030481733268,-0.0457171930661058
0.75,0.05017229634567015,0.08181429105935606,1.202377772828965,0.0387259591860949,-0.05193563384167088,1.2978960429397726,0.5330386966650703,-0.07590295249348165,1.0191810677618487,-0.6521399893053554,-0.061691741694991024
0.8,0.058992861608836066,0.08707157490341591,1.195020394295211,0.044471740669710394,-0.05748067379480413,1.2782056433044062,0.3625123419470985,-0.08294570534667667,1.0256186307562605,-0.47702896196760974,-0.06989981436594704
0.85,0.06857632357035637,0.0923588977622303,1.1670982315113956,0.04841723023671234,-0.054285715274327066,1.2326491596931433,0.20616706051316183,-0.07785144514393591,1.017818168518892,-0.31708268568162296,-0.0680370496268065
0.9,0.07880748786549735,0.09768147116244136,1.1204816321153757,0.04979519321325327,-0.04356449542136245,1.1638434564628644,0.07728881520139284,-0.06250802000209979,0.9965963480023865,-0.1876886571324514,-0.05722157869990919
0.95,0.08951789603500968,0.10303886621851016,1.0579267930735252,0.048861204809971484,-0.028901174005327036,1.0756452297238481,-0.012549214485540042,-0.04190788096292303,0.9631957203741865,-0.10066640587552739,-0.04153890292085441
1.0,0.10050539442789158,0.10842497185002223,0.9829142292618221,0.046875697169762476,-0.015071568460432205,0.9729304811377372,-0.05453772424400874,-0.02254949758493035,0.9192458253008553,-0.0631919980657817,-0.02665602334934202
1.05,0.11155965499248471,0.11383045566078812,0.8994104321608365,0.0456437288715275,-0.006528631886715522,0.8612719518374113,-0.0437842252856829,-0.01040570157371615,0.8666840599068111,-0.0775006838668736,-0.0179823615824211
1.1,0.12248655182082392,0.11924664906237405,0.8115945747823422,0.04680620535378336,-0.0060250261709020635,0.7465576148400287,0.019699056733159637,-0.009107380219085475,0.8076515479291014,-0.14124002672110678,-0.018962588083350905
1.15,0.13312498785934193,0.12466910230692352,0.7235956125945742,0.05119344570528133,-0.013800134641328758,0.6346197694502037,0.13051291913321822,-0.018898161590082115,0.7443873770324624,-0.24818345817823179,-0.030008343991328373
1.2,0.14335235387410283,0.13009922170590651,0.6392767811196133,0.058521704366980225,-0.027568050283561754,0.5308979634551318,0.2781456751663481,-0.036643922371862515,0.6791570002628811,-0.38901162380408555,-0.048379148575299236
1.25,0.15307830602575423,0.13554331549962823,0.5620899465955917,0.06755373878606111,-0.04328412677979305,0.44015620738525835,0.4480677617769816,-0.05688967662875014,0.6142223384185649,-0.5520084493790978,-0.06905391332890201
1.3,0.16223021617943434,0.1410095258469169,0.4949992936460579,0.07664170827393448,-0.056435364934728005,0.3662822460813395,0.6234854624779165,-0.07363160836291442,0.5518324310617375,-0.7236830989658951,-0.08631948391639727
1.35,0.17073621223487234,0.14650400464077348,0.4404566918558487,0.08441383172285156,-0.06344350570199302,0.31216352879992115,0.7874022612789873,-0.08220216811889754,0.4942291492713299,-0.8894498065589104,-0.09554392107489011
1.4,0.1785121690491743,0.15202802056207498,0.40039782816692693,0.09030637768508516,-0.0627343276359893,0.27962776098374864,0.9245614223606322,-0.0806699783416885,0.44364917867875553,-1.0345412463042196,-0.09455575663474629
1.45,0.18545734245239406,0.15757730975082176,0.3762236563641496,0.0947050279347191,-0.055150019288818006,0.2694355421416333,1.0229129663187073,-0.07035095431301296,0.402265615801468,-1.145265232556511,-0.08424401030393014
1.5,0.19146043026163495,0.1631439125757907,0.36875200260410973,0.09864916608248231,-0.04360414512407132,0.2813040103540082,1.0744434365524473,-0.05530050526249854,0.3720749131447059,-1.2105196781472234,-0.06819827044477504
1.55,0.19641440013196232,0.16871963532350326,0.3781489637567132,0.10325068666330296,-0.032110610238543155,0.3139521446434042,1.0754159129248992,-0.040967484575770506,0.3547616859978851,-1.2232976500217487,-0.05152146921094605
1.6,0.2002355374537209,0.17429962448130684,0.40386259636598076,0.109092521162604,-0.024508228394872093,0.3651746508687764,1.0262098613910255,-0.03244711398020387,0.35153588170365724,-1.1818369079611244,-0.03924732373031751
1.65,0.20288084382045413,0.1798844456881715,0.4445933635679401,0.11588615110350518,-0.023277114113989025,0.4319572739475325,0.930999829254101,-0.03288004982484164,0.36297590339816627,-1.0900835117492744,-0.03482942406686667
1.7,0.20435833830374467,0.18547973542439802,0.498332164392998,0.12254968932133915,-0.02879447805518023,0.5106456712442499,0.7974304675356788,-0.04248281354684934,0.38891558685483596,-0.9572875449425321,-0.039155725087120695
1.75,0.20472698763614047,0.19109363527555467,0.5624672479298977,0.12766814762893022,-0.03925904458543741,0.5971672312483368,0.6362853136352488,-0.05849621380794783,0.4284036265407676,-0.7967884183047238,-0.05037691983267037
1.8,0.20408600353271122,0.1967332626921445,0.6339463073012468,0.1301181354970117,-0.05130090713898078,0.6872861454645278,0.46100214386843485,-0.07606159376964138,0.4797389211248404,-0.624291423613317,-0.06458064152847882
1.85,0.20255634795959385,0.20240183017205368,0.7094751975656997,0.12957529397446343,-0.06106377753902123,0.7768613848264732,0.2868523985192619,-0.08974228076172863,0.5405682531867959,-0.456029725818114,-0.07708409832453436
1.9,0.20025964683153985,0.20809763820253488,0.7857195744694063,0.12668408435317635,-0.06541330272910693,0.862078208059047,0.12968984415808232,-0.09520495186117643,0.6080222760847029,-0.30714842620061567,-0.08392549600091155
1.95,0.197300321424016,0.21381530000635854,0.8594772854697755,0.12282401617921337,-0.06290194211477967,0.9396343328244916,0.004335575111280354,-0.09054185699317539,0.6788641887510135,-0.19050489484491429,-0.08308534207590634
2.0,0.1937555453568729,0.21954855827245837,0.9278071927288725,0.11958519190784313,-0.054195166734775015,1.0068687603630755,-0.0771625417333208,-0.07683365511065587,0.7496510930085881,-0.11590025671798973,-0.0750575152457635
2.05,0.1896750801543616,0.2252933661662842,0.9881158253903299,0.11818816544345465,-0.04183096890478254,1.0618260871091485,-0.10705236260056092,-0.057785136595064054,0.8169049866252719,-0.08962671926767946,-0.0626053669541173
2.1,0.1850899454247708,0.23104983922960298,1.038215370623524,0.11909762107008164,-0.029402641581829404,1.1032636667559175,-0.08285060970442618,-0.03856518960017911,0.8772830184074916,-0.11417526059805826,-0.049813746422099694
2.15,0.18001884805264576,0.23682259527708674,1.0763842495271547,0.1219325926291367,-0.020455727392160568,1.1306271080616215,-0.007613529482319413,-0.024255428927105995,0.9277554190550098,-0.1880554963681968,-0.04076290786868467
2.2,0.17448200844797923,0.2426187350902006,1.1014083008478759,0.1257871091946996,-0.01739232720660027,1.1439712145514231,0.11062395723447453,-0.018343564674456487,0.9657663003799613,-0.30565107670575176,-0.03824327262569897
2.25,0.16852637267210566,0.24844402273516045,1.1125850985776007,0.12985350955828182,-0.020698114310261466,1.143820713629215,0.2601107063678975,-0.02168900443371004,0.9893600006595009,-0.4572038443163351,-0.042906593094316936
2.3,0.16222602315281962,0.2543004784023946,1.1097525698976032,0.13383564066489576,-0.02883857429223746,1.1310506545605181,0.42677711321852163,-0.03236984097771034,0.997311760377447,-0.6293562178009119,-0.0530873669064541
2.35,0.1556677244840079,0.26018596667916716,1.0933114962712023,0.13803308379469145,-0.0388117788765293,1.1067768073189514,0.595561922262872,-0.046403765424857,0.9892228574587614,-0.8062923499191552,-0.06533989517426729
2.4,0.14893735860896698,0.26609536467560624,1.0642067807036317,0.1431485905729328,-0.047129866609593306,1.0722456137739524,0.7516092783247459,-0.059058231783280665,0.9655477439454146,-0.9713291423110064,-0.07554194329317918
2.45,0.14211178584513773,0.272022676425585,1.0238662308089814,0.14992562846114704,-0.05090936074633826,1.02874060952821,0.8813205495150556,-0.06632899782223978,0.9275616242475251,-1.1087241003024342,-0.08021127843298158
2.5,0.13524679550472005,0.2779637809880071,0.9741312220124972,0.15869227660504376,-0.04876848183422502,0.9775461852605433,0.9732081947330301,-0.06616153822777256,0.8772883770849981,-1.2054914278922968,-0.07758406417080417
2.55,0.12835642294932845,0.28391899808424914,0.91720283486427,0.16896762611795108,-0.04128156700825354,0.9199914338139794,1.0185846294156193,-0.059058921935641925,0.8174132943538623,-1.2529415754417337,-0.06812875406093799
2.6,0.12141772649607059,0.28989266645929124,0.8555394787447923,0.1795642660559469,-0.03075487459133534,0.857494713701333,1.0124197846789305,-0.04781050852843705,0.751146491174262,-1.2474173949230751,-0.05437629272606141
2.65,0.11438973253406795,0.29589048637421017,0.791735340284365,0.18907083794339224,-0.020442903872044667,0.7916031511514012,0.9541813597541502,-0.036493686534368866,0.6820373696217131,-1.1902657777075643,-0.040113172347678
2.7,0.10722987541223544,0.3019165774134307,0.7284169159566745,0.19639525227900315,-0.013501671996944272,0.7240286567437045,0.8483024066257446,-0.029119564243685284,0.6137534617894475,-1.0873162242204752,-0.029206101222753293
2.75,0.09991029806017136,0.3079712630920988,0.6681337946927893,0.2011769102170695,-0.011990140854068644,0.656646294565134,0.7040903468265737,-0.02833544157222576,0.5498420561028287,-0.9480446579639724,-0.024427784580068015
2.8,0.09242943118540795,0.31405064678000044,0.6132379352117948,0.20387983972428653,-0.01623943510722701,0.5914473839165657,0.5349352878221149,-0.03459651489234861,0.49349164997377504,-0.7846443867275967,-0.02665485284033806
2.85,0.08481581971044211,0.32014822735631876,0.5657629985264166,0.20552364661352784,-0.024782296559147668,0.5304565636872901,0.3568585815649943,-0.04605619384801122,0.44729927641136497,-0.6111347508920387,-0.03469324363869887
2.9,0.07712376939856669,0.32625779672315053,0.5273254185471267,0.20718409823792436,-0.03484855955596798,0.47563275781800723,0.1866443114018923,-0.05918674601432424,0.4130822889657977,-0.4424881279872519,-0.04573828212616688
2.95,0.06942289321947173,0.33237625217162126,0.49906520387388437,0.20950054339877738,-0.04326028215238056,0.4287802612006947,0.03991626911646868,-0.06990500158465061,0.39177529882662293,-0.29366230632024737,-0.05629562225633797
3.0,0.0617852885453277,0.33850499707211223,0.48162858268450964,0.2124211029820714,-0.04743379689623175,0.39149623670050354,-0.07047747580725415,-0.07483190654971994,0.38342958196574406,-0.1784375924425874,-0.06327716917834818
3.05,0.05427458061347294,0.3446492509001639,0.47518720853604585,0.21530394863759816,-0.04615987268326067,0.3651553357456314,-0.135529493687987,-0.07229714937132173,0.38730635189013596,-0.1080667205556701,-0.06492382342334674
3.1,0.04694020108773152,0.35081557086729864,0.47949078627397906,0.21732344143442592,-0.03993105148457738,0.3509071444458558,-0.1505328745662407,-0.06279878221994345,0.4020341369251267,-0.08990525320575846,-0.061262991701220466
3.15,0.03981842185074718,0.35700874664041965,0.4939322460773694,0.21798138012240323,-0.030738336089399396,0.34965919142277824,-0.11505941377531828,-0.048808297184126846,0.4257959690686579,-0.1263122032129813,-0.053985017194255226
3.2,0.032939470028843856,0.36322953631548005,0.5176018412152883,0.21747022513160888,-0.021412207267375083,0.3620155491455803,-0.032670516860466695,-0.03400497974906025,0.45651280568103436,-0.21412633803337397,-0.04581092968466871
3.25,0.026338095466879624,0.36947431972247535,0.5493184729989822,0.2167039793110543,-0.014720007316443665,0.3881637510170249,0.08945609562742685,-0.022175785909116966,0.4919931750388213,-0.3449140273423081,-0.039570194198878694
3.3,0.020063888709021146,0.3757368282408946,0.587639006666849,0.216991617371101,-0.012505359900679565,0.42773547233309944,0.24092508713535923,-0.01610922211952873,0.5300436329082158,-0.5059776647627378,-0.037285500593124465
3.35,0.014187712269055784,0.3820111580506882,0.6308674325212954,0.2194949400519333,-0.015142339384663696,0.4796672519077466,0.40862435903246686,-0.01683254848326344,0.5685465492509106,-0.6819228568942539,-0.03955248843630929
3.4,0.008801882320458681,0.38829469623585167,0.6770861812874356,0.22471293385345692,-0.02146617047414393,0.5421050122008074,0.5774827916822566,-0.023417438703131822,0.6055205296851889,-0.8564598108027927,-0.045396705025938726
3.45,0.004013731371620466,0.39458957446988013,0.7242233731020702,0.23223322377870292,-0.029180725344532265,0.6124011521766232,0.7316187846250743,-0.03337043175993089,0.6392006021529669,-1.0140797377087571,-0.05261879033244379
3.5,-6.583770120265426e-05,0.4009019655784048,0.7701589465712105,0.2408691501637937,-0.03560517477579815,0.6872151886287843,0.855874773623072,-0.043463076342382424,0.668142116925664,-1.1413604978322038,-0.0585186829268871
3.55,-0.0033357520882882994,0.4072395289243941,0.8128580839827986,0.24912667435467872,-0.03852329316526662,0.7627182416043068,0.9375543090831969,-0.05073349542344271,0.6913207362161374,-1.2278317233605542,-0.0607644157313239
3.6,-0.005716569948623515,0.4136081336042057,0.8505115810274052,0.25579970484173664,-0.03686639460501522,0.8348841912734735,0.9680422282187111,-0.05334164088379436,0.7082192960203546,-1.266471546498645,-0.05811091395861024
3.65,-0.007157772594866254,0.4200093614828501,0.8816515319213216,0.2604287797602893,-0.031020930199497053,0.8998081400949388,0.9439516338044165,-0.05103977530997962,0.7188655908706775,-1.2540064196276604,-0.05078226155780029
3.7,-0.007638958251076818,0.42643989755822437,0.9052204063577466,0.26342642041545805,-0.022679931989209003,0.9539963398337012,0.8675348933312008,-0.04514124579000287,0.723776617583334,-1.191143025731216,-0.04041787395379376
3.75,-0.007165153723811926,0.43289301999504537,0.9205880068356809,0.26582876371297187,-0.014298361537367821,0.994594571820901,0.7462855863715304,-0.038012772075502646,0.7238401858210074,-1.0827080103229816,-0.029572859384191293
3.8,-0.005758311198323073,0.4393615771411358,0.9275242460086894,0.2687826814774878,-0.008331527591812736,1.0195300804540923,0.5918496821604408,-0.032281079852653,0.7201547649216292,-0.9376101953319119,-0.02094629540557043
3.85,-0.0034479402030021702,0.4458411748392065,0.9261461263075932,0.2729942613905736,-0.006490696743253594,1.027578072026718,0.4185200108761634,-0.03000337429034226,0.7138476995486007,-0.7684729817115901,-0.016586839624998337
3.9,-0.0002638409722258198,0.45233213278448725,0.9168574225124422,0.27839061976163004,-0.009236209232900318,1.0183858953688045,0.24165645353441767,-0.032036668204223594,0.7059088838436738,-0.590759224602663,-0.017327260469357352
3.95,0.003766920996580443,0.4588393162932062,0.9003030325024679,0.28415144315808455,-0.015662202227377423,0.9924733294842678,0.07630568724759416,-0.03779663857722558,0.6970674034074202,-0.4213413209820602,-0.02260624424857134
4.0,0.008618153667750853,0.4653699108528491,0.8773528244141895,0.2890979756782765,-0.023804141124526248,0.9512174506816032,-0.06385884101773115,-0.04546990643007732,0.6877435727683799,-0.2766552296810209,-0.03070525519163811
4.05,0.014258725733707062,0.47193015231662044,0.849103083597626,0.29226084566536575,-0.03126603947273305,0.8968195858583756,-0.16732256362063258,-0.05259776534340407,0.678080399681192,-0.1707463256418381,-0.03930409476981297
4.1,0.020644956612495415,0.478522486073923,0.8168746864345166,0.2933673876240774,-0.03596663385916701,0.8322396965692113,-0.2253766455550373,-0.05684334669682335,0.6680312163859292,-0.11359231055129594,-0.046171902117245193
4.15,0.027713997743224434,0.48514443386550155,0.7821897023861996,0.2930243819112588,-0.03676876265729904,0.7610783182932964,-0.2327456381055233,-0.05670645225645927,0.6574666523044501,-0.1100369834309009,-0.04979714659639275
4.2,0.03538068671345407,0.4917896829884009,0.7467145969087501,0.2925080781198915,-0.03380449043916297,0.6873913343970102,-0.18821347642331307,-0.05197993345753795,0.6462609321569807,-0.15950745661675128,-0.04978702365270607
4.25,0.043539321221406205,0.4984509005353801,0.7121721638757755,0.2932514377026145,-0.028406151882099148,0.6154392874056871,-0.09512478485875052,-0.043822839703708184,0.6343540870426256,-0.25647167931977194,-0.04690756269557989
4.3,0.05207026366553364,0.5051229896959532,0.6802380190007852,0.2962556228233122,-0.022662373523428026,0.5493913382263735,0.038463920821698805,-0.034431606072108524,0.6217900999811264,-0.3914149157775437,-0.04276608554633663
4.35,0.060849795432419564,0.5118052691677817,0.652441404596371,0.3016930801818772,-0.018740480308544846,0.4930143684628099,0.20020880934576651,-0.026418017127366675,0.6087328380825898,-0.5520162098598392,-0.03926772410248968
4.4,0.06976084334857918,0.5185015660237463,0.6300798327608075,0.30888008659518873,-0.01820362478261231,0.44938391526706517,0.37457771747578206,-0.02208487381685667,0.5954856157893681,-0.7242638600815635,-0.03797774910929887
4.45,0.07870190488152193,0.5252182784365946,0.6141589139324042,0.31661291660343494,-0.021537003722673982,0.4206661431230054,0.5445191812799984,-0.022787597434611354,0.5825035805982663,-0.8934403402104174,-0.03960304582426408
4.5,0.08759198298681672,0.5319613453661608,0.6053661676745028,0.3237051265158203,-0.028013257752716042,0.40800481278452255,0.6934253936243618,-0.028553303811379268,0.5703943191583133,-1.045028860138155,-0.04378286063270934
4.55,0.09637054787926935,0.5387334846458643,0.6040709742359701,0.3294849079851306,-0.03593092178286882,0.41151199813069955,0.8070233521189245,-0.03807764769589369,0.5599158915248059,-1.165643143391614,-0.049219104333001605
4.6,0.10499300531637269,0.5455329556286129,0.6103384489584954,0.33403029583135874,-0.04314885532412907,0.43034902157276456,0.8748474715481156,-0.04910283715831532,0.5519654306024271,-1.2440702680631803,-0.05408695572554605
4.65,0.11342334918056288,0.5523544310517536,0.6239462401397259,0.3380387615239974,-0.047748911354750984,0.4628705869517007,0.8910763647705702,-0.0590649059861537,0.5475321616064234,-1.272421748352375,-0.05662883796007828
4.7,0.12162644307942817,0.5591915362737022,0.6444004283057556,0.3424051178732917,-0.04862290128103577,0.50680044905757,0.8547160484019378,-0.06581768021673161,0.5476019154408854,-1.2472267226260174,-0.05574365507580118
4.75,0.12956245979931624,0.5660397859004724,0.6709495118798607,0.34772478777359933,-0.04580549674687308,0.5594237314251335,0.7692880086012456,-0.06821212224954272,0.5530444023986889,-1.1701652472083346,-0.051347450442338426
4.8,0.13718507870162377,0.5728985884270611,0.7026000430570046,0.35395604373668577,-0.040449744555883106,0.617782538931261,0.6422342970286612,-0.06636923777723806,0.5645048490000938,-1.0481827865612832,-0.04442058900794939
4.85,0.1444438220973118,0.5797714569351429,0.738151676739013,0.36039437453141837,-0.03445167261513944,0.6788634966661853,0.4842132021316503,-0.061575536139347124,0.5823071664259023,-0.8928745828526811,-0.03672489640385774
4.9,0.15128959689635837,0.5866643638391997,0.7762531178282346,0.36596848278111543,-0.029848379267731956,0.7397681689207029,0.30835914152885163,-0.05583769373620577,0.6063718174151341,-0.7191968332384082,-0.030273875842189036
4.95,0.15768143690317168,0.593583025018834,0.8154681288073048,0.36971997471393664,-0.028183005535007667,0.7978601410882435,0.1294664365966808,-0.05123796918537873,0.636156046224005,-0.5437262350177562,-0.026753314711242794
5.0,0.16359213848709606,0.6005303628774263,0.8543439220623666,0.3712480441823665,-0.030034261388039853,0.8508875743113788,-0.03700301564601726,-0.04928638255878471,0.6706316213951821,-0.3827989568488746,-0.02705408782784265
5.05,0.16901080801240329,0.6075052960447703,0.8914738230529563,0.3709167097928217,-0.03484750616622251,0.8970783358391597,-0.1761569465756019,-0.05046860351739928,0.708311577435617,-0.2508582459117156,-0.031031460537022625
5.1,0.17394120067490382,0.6145033850546411,0.9255475444775155,0.36973067428581413,-0.0411137345479023,0.9352020164007003,-0.2751152185350721,-0.05412539508304475,0.7473240103295298,-0.15923254064823447,-0.03756900112042369
5.15,0.1783961915614915,0.6215190420044897,0.9553939199887873,0.36893332375988674,-0.04685567270182647,0.9645943866715669,-0.32448640197647555,-0.05869143122630826,0.7855205301014404,-0.11541431181766518,-0.04492865319458248
5.2,0.18238997435421214,0.6285482807618623,0.9800187474533748,0.3695076145315202,-0.050269206524752676,0.9851433052821111,-0.31960134414349645,-0.062212175547930286,0.8206285192549011,-0.12276335499669473,-0.05125208640279484
5.25,0.1859300948692882,0.6355907172812703,0.9986339281816633,0.37180527939815505,-0.05029526870563694,0.997235692054347,-0.26121199078790963,-0.0629815907000743,0.8504434358768082,-0.1804826285645946,-0.05507043257649656
5.3,0.18901148403871612,0.6426498972942013,1.0106885872507183,0.37546810563229305,-0.04694707124495675,1.0016675598135165,-0.15546674544279895,-0.060111738361207735,0.8730183513659404,-0.28374153821790377,-0.05570203626727585
5.35,0.1916142246476754,0.649731816820523,1.0159058650913497,0.37966804290563627,-0.04129642709520535,0.999524657855655,-0.013148041969803365,-0.05385590494246373,0.8868277653454426,-0.4239208519440582,-0.05340324539714429
5.4,0.19370560183127086,0.6568423114417218,1.0143158263133971,0.3835492444994794,-0.03512167336476198,0.9920423152318014,0.15166369515593936,-0.04557986404819117,0.8908952133661496,-0.5890447806868698,-0.04923750046700461
5.45,0.1952457097832703,0.6639844536407348,1.0062677139602076,0.38667160811202694,-0.03033843049955378,0.9804511741135582,0.3232184611685842,-0.03739021913119555,0.884883893527952,-0.7644988038022705,-0.04471317399738766
5.5,0.19619497791891138,0.6711571342963482,0.9924095495622861,0.3892501147474242,-0.02839628241431242,0.9658313444139339,0.48571106021348104,-0.03153393531563581,0.8691374743226241,-0.9341402274411676,-0.041279436173540796
5.55,0.19652138727084373,0.6783555347171455,0.9736315975138468,0.39206914420273875,-0.029834114902991107,0.9490029128639086,0.6246423999330377,-0.029739598685395333,0.8446483422893427,-1.0818222517808826,-0.039861218031210094
5.6,0.1962053306596457,0.6855732760803682,0.9509880215635209,0.39610967411651365,-0.03412619638415538,0.9304688108068941,0.7278364401500627,-0.03269344968346774,0.8129698561443293,-1.1931609964519754,-0.04058609660382683
5.65,0.19524085364749147,0.6928052499049471,0.9256155003468829,0.4020630108898981,-0.03986262571579048,0.910418006075355,0.7861599224524831,-0.03981498218778721,0.7760989406784962,-1.2572407327157589,-0.04277978120828378
5.7,0.19363317027950594,0.7000498763368791,0.8986600735519086,0.40995100856606687,-0.04520785148034935,0.8887901639610085,0.794051971575369,-0.04940671370289642,0.7363195546552374,-1.2679444568845095,-0.04523417751320877
5.75,0.19139366165079075,0.707309722522748,0.8712294963550936,0.41903752621537416,-0.048481527305145135,0.8653960969645422,0.749959219092742,-0.05912704891709183,0.6960429250478171,-1.2246174494516358,-0.046628782359346393
5.8,0.1885341803219135,0.7145901378326515,0.8443749877895771,0.4280873567483265,-0.0486778386254045,0.8400664859460941,0.6566786514946419,-0.06664120764061132,0.6576868109698112,-1.13191506884035,-0.045973494998697254
5.85,0.18506262273424365,0.7218966284464635,0.8190898406122181,0.4358470736531198,-0.04576194739153916,0.8127924646617364,0.5214747285833292,-0.0702651790063323,0.6235412792792853,-0.9989876418714461,-0.042962198950414233
5.9,0.18098142172518078,0.7292322147400041,0.7963110247356001,0.44152956178664404,-0.0406554999168926,0.7838318168925232,0.35578658855197864,-0.06941225641113978,0.5956257375952637,-0.8382725620102176,-0.038087142827493065
5.95,0.17628956618778613,0.7365959651217572,0.7769096805850142,0.44509144302705916,-0.03493531479244252,0.7537589564007557,0.1743854551230734,-0.06471466877079694,0.57555497670067,-0.6641593124691836,-0.03249500323041742
6.0,0.17098766915031152,0.7439833614071218,0.761656849376655,0.4471850787390501,-0.03033049285398916,0.7234474292606176,-0.0060284455246791165,-0.057788254618689,0.5643999728952555,-0.49173834874100486,-0.027661798981623995
6.05,0.16508464144689278,0.7513882891623088,0.751162513663115,0.4488180368762471,-0.028165875686584265,0.6940053263077326,-0.16862853273514977,-0.05071526072073022,0.5625664796107551,-0.33571472125653024,-0.024966748384259017
6.1,0.1586039761535479,0.7588057435851422,0.7458058587247112,0.4508816287852574,-0.02896046540025487,0.666695129012724,-0.29837178301724393,-0.04540592568676527,0.5697284830798871,-0.20945476494179713,-0.025279832533561156
6.15,0.15158783569972917,0.7662340233207265,0.74568590866287,0.4537631715532351,-0.03229220599880969,0.6428473287501971,-0.3836705163107794,-0.04303301712101175,0.5848443455724694,-0.12407925367462129,-0.028687287308573582
6.2,0.1440977394582086,0.7736754188307988,0.7506072408699309,0.45721491638526424,-0.036945578820376204,0.6237821373062444,-0.4175347471293713,-0.04370845901337296,0.6062648067615792,-0.08754647472796483,-0.034437254898549874
6.25,0.13621157666971814,0.7811351094472754,0.7600983396948041,0.4605318146210028,-0.04129760084673932,0.6107489652261163,-0.39803971825609374,-0.04649056335412746,0.6319154453067303,-0.10377009092040743,-0.04112161767887046
6.3,0.12801771268399312,0.7886188119140102,0.773464639631531,0.46294589541477005,-0.043821402155223864,0.604866685396801,-0.3281572885525432,-0.0497220390321318,0.6595179069116515,-0.17193026333801953,-0.0470510519061891
6.35,0.11960776983767413,0.7961302896663749,0.7898675331380233,0.4640454217131068,-0.04354412888830008,0.6070423143072875,-0.21513393160773492,-0.05159519393697494,0.6868061559983563,-0.2861997004718877,-0.0507337429061721
6.4,0.11107003364351031,0.8036698258755977,0.8084043770468763,0.4640257019418912,-0.040327372628623986,0.6178668802017607,-0.0696235673082991,-0.050758340141440386,0.7117178243703581,-0.4360646227920569,-0.051305097123826734
6.45,0.10248521674969867,0.81123432376069,0.8281703146395706,0.463656350551758,-0.034904453886540364,0.6374937569939417,0.09525595314871976,-0.04678333487215501,0.7325541534720583,-0.6073005847857993,-0.04874870312017204
6.5,0.09392546645782822,0.8188189718168432,0.8482858397383365,0.4639761309811375,-0.028655640786769996,0.6655093670659195,0.2648611024696189,-0.04036038959988951,0.748077409363614,-0.7835061943213921,-0.04385648861265222
6.55,0.08545656496393442,0.8264196588597371,0.8679014044148688,0.4658581072405234,-0.023182314393906212,0.7008404994813052,0.42399024998068807,-0.033127186224994463,0.7575425687936872,-0.9479382267096971,-0.03796755568093207
6.6,0.0771422827201042,0.8340349820131717,0.8861993052835239,0.469648019185534,-0.019817145840940416,0.7417388133836749,0.557965790144732,-0.02717378965781604,0.7606948689485739,-1.0853159642897674,-0.0325526983123308
6.65,0.06904912395930156,0.8416669137892934,0.9024025554992944,0.4750400232656944,-0.019223879359261467,0.7858480540570157,0.6538693794047126,-0.024401476022678142,0.7577467582145506,-1.183303753834483,-0.02875473922748989
6.7,0.061246660572729476,0.8493198408272202,0.9158015640764181,0.4812408070957802,-0.021219240280607156,0.8303635818235314,0.7018572506570022,-0.025931621063514147,0.7493524945149025,-1.2334940816118307,-0.02705374760611657
6.75,0.053807791768107655,0.8569984528001146,0.925789029057037,0.48733959341851946,-0.024847360968504865,0.872262838646036,0.6963699075857032,-0.03172221142181756,0.7365627106079388,-1.231867309007522,-0.027167993419053446
6.8,0.04681206720063225,0.8647055031464889,0.9318922024936003,0.4927069724881753,-0.028659335510916588,0.9085677521573043,0.6369783788972504,-0.040500934294903444,0.7207283383600867,-1.1788338356014763,-0.028188936503820296
6.85,0.0403397297632522,0.8724405131135606,0.9338188742278658,0.49723426815792104,-0.031157664191907863,0.9366235251391569,0.5286235136504724,-0.05008415333680656,0.7033992567987806,-1.0790081984526978,-0.028910398696871936
6.9,0.03446183670801517,0.8802000259624692,0.9314895157965691,0.50130657632173,-0.03127624529140006,0.9543288081494768,0.38113627105142356,-0.05799743080418202,0.686210137472905,-0.9408226818156867,-0.028255878942449728
6.95,0.029233717474865525,0.8879792667787182,0.9250338001039855,0.5055328796873707,-0.028724258634027482,0.9602803981281168,0.20811031860057255,-0.06219949562723249,0.6707225092052874,-0.7759953407052782,-0.0256786488256461
7.0,0.024690989279296242,0.8957744014293366,0.9147704867783275,0.510371742615851,-0.024077369289491873,0.9538429193185677,0.02534280328372876,-0.06168945982901158,0.6582453883483492,-0.5987867387619208,-0.02140211078468189
7.05,0.020849307964805483,0.9035843261035379,0.9011794400212237,0.5158375846613673,-0.018595723731656445,0.9351574852939392,-0.1508647164760118,-0.05679838590278415,0.6496804857694208,-0.4249610301209005,-0.016399236273862004
7.1,0.01770791376659654,0.9114111287303718,0.8848667654694674,0.5214350010720215,-0.013836016451417342,0.9051127111111524,-0.3052603640559043,-0.049063077001576846,0.6454235938566262,-0.2704234417368682,-0.01210058769633719
7.15,0.015258826614628223,0.9192590186148948,0.8665239550754459,0.5263554220331282,-0.011159035436992152,0.8652837784202744,-0.4248788143548068,-0.040718014712357996,0.6453292685784132,-0.14962657865641407,-0.009930378076926052
7.2,0.013493920586502069,0.9271322466267221,0.8469035541683376,0.529844177574836,-0.011303178682245401,0.8178573110681481,-0.4999251383023459,-0.033997153995747015,0.648765520577844,-0.07396213012879202,-0.010848892480186308
7.25,0.012404293635054454,0.9350330001655898,0.8268123221309783,0.5315660425666914,-0.01417716241952692,0.7655442426458517,-0.5243641790596336,-0.030476801809019367,0.6547512858979734,-0.05042546952463121,-0.015026766720685977
7.3,0.011983454498992565,0.9429602827415146,0.8070793823637883,0.531794063456737,-0.018889887470558118,0.7114368387405621,-0.4963019431743219,-0.03062284455852466,0.6621101672384652,-0.0808183179126036,-0.02171695967481238
7.35,0.012229465468220785,0.9509103249507961,0.7885099882216461,0.531326681280749,-0.0240216221056271,0.658814258315808,-0.4182062466538521,-0.03370077493409559,0.66962099479649,-0.16164015173730717,-0.02940700089781446
7.4,0.013141108439698226,0.9588783399689468,0.7718453429423275,0.5311675993017101,-0.028068739010272053,0.6109115279891933,-0.29692827381193576,-0.03808370953517049,0.6761529674886764,-0.2846529933315164,-0.036240320728102425
7.45,0.014712411358029271,0.9668607873528102,0.7577286219753322,0.5321156640368996,-0.029908194935690566,0.5706678361750709,-0.1434026561078921,-0.04184089953932223,0.6807628491928999,-0.4379533081596917,-0.04056970291461655
7.5,0.016927518629502893,0.9748570780691312,0.746682143069105,0.5344519214291971,-0.0291367517254743,0.5404786514043479,0.028100046177040646,-0.043429547451348575,0.6827659882045384,-0.6073018724026553,-0.04145594843289715
7.55,0.0197578496948091,0.9828699211821676,0.7390973850174745,0.5378648781077064,-0.02618266193109056,0.5219832367600273,0.201207557140939,-0.04225576299114297,0.6818106749652225,-0.7774706590291308,-0.03894271735156853
7.6,0.023162771290489294,0.9909041246868996,0.7352398746439207,0.5416472156055434,-0.022158350641389855,0.5159429424400944,0.35908257137676414,-0.03887501739285625,0.6779456460412839,-0.9334564118692841,-0.03402624860573759
7.65,0.02709368620360295,0.9989643597686024,0.7352661011268468,0.5450744705765846,-0.01850109372537495,0.5222256953248967,0.4862543242223061,-0.03478132449916302,0.6716358702482984,-1.061529844123908,-0.02831602217472474
7.7,0.0315002957344744,1.0070529262767907,0.7392321471102868,0.5477856410109903,-0.01651332174331955,0.539867784517227,0.5703354697201624,-0.031899736068405786,0.6637222460448758,-1.1501717508696387,-0.023504182548944413
7.75,0.036337157239253355,1.0151685816702545,0.7470847561685524,0.5499813042169487,-0.016948431612918938,0.5672016622823425,0.6033176870149207,-0.031933162300802315,0.655347951568877,-1.1909526356246591,-0.02084435431021908
7.8,0.0415685281101805,1.0233069872241063,0.7586458930569616,0.5523425491146156,-0.019776991612122395,0.6020344779384245,0.5822501504928977,-0.03576206222362617,0.6478602739795472,-1.1793544969684666,-0.020777142933377617
7.85,0.047169915526705374,1.031462601603398,0.7735965255297071,0.5557025541459586,-0.024208375102412024,0.6418427066959614,0.5092579696832836,-0.04310973034840241,0.6426894750478831,-1.115439037650497,-0.022818631633130002
7.9,0.05312580743617306,1.0396311786993464,0.7914665025289386,0.5606194155330373,-0.02895558388381808,0.683968427303636,0.39101332215482687,-0.0525818135544983,0.6412052364706511,-1.0041868465310049,-0.0257684419026753
7.95,0.05942435449637481,1.0478117335085417,0.8116439350132129,0.5670484777315621,-0.03264981147840244,0.7258143106710933,0.23786070336483617,-0.062055782480037514,0.6445578674117208,-0.8553182940044379,-0.02816843030469811
8.0,0.06605070053954888,1.056007071204969,0.8334088165550776,0.5742710459725678,-0.03427346115633413,0.7650197588992683,0.06280089186923377,-0.06930308966090563,0.6535294328413561,-0.6824843223825162,-0.028845948373403537
8.05,0.0729810263995592,1.0642226303884488,0.8559827434848744,0.5811210176574949,-0.033482258375873125,0.7996077364493139,-0.11953327066462485,-0.07265292988591915,0.6684251654701852,-0.5018676068319863,-0.027363486929183414
8.1,0.08017912386471152,1.0724641386828184,0.8785894493539972,0.5864195466683095,-0.03070601294089359,0.8281028351890778,-0.29388314169472285,-0.0714872106700267,0.6890123636428769,-0.3303935489275661,-0.024217326743295645
8.15,0.08759649823772682,1.080735097683541,0.9005168693881762,0.5894357502868197,-0.026989407379400702,0.8496145089014366,-0.44540205320998666,-0.06640818180577433,0.7145043417056566,-0.18385286009145052,-0.02068972294457928
8.2,0.09517586431311206,1.0890352410227686,0.9211609077798524,0.5901695632726641,-0.023643683147347105,0.863872509483217,-0.5607892165464841,-0.059027848989858654,0.743606414523781,-0.07525716721691512,-0.018420499213098553
8.25,0.10285675889795884,1.0973606714572852,0.9400390465947609,0.5893323512847783,-0.02182838938534907,0.8712080392293543,-0.6295154369003476,-0.0514550819156192,0.774622090781363,-0.013672974159286632,-0.01884734534581594
8.3,0.11058133612515687,1.105705618869578,0.9567775048792424,0.5880359355688392,-0.022191147684411532,0.8724831619121209,-0.6450214585831993,-0.045652794632429564,0.8055973924734819,-0.003635222103874893,-0.022687257734541597
8.35,0.11829844992402688,1.1140650559034857,0.971085627169036,0.5873251251981699,-0.02467665273940851,0.8689725520384327,-0.6056751559717947,-0.04286629271303183,0.8344866611503488,-0.0450915172799544,-0.02963757101867784
8.4,0.1259647328734472,1.1224370131450399,0.9827328176839991,0.587758952906053,-0.028562875548146575,0.8622072482355687,-0.5152399735022017,-0.04330401575935867,0.8593258564710256,-0.13372525506680227,-0.03840739972680038
8.45,0.13354239132814105,1.1308235494663454,0.9915281042739718,0.5892243651570264,-0.03271523930540641,0.8537963192234368,-0.382668855061314,-0.04617291620617448,0.8783993017463677,-0.2614838121531144,-0.047072111014008086
8.5,0.14099454464304004,1.1392299296384902,0.9973236720785105,0.5910622280911634,-0.03596461629830729,0.8452497208664846,-0.221183071445012,-0.05003286258644218,0.890385176297895,-0.41719801943077567,-0.05362701134993203
8.55,0.14827978251659035,1.147662359472135,1.0000659682762487,0.5924462028764406,-0.037470398269488586,0.8378231821468545,-0.04676670974904721,-0.05333569969238271,0.8944744813087808,-0.5872837906602236,-0.05657480645038697
8.6,0.1553478722126863,1.1561252965570672,0.9998472603591965,0.592835631063932,-0.036968209385856654,0.8323930455792763,0.1236480810237591,-0.05497497765369538,0.8904594233539176,-0.7566043878326292,-0.055384998275104375
8.65,0.1621381322714068,1.1646195285213203,0.9969288280923808,0.5922937587840486,-0.03483455029063495,0.829379964929091,0.2739771415838746,-0.05465967483048635,0.8787751924519349,-0.9095812305545723,-0.05065735966678049
8.7,0.16858116102510726,1.1731418497934718,0.9917363521112725,0.591526503368891,-0.03194725885004493,0.8287352297712126,0.3904845532973633,-0.05298402587851923,0.8604849414598299,-1.0315668990171565,-0.043922872752306906
8.75,0.17460359008448598,1.1816864701242065,0.9848224505329253,0.5916197177545658,-0.029393825937640637,0.8299783048506661,0.46283421821181353,-0.05118692249746395,0.8371904689746432,-1.1103746780946007,-0.037157617844715454
8.8,0.1801345343485198,1.190247510561334,0.9768039356677274,0.5935897009945666,-0.028125380738656138,0.832277197963767,0.48468850745144226,-0.05068916164822646,0.8108825548798023,-1.1377340277532968,-0.03216945080129014
8.85,0.18511183646738494,1.1988214735803129,0.9682856026607046,0.5979437660695094,-0.0286683584733726,0.834565227729185,0.45395346361798733,-0.05256663501116115,0.7837763334009801,-1.1103812916761957,-0.030060155835372634
8.9,0.18948641014033285,1.2074086261552763,0.9597998891164754,0.604440355299675,-0.030976036096605025,0.835680660001786,0.37279127607455476,-0.057140802096927956,0.7581414432742385,-1.0305419894683518,-0.030933373789457316
8.95,0.19322363354618302,1.2160127110264252,0.9517893833174054,0.6121534772382775,-0.034450573760337895,0.8345205640996519,0.24747565128883026,-0.06382071101820327,0.7361233508474045,-0.9056831046952971,-0.03393212334061048
9.0,0.19630154084880802,1.2246391227041766,0.9446132819642733,0.6198143765788723,-0.038132502401414164,0.8301949641096223,0.08808175435899795,-0.07124326788806244,0.719577553124791,-0.7475764677487788,-0.037563905022555986
9.05,0.1987065540416003,1.2332924013272266,0.9385658876605,0.6262784186445096,-0.04100248470055936,0.8221558004761648,-0.09208039964953213,-0.07767118752204176,0.7099274412942447,-0.5708777749881345,-0.040217356556997076
9.1,0.20042841213172377,1.2419742041270307,0.933900953164002,0.630912844895238,-0.04229552098400767,0.8102795378822523,-0.27739710959377917,-0.08151545285139218,0.7080374006582087,-0.39151513827218504,-0.040738439185012014
9.15,0.20145616146206097,1.2506826326436868,0.9308464252466344,0.6337477364149913,-0.04172975584488663,0.7948978792557555,-0.45128219859630503,-0.08181030762983296,0.7141225536324984,-0.2251567065281214,-0.03883891411374641
9.2,0.20177653739068172,1.2594131546733929,0.9295998452337194,0.6353429779454473,-0.03958094468464444,0.7767824081412308,-0.5978171780170366,-0.07849683704588899,0.7277156234573947,-0.08592552773335191,-0.035189004365014404
9.25,0.20137531494898306,1.2681606623075712,0.9303009054160898,0.6364485024606795,-0.03658454609972837,0.7570905078741573,-0.7034843054522076,-0.0724277886066458,0.7476974995641004,0.01459093606155135,-0.031183350975538177
9.3,0.20024122123683644,1.2769217362110046,0.9329965625160361,0.6376191636346034,-0.03371027922946576,0.7372786699089824,-0.7587055652887581,-0.06508974187657492,0.7723941954688276,0.06807836328710096,-0.02846165189307687
9.35,0.19837114997848448,1.285696110096825,0.9376160765108477,0.6389585875363885,-0.03186771782299358,0.7189914195259042,-0.758907752905732,-0.05813972597571282,0.7997311523545094,0.07005257951025765,-0.028337967400585806
9.4,0.19577492755148773,1.2944866978994445,0.9439598255269521,0.6401052055475752,-0.03161569769233513,0.7039322203876452,-0.704930479366771,-0.052925399135193396,0.8274232814410284,0.020272718128951345,-0.03132927839447594
9.45,0.1924779395733255,1.3032982277803722,0.9517097015780085,0.6404570023140156,-0.03298642054770026,0.6937176501263433,-0.6027536567586028,-0.05013373364717145,0.8531838740087231,-0.07703759100358941,-0.03693917562894012
9.5,0.18852076663575912,1.3121351477594585,0.9604616057523617,0.6395208008589933,-0.03548496990601811,0.6897231402705772,-0.4626643080092684,-0.04965368943102149,0.8749353600881704,-0.2132786943559906,-0.04376111864820021
9.55,0.183955983280308,1.3209997838547967,0.9697686911009987,0.6372161900620065,-0.03825269235120186,0.6929295125471991,-0.29807842612467395,-0.05069856437287252,0.8909850472321698,-0.3760012055599543,-0.04987803284362045
9.6,0.1788429336559848,1.329891562553786,0.9791833973015303,0.63399228279006,-0.040340049727301173,0.7037850321897137,-0.1242387657774967,-0.052140295241797675,0.9001421268881755,-0.5499345145101322,-0.05344153413471612
9.65,0.1732419603550093,1.3388075706926295,0.9882947294400916,0.6307091833448395,-0.04099864739255195,0.7220932768700219,0.04306578236392171,-0.05293361119070115,0.9017843747185857,-0.7184604178164573,-0.05324219952270909
9.7,0.16720975613323197,1.3477441343715375,0.9967488906226123,0.6283380828668843,-0.039899971983118176,0.7469433125679252,0.1886903229855932,-0.05249553220793628,0.8958860174356824,-0.8653497383648816,-0.04908230248192569
9.75,0.1607971415588935,1.356698643001177,1.0042447227248714,0.6276141200466996,-0.03722890549408457,0.7767224934817587,0.2992400940092554,-0.05090602218610133,0.8829980248172894,-0.9764949985703878,-0.041830435982809465
9.8,0.1540497789162505,1.3656707519397178,1.0105277628018077,0.628799221544592,-0.033630217771804194,0.8092174261301368,0.3641197368831116,-0.04885545614362385,0.8641819426397264,-1.041359506837575,-0.03315011097125651
9.85,0.14701127255004967,1.3746624125958318,1.01539181097836,0.6316545213260002,-0.03000982604863157,0.8417939990652552,0.3765078303922258,-0.04735564274302321,0.8409255586938305,-1.0539324174689435,-0.024988925321634048
9.9,0.1397273102811866,1.3836767569576922,1.0186841117533707,0.6356188861358171,-0.027251874035718503,0.8716534115887365,0.33415973129249416,-0.047318340339092525,0.8150509916919173,-1.013108824306507,-0.018995744344653533
9.95,0.1322492597519915,1.392716433535397,1.0203139964252088,0.6400934889780635,-0.02594557950581439,0.8961121581216249,0.2398735415098217,-0.04916846907289274,0.7885845869229156,-0.9225488856577405,-0.016068745297363855
10.0,0.12463583994195623,1.4017822202004215,1.0202606952327777,0.6446912431504513,-0.026209999606447505,0.9128432035910827,0.10145484306816836,-0.052643254507998324,0.7635850973365169,-0.7901469724858308,-0.016155226662341374
10.05,0.11695216811688587,1.4108725922309788,1.0185737011383418,0.649332501563669,-0.02767245579903253,0.9200686435777183,-0.06892084182084005,-0.056842405438749494,0.7419572268311838,-0.6272536587129264,-0.01834678702910495
10.1,0.1092664391408697,1.4199844502722054,1.0153597580231657,0.6541477452073574,-0.029589061342466985,0.9166983282961565,-0.2559179384950907,-0.0604935950388051,0.7252587075672964,-0.447750783099036,-0.021247681964238395
10.15,0.10164515524839655,1.4291146269575918,1.0107641303249468,0.6592510165165206,-0.031066695042530054,0.9023945060440217,-0.44265454423230555,-0.062338448916590745,0.7145217164034181,-0.2670119047090191,-0.02348694161155696
10.2,0.09414836090501913,1.4382614296468825,1.0049613726886881,0.6645126437561084,-0.03135123075204895,0.8775712802880751,-0.6124629701321986,-0.06152190929108896,0.7101292191535797,-0.10073643038993596,-0.024187266061698742
10.25,0.08682645263308299,1.4474254665719055,0.9981533800944633,0.6694568008804312,-0.030084515893151854,0.8433609512226222,-0.7505253960798756,-0.05785528328939481,0.7117738684558628,0.03634982657668723,-0.023241516120172594
10.3,0.07971941495211746,1.4566093382380014,0.9905699948311584,0.6733491864497259,-0.027421717001561298,0.8015625006692694,-0.8451762841865891,-0.05187244942766856,0.7185088684916774,0.1318723417251891,-0.02131553905460779
10.35,0.07285864174563111,1.4658163447454404,0.9824721633689809,0.6754457013384106,-0.02397442827430376,0.7545630694120155,-0.8887752003236127,-0.04466958253730813,0.728887051666099,0.177118414706624,-0.019581978709942213
10.4,0.06627073975247337,1.4750488340649748,0.9741485948837657,0.6752922886011924,-0.020613382649962195,0.7052115451920958,-0.8781615992964494,-0.03757006988922924,0.7411550527833417,0.16807037643299996,-0.01927267220782589
10.45,0.05998203481783252,1.4843069878494708,0.9658937728151861,0.6729371907746514,-0.01820273761194772,0.6566346532269824,-0.8147646892530422,-0.03173539455889889,0.7534641821845455,0.10595174698170277,-0.021196176347082957
10.5,0.05402233703848061,1.4935886561427065,0.9579833377491123,0.6689511496101468,-0.0173287054889614,0.6120005268114336,-0.7044473581666291,-0.02787019823646328,0.7640719362896939,-0.0028497335262390434,-0.025403890875609552
10.55,0.048426831546479004,1.5028903546144188,0.9506640170208382,0.6642386630073326,-0.018119219377339672,0.5742534942703055,-0.5571194062814757,-0.026090955269824644,0.7715027994820688,-0.14749874675144703,-0.031128419342928575
10.6,0.043235564290880095,1.5122089565179975,0.9441356887688116,0.6597210304507803,-0.020226684807815625,0.5458494894202743,-0.38608976590339944,-0.025975380868798303,0.7746571689765965,-0.31393936968117503,-0.03700401140886987
10.65,0.03849071134489673,1.5215432704125353,0.9385351273685439,0.6560302466043824,-0.02294020380145389,0.5285246485836456,-0.20710103023005014,-0.026786429304857504,0.7728785258468791,-0.4863994221914857,-0.041486882122402674
10.7,0.03423267595560617,1.5308947382580116,0.9339412851049514,0.6533509340464222,-0.025391456853315626,0.5231346337437989,-0.03701904183342252,-0.02778847703730337,0.7659887259321112,-0.6489252022130145,-0.043335600306683465
10.75,0.030496399737701695,1.5402668978348724,0.9303906041091372,0.6514781902354138,-0.02681729126611211,0.5295740142098416,0.10775575788161572,-0.02853328126467206,0.7543018292659049,-0.7867574881516817,-0.04199366417437964
10.8,0.02730905306757577,1.5496638171928527,0.9278946675900169,0.6500564529500032,-0.026793524214130407,0.5467951742579715,0.21298554374488807,-0.029000665640604315,0.7386193358404881,-0.8874529816193963,-0.03774442026080481
10.85,0.024689708276922757,1.5590881946578612,0.9264562240550247,0.6488792137625707,-0.025358363202211916,0.5729426539242001,0.26815873105891613,-0.029552136478081806,0.7202012180791263,-0.9417461590441891,-0.031599702423115945
10.9,0.02265091769656895,1.5685400206343332,0.9260841480053084,0.6480960228294458,-0.02298877017487859,0.6055732003884795,0.2676483219784815,-0.030725775992232217,0.7007098979970667,-0.9441979794694557,-0.024977311881439056
10.95,0.021201523682081398,1.5780164510693293,0.9268007438444995,0.6482159923569579,-0.020446782080675612,0.6419117750128553,0.21126062170369017,-0.03295425828698428,0.6821045280603153,-0.893663155550866,-0.019279694609517856
11.0,0.02034964514961524,1.5875129669329233,0.9286253586630404,0.6498972932658492,-0.018538238222750147,0.679098134245114,0.10411341292986855,-0.03632394633337008,0.6664630794494111,-0.793547364637981,-0.015511923099340375
11.05,0.020104693058466593,1.5970253466266167,0.9315421980760805,0.6536086205361247,-0.017858108937031145,0.7144051861579732,-0.044084544083287366,-0.04046431012799078,0.6557598311159684,-0.6517743784608993,-0.014049262796457638
11.1,0.02047767126085844,1.6065516015743608,0.9354730297030064,0.6593136636488892,-0.018614985300788253,0.7454213256679825,-0.22017745896424243,-0.044608935363365305,0.6516371825076742,-0.48034749726086595,-0.01461564260638022
11.15,0.02147970816197852,1.6160929586290438,0.9402660137824912,0.6663361922943009,-0.020586297779424095,0.7701970299446497,-0.40889546060871,-0.04780520233716581,0.6552014314317256,-0.29440999504187015,-0.01646550302319292
11.2,0.023119257800769125,1.6256534177530362,0.9457011946101793,0.6734822362505973,-0.023212014000203913,0.7873633908367472,-0.5941832875915191,-0.04919670806500082,0.6668694682304807,-0.11082428733181811,-0.018697703532600335
11.25,0.025398845120319414,1.6352380585937145,0.9515082678381941,0.6793840787502626,-0.025788253093328165,0.796219613112446,-0.7604248018356682,-0.048287090694649995,0.6862962579967272,0.05358212439188017,-0.020589738389685985
11.3,0.02831241395263004,1.644850815801854,0.9573983793063688,0.682936983533821,-0.027679834210999753,0.7967854312101923,-0.8935509357072267,-0.04509642595522033,0.7123974298878883,0.18384891819559301,-0.021830916151509432
11.35,0.03184399301733151,1.654492726397916,0.9631051631175412,0.6836472284953916,-0.028495058558740113,0.7898044833822667,-0.982069866547754,-0.0401567494608244,0.7434585561717904,0.26848719261210596,-0.022576630223617025
11.4,0.0359679333768523,1.66416146380816,0.9684142571244433,0.6817431754865368,-0.028189734167817778,0.7766871105767534,-1.0180401372783698,-0.034355738402281844,0.7773142417890173,0.3005971077328415,-0.023327364980013518
11.45,0.0406505298512827,1.6738523872790345,0.9731684359465991,0.6780073782451829,-0.02706704188066951,0.7593934204727503,-0.9979313045123599,-0.02868746968118431,0.8115735304469525,0.27836408894104875,-0.024681744249343034
11.5,0.04585245556843611,1.6835606448762717,0.9772542005816186,0.6734104946223696,-0.025672137647422627,0.7402536599368488,-0.9232308607494238,-0.02399195316207304,0.8438477248617349,0.20494655324403838,-0.027057596348942715
11.55,0.0515312246016899,1.6932834085036268,0.9805835283348969,0.6687096607853843,-0.024617023325642334,0.7217304906045772,-0.800624151965024,-0.02076954356934597,0.8719510839730703,0.08788794102867203,-0.03049086833770165
11.6,0.05764297309735809,1.7030212662547204,0.983084016282998,0.6641854078288995,-0.024388229287093027,0.706150084341671,-0.6415987143846882,-0.019134405877132037,0.8940698529948452,-0.06175735283896825,-0.03457811177205669
11.65,0.06414316945888465,1.7127781251143726,0.9846986705451813,0.659631998409756,-0.02520205463398178,0.6954389135147743,-0.4614117531808806,-0.018901019143764446,0.9088949932658983,-0.2304160800163643,-0.038576295694279165
11.7,0.07098621446581253,1.7225596541792147,0.9853964353734738,0.6545970189285378,-0.026956227729404127,0.6909120041389974,-0.2775187906022194,-0.019744368252879643,0.9157166682235367,-0.40301854837482126,-0.04162215549117506
11.75,0.07812431966370033,1.7323709203671267,0.9852021235207185,0.6487564537818759,-0.02928188025176602,0.6931415492207434,-0.10768614624902828,-0.021366627868968133,0.9144821321687132,-0.5640427975442162,-0.04299194757433693
11.8,0.08550630481419555,1.7422142222113535,0.9842270792334982,0.6422484558941133,-0.03166532212174001,0.7019044837620413,0.031907376042953385,-0.023614763860469137,0.905811747298439,-0.6986237998733151,-0.04232119621510042
11.85,0.09307689755142594,1.7520881052185033,0.9826776362441317,0.6357982538232253,-0.03359714785603971,0.7162178341502199,0.12827148864236257,-0.026503585080898583,0.8909667707113625,-0.7937658312518042,-0.039721821732330326
11.9,0.10077688797695954,1.7619880125400043,0.9808404832420808,0.6305600479753615,-0.03471779206548904,0.7344678346646458,0.17270149970551096,-0.03013399558012762,0.8717653350803864,-0.839612664155647,-0.035751674746454944
11.95,0.10854417658677534,1.7719082731629938,0.9790481557031739,0.6277320352811221,-0.03491802081550199,0.7546142258622937,0.161309470109259,-0.034540419139888125,0.850446264697173,-0.8306182209193491,-0.03124916179975416
12.0,0.1163154369275539,1.7818445124243683,0.9776346096938718,0.6281095704905562,-0.03435931159251951,0.7744181121375091,0.09506960742130931,-0.03955375214841936,0.8294896202825971,-0.7663809068061015,-0.027102570312226473
12.05,0.12402793969088287,1.7917954392248654,0.9768901901635388,0.6317617963336024,-0.03342319652618946,0.7916717233250449,-0.020483176236929895,-0.044753951644156784,0.8114022853699927,-0.6519229570762373,-0.024031830797407096
12.1,0.13162106998737005,1.8017633030726077,0.977027450202301,0.6379591893417006,-0.032603736453088845,0.8044278724996734,-0.17579586616924842,-0.04951058356007975,0.7984827601317708,-0.49730043957346537,-0.022450008903169068
12.15,0.1390372256460954,1.8117528197109851,0.9781738874834209,0.6453889480620275,-0.03236059635156309,0.8111766173839823,-0.35800595178325845,-0.05313120192724636,0.7925940023729794,-0.3165506957840671,-0.022431364854300084
12.2,0.14622211349658287,1.8217690234211488,0.9803855682684713,0.6525752322254479,-0.032985196158848526,0.8109699004792215,-0.5518042279111703,-0.05507015458191537,0.7949714599165753,-0.12613013677111604,-0.02377295321417209
12.25,0.15312470445075854,1.8318150289241488,0.9836642967098068,0.658327377654494,-0.034514488112548605,0.8035183357737158,-0.7405150901447453,-0.05507928792854162,0.8060933252978254,0.05688037951021344,-0.026116834435231436
12.3,0.1596969833370307,1.8418907051537645,0.9879716010020451,0.6620340685458508,-0.036716130141984486,0.789234782860743,-0.9074306585390313,-0.05326976106575971,0.8256307622505796,0.21650189311823198,-0.02908077744469352
12.35,0.1658936450379842,1.85199284153009,0.9932362893544642,0.6636949860027002,-0.03916318412093179,0.7692140654794677,-1.0373525211143266,-0.05007905261858058,0.8524694571071243,0.33927906402515884,-0.032363999110716
12.4,0.1716720407939765,1.8621167052180958,0.9993492695054375,0.6637018533932479,-0.04137068961855953,0.7451592010407151,-1.1181871223129456,-0.04614690184021031,0.8848012227550133,0.4152834649202756,-0.035804266858644865
12.45,0.17699250247901152,1.872258236087081,1.0061572656067166,0.6624970815867591,-0.04293463144883567,0.719248433246956,-1.1423432614207027,-0.042151566317600316,0.9202932202500855,0.4387154554730867,-0.03935571200415715
12.5,0.1818189750357686,1.8824159036674084,1.0134570856776808,0.6602760880239913,-0.04363253222130351,0.6939657559018806,-1.1076736291775389,-0.03862108059659795,0.956314392703458,0.4081859255981317,-0.04300972063605189
12.55,0.18611967068825586,1.892591437222795,1.0209894421895185,0.6568646557139156,-0.043473679739244805,0.6719186124547466,-1.0177710215549094,-0.03577550040987609,0.9901854458581092,0.32675599318421,-0.04670488818595073
12.6,0.18986739000727376,1.9027891444168894,1.02845108390784,0.6518260542044265,-0.04268694041339463,0.6556231511957487,-0.8815540140806937,-0.03351982788317459,1.0194234235718203,0.2017656269570254,-0.0502589025189979
12.65,0.1930395843038485,1.9130141756278685,1.0355265705766303,0.6447451396276767,-0.04164915544438355,0.6472721604839107,-0.7122414167928743,-0.03156772558178013,1.041957312308994,0.04441806070548524,-0.053357815396986384
12.7,0.195618183006346,1.9232705121740519,1.0419275857097545,0.6355521060824109,-0.04077439067605779,0.6484909422074169,-0.52592051537238,-0.02965248294791226,1.0562985719371,-0.13095525503534153,-0.05561883127810405
12.75,0.19758929505893072,1.93355948772726,1.0474312389625928,0.6247384118330891,-0.040385974674016584,0.6601108760997363,-0.3399172052399816,-0.027748127080157416,1.0616567645092432,-0.30799647316899537,-0.056693276727790023
12.8,0.1989431743339853,1.943879431835,1.0519006379869666,0.6133640337229013,-0.04061332065740373,0.6820147113334482,-0.17118575385276003,-0.026156919819550296,1.057986642104224,-0.46976452999296137,-0.056369630285230864
12.85,0.19967445709548,1.95422662040841,1.0552835321311111,0.6028272237177479,-0.041359594306384195,0.713086907380134,-0.0349142859770741,-0.02543709180900409,1.0459660268237936,-0.6004107598217626,-0.05465078494414324
12.9,0.1997825614964027,1.9645970643740591,1.0575980586430453,0.5944832248399372,-0.04234229945645549,0.7512806704973771,0.05660333603009635,-0.026213056529770084,1.0269215730414485,-0.6868702756051861,-0.05175702675096399
12.95,0.19927211007845574,1.9749882988601566,1.0589102128714738,0.589268075626193,-0.04318337608615744,0.7937875596815304,0.09485384262474342,-0.02893640356003958,1.002718970028422,-0.7202968887463271,-0.04805867728976384
13.0,0.19815321538470526,1.9854004217274581,1.0593157551958037,0.5874651562883803,-0.04352164010829683,0.8372986321352767,0.07575098811117081,-0.03367336561649068,0.9756230354155335,-0.6970038749851497,-0.04397782091288914
13.05,0.19644153001389586,1.9958359274164688,1.0589312930027248,0.5887004047469373,-0.0431222369300628,0.8783250500456423,4.5715075093402625e-05,-0.039972031998496714,0.9481212119072283,-0.6187663157563627,-0.03988805731472563
13.1,0.19415771680958116,2.0062984080418267,1.0578928481601715,0.5921610851754463,-0.04196153392508307,0.9135332303681244,-0.12652714438325746,-0.04687000371686103,0.9227205937129889,-0.49247509582211135,-0.03607097205619152
13.15,0.19132631519188992,2.0167907615682195,1.0563667321195496,0.5969241813713535,-0.04023393379970173,0.9400664003575534,-0.2934844443463933,-0.05307017058554191,0.9017432852621177,-0.3292643788001082,-0.03272042086298536
13.2,0.18797438061550242,2.027313770695197,1.0545587715756226,0.6022399528905081,-0.03827510121546875,0.9557848076563001,-0.4863220691256794,-0.05725430275590231,0.887138354837166,-0.143311219334604,-0.029953865429017207
13.25,0.18413011008314598,2.0378657792913457,1.0527021398431196,0.6076430698966583,-0.036472495888496916,0.9594040712621342,-0.6877777829919174,-0.05845427441851712,0.880285368537753,0.04948064141499723,-0.027859775086126283
13.3,0.17982183694120707,2.0484435843859625,1.0510280169918396,0.6128661456338882,-0.035178572356492216,0.9505580979640167,-0.8795310612101631,-0.05634907607108331,0.8818041257019708,0.23277848532921677,-0.026577965389927814
13.35,0.17507793369634034,2.0590440243694452,1.0497326188427794,0.6176388771103272,-0.03461968886026283,0.9297941568146951,-1.0441003873514831,-0.051371697074379795,0.8914481723107761,0.3910609092309619,-0.026315347144045497
13.4,0.16992770710299115,2.06966546362973,1.0489517501310515,0.6215043316476684,-0.034828796960589666,0.8985208782086358,-1.1666447249004555,-0.044575676205262975,0.9081146211695821,0.5108101089418277,-0.02727067359449744
13.45,0.1644028595960863,2.0803084979520823,1.0487479223085223,0.6237625985129576,-0.035634203553302025,0.8589156550646154,-1.2364105682964999,-0.03731940866717005,0.9299573611988639,0.5816451691230281,-0.029527630675395836
13.5,0.15853895065639972,2.090975593474906,1.0491058093913843,0.6235854596794435,-0.03670152041099752,0.8137827576979313,-1.247654666178763,-0.030883879237998693,0.9545909941389744,0.5973329678423136,-0.03296295026699979
13.55,0.15237633793334407,2.1016698656975383,1.0499391270818976,0.6202628459066591,-0.03761878354721595,0.7663661440546792,-1.1999909011327305,-0.026132309208381554,0.979362412717451,0.5565496571060707,-0.037189623355823785
13.6,0.14596022448218304,2.1123936140860384,1.0511105468528943,0.613473169197929,-0.03801534322141056,0.7201233589618585,-1.0982218888448179,-0.023309394420744766,1.001638012021132,0.46322533617269496,-0.041569845214612315
13.65,0.13933963708689043,2.1231473118118074,1.0524564532977956,0.6034546226209819,-0.037669535298664854,0.6784637896045497,-0.9517717611885819,-0.022049628587708776,1.0190635253070544,0.32634057199673594,-0.04532711677876759
13.7,0.13256558258469725,2.1339295032580887,1.0538112701996063,0.5909986049446939,-0.03656348073578653,0.6444600404846311,-0.7738327331041909,-0.021596443839161754,1.02977881427812,0.15913138389319806,-0.04772315584782396
13.75,0.1256889608634686,2.144737642778924,1.0550256432026237,0.5772614401226455,-0.034878241913410934,0.6205616009050408,-0.5803089224629819,-0.021147209913179924,1.0325658600054741,-0.02222923379863464,-0.04824377221732365
13.8,0.11875891404906685,2.1555694707543136,1.0559764262418074,0.5634673558138374,-0.032936633556835994,0.6083499123436885,-0.3886022116923498,-0.020195404149549814,1.026921500861321,-0.20029783990695682,-0.046743168036811035
13.85,0.11182217037471273,2.1664242208127114,1.0565709997060018,0.5506286287280414,-0.031106433262249236,0.608369142889216,-0.21623058828517217,-0.01875795080911903,1.0130717199297838,-0.3581223508394216,-0.04349263850788388
13.9,0.10492363148129961,2.1773030368467685,1.0567483160139333,0.5393971821613375,-0.02969085034264964,0.6200690074371578,-0.07930781486666247,-0.01739910639180135,0.9919461411641317,-0.48084425250418644,-0.03910032131581551
13.95,0.09810804448585914,2.188208393314091,1.0564821695980868,0.5300896765966067,-0.028848514441649452,0.6418707922611435,0.009002021989737638,-0.01702625930178425,0.9651191458780622,-0.5569610753154997,-0.03431265664717468
14.0,0.09142204473464717,2.1991428310389134,1.055785885720576,0.5228373236194788,-0.028557104991897946,0.6713572244391515,0.039871590243712604,-0.01853220900124714,0.9347191239092422,-0.5791816896383326,-0.02977385784475129
14.05,0.08491561221798496,2.210107652078345,1.0547166774840415,0.5177558468681843,-0.02861347859423687,0.7055611511213757,0.009821460983365438,-0.022414386124757206,0.9032961147759002,-0.5449005044619093,-0.025854766560640303
14.1,0.07864235574711803,2.2211021912935864,1.0533831600399857,0.5150355354690821,-0.028691985525768526,0.7412897113305431,-0.07882529294672139,-0.02848823108357187,0.8736368123081671,-0.45633559699192394,-0.022605710378194217
14.15,0.07265841660615777,2.232124020760434,1.0519425919072187,0.5148939201007912,-0.02845209643393091,0.7754319502274196,-0.21814695237668932,-0.03581334328602106,0.8485358155635314,-0.32035533861139104,-0.01982028308838347
14.2,0.06702009534856843,2.243170046341354,1.0505755464850117,0.5174005922304324,-0.02764858959364377,0.8052161178425762,-0.3954754470050558,-0.04290115569206405,0.8305286506079508,-0.14801296319314486,-0.01718650300607634
14.25,0.06178071487728234,2.2542380187412214,1.0494533438077844,0.5222572294949382,-0.026216819628320325,0.8284034524856291,-0.594752335044334,-0.048145080445583154,0.821599007126117,0.04622292529263052,-0.014505953592358378
14.3,0.05698775105278445,2.2653277386658486,1.0487100842026804,0.5286538737397282,-0.024309006911286776,0.8434262388048581,-0.7981593193840281,-0.05029976669705171,0.8229156533897453,0.24558453245708628,-0.011885712096080804
14.35,0.052681194201011756,2.2764413509091765,1.0484232286469795,0.5352997661472062,-0.02226332840007778,0.8494772769244834,-0.9877855933160876,-0.048841480124933896,0.8346873091781252,0.43245491040784756,-0.009763227781379996
14.4,0.04889344635100294,2.287582499076965,1.0486110230405459,0.5406587503526374,-0.020508299723427423,0.846549624545137,-1.1471427004212007,-0.04411641400393853,0.8561484586567816,0.5900638744178265,-0.008766520501251492
14.45,0.045650653424646824,2.2987546979714084,1.049246157767212,0.5433184078232182,-0.019431187507510765,0.8354316282151834,-1.262435909372013,-0.03722939374094169,0.8856324281716889,0.7042331865222782,-0.009492396333991834
14.5,0.04297494262731046,2.3099596897556403,1.050275047162465,0.5423508438781678,-0.019261477240552938,0.8176620042072442,-1.3235827605020938,-0.02970074646520263,0.9207419707842234,0.7649032409414017,-0.012248573032342464
14.55,0.04088658817949994,2.3211965552898093,1.051633923173828,0.5375218455862235,-0.019999928351552388,0.7954283769005019,-1.3249971066802513,-0.023012144037865823,0.9585943967546694,0.7671940426946924,-0.016868344545750424
14.6,0.03940520353424528,2.3324620334243824,1.0532512068520445,0.5292660224655927,-0.021408818416172783,0.77138816061441,-1.266137649020271,-0.018206342933192482,0.9960897067846489,0.7118372550803401,-0.02270047515259141
14.65,0.03854959490738975,2.3437519635770223,1.0550414682815057,0.518444424852675,-0.023071584820111794,0.7484171494211213,-1.1517622142091894,-0.015657443965020838,1.030202732085244,0.6049393218591284,-0.028726061968176918
14.7,0.03833637002502204,2.3550632406747574,1.056903583148359,0.5059925850839344,-0.024506393730033018,0.7293224573138869,-0.9917829142685177,-0.01503631175446244,1.0582616398349654,0.4571722416423808,-0.03376877092693507
14.75,0.038777478157415946,2.3663953745657316,1.0587277462926301,0.49261728075352407,-0.025305598934827873,0.7165547257833134,-0.8006084087778501,-0.015499086845681144,1.078163068800169,0.28259330509299535,-0.03679746132199649
14.8,0.03987723394493688,2.377750895638416,1.0604106122456427,0.47867526324060733,-0.025263987678415836,0.7119329608700583,-0.5959182494321871,-0.016089317483218003,1.0885274111765957,0.09730778693525528,-0.03722102768845883
14.85,0.04163007999536341,2.389134380879098,1.0618788122532365,0.4642781016966476,-0.024446662752324468,0.7164159341876021,-0.3969526874137283,-0.016172466961498485,1.0888081379011567,-0.08186152168018312,-0.03505190711909594
14.9,0.04402010253454936,2.400550505265046,1.0631169781890715,0.4495578082024446,-0.02316700023765311,0.7299765468924208,-0.2225258437712764,-0.01569667754515349,1.079343724604008,-0.23862935253020123,-0.030891201965047733
14.95,0.047022362219952665,2.412001960620186,1.064190308326669,0.43494803694267675,-0.02188438677957391,0.751608072681696,-0.08904390918243411,-0.015203633448059748,1.0613415845915528,-0.35843463543355303,-0.025740868007852927
15.0,0.050605632078082476,2.42348818981711,1.0652503266438638,0.42132172808183116,-0.021052385466819985,0.7794453362544282,-0.008834550392843574,-0.015601849795512395,1.0368057765026881,-0.42958337605214153,-0.020690327943051767
15.05,0.05473580196319978,2.4350055450384187,1.0665212390637617,0.40988853161605204,-0.020968198625081688,0.8109871226767662,0.010977562698514314,-0.017781400700497996,1.008403709135915,-0.4443311241094135,-0.016584307003372913
15.1,0.05937881205303977,2.4465487868295623,1.0682664505156807,0.40187374487311517,-0.021680422107957304,0.8433843570811742,-0.031051998737079662,-0.022203238732664086,0.979264369314866,-0.3997906198378862,-0.01378853359215678
15.15,0.06450212734617539,2.4581133036632226,1.070744926984552,0.398097277191654,-0.022987138496077638,0.8737391141478071,-0.13083093531790507,-0.028619977563384344,0.9527185817340801,-0.29850029423612795,-0.012130732847053002
15.2,0.07007424476006537,2.469697125950663,1.0741785712313852,0.39861922844509434,-0.024515797864449275,0.8993765757828356,-0.2793526174519057,-0.0360814259012438,0.931982187909432,-0.14848193096619172,-0.011062513733081375
15.25,0.07606265306668353,2.4813018480341498,1.0787311377400994,0.4026072990491325,-0.025853938882952517,0.9180725623325376,-0.4636241981059381,-0.04320806358573053,0.9198052327180386,0.037341343784776534,-0.009976721023208191
15.3,0.08243135888632264,2.4929320527558017,1.0844970630822248,0.4084939503174548,-0.026690789881662284,0.928246279075211,-0.6677633405084523,-0.048561912568300745,0.9182000168098499,0.24236617191817428,-0.008480301675837347
15.35,0.08913872256744267,2.504593435135767,1.0915059467370076,0.4143811938424693,-0.02693019609014374,0.9290968338497717,-0.8741847392403974,-0.051035059229952315,0.9282739459868007,0.44804297816924327,-0.006570745898034049
15.4,0.0961363692455258,2.516290431707293,1.099734743738526,0.41854423953753334,-0.026728910978402503,0.9206721422870581,-1.0648740985036518,-0.05017132017320154,0.9500853545286105,0.6358581069954677,-0.0047349221218754055
15.45,0.10336993352759952,2.5280243633445396,1.109121498649749,0.41984690719980167,-0.026433568490821683,0.9038796982091679,-1.2227684757329473,-0.04629515540436242,0.9825896409879413,0.7892523286347243,-0.0038411376293412433
15.5,0.11078147775556911,2.5397928817600643,1.1195749944617808,0.41792079317916614,-0.026443249862221952,0.880440388637798,-1.333226537258078,-0.04039656612764925,1.0237300756989411,0.8951977107767727,-0.004834259067926453
15.55,0.11831280440036968,2.5515909863728004,1.1309704342372293,0.41305685050264934,-0.02705049738928489,0.8527837775141387,-1.385495778455,-0.03380840669403282,1.0706402059047644,0.9452503951178851,-0.008366168885870037
15.6,0.12590866965062247,2.5634131876528015,1.1431358237216858,0.40587796081728045,-0.02832796947030114,0.8238776766028795,-1.373983921942313,-0.027799129207712055,1.1199279047039614,0.9360470049089116,-0.014489306832329052
15.65,0.1335188488371423,2.5752558875221236,1.1558383363541918,0.3969489246073601,-0.030111174007539453,0.7969827451653363,-1.299090730827421,-0.0232439639298281,1.1680077323946978,0.8693160274727278,-0.022511289174508786
15.7,0.14109827254922264,2.5871189279681035,1.1687812168106193,0.38650641555410076,-0.03206120874100364,0.7753349113239333,-1.1673895947633568,-0.02048893941664303,1.2114148072953803,0.7515341080068915,-0.0311050669593714
15.75,0.14860547089490672,2.5990056439215365,1.181623147567673,0.37442910752580894,-0.03377122741913373,0.7618198413136467,-0.9910555191843522,-0.019369231304297106,1.2470655352458047,0.5933605545312489,-0.0386795276499586
15.8,0.15600012421688209,2.6109214507389824,1.194013611568689,0.36044754140257496,-0.034894035282021604,0.758708745817612,-0.7865917026320632,-0.0193333633206248,1.2725214580809385,0.4088845982503622,-0.04380636558738616
15.85,0.1632403840647688,2.622871595452299,1.2056320185324754,0.3444853933250671,-0.035251450460854324,0.7674241472934042,-0.5730506908749389,-0.01973239717630686,1.2862194948351386,0.21466027229007142,-0.04557522223314368
15.9,0.1702809474122615,2.634859034707208,1.216227466243023,0.32696450657172527,-0.034890258066250165,0.7883438229204429,-0.37004706270175797,-0.020153442211009565,1.2876043139348463,0.02849853079856473,-0.0438326686598856
15.95,0.17707266986327533,2.6468833642062424,1.2256471815457473,0.3089161137152719,-0.03407217337628173,0.8207140782432062,-0.1958612277950606,-0.020611286407287877,1.2771692995551085,-0.1320068162060885,-0.03921642775824057
16.0,0.1835639202506609,2.658941192228518,1.2338310916666935,0.2918332942952046,-0.03319698493150994,0.8626785585052289,-0.06584949169550286,-0.02154729537552201,1.2564181498235967,-0.2511347517029349,-0.0329513286195431
16.05,0.18970342083447786,2.6710277218588954,1.240781588503971,0.2773117795389247,-0.032674987548531646,0.9114193829982287,0.00873401987201168,-0.023638665964523606,1.2277484612971592,-0.31668410870430697,-0.026472516694067933
16.1,0.19544376495147878,2.6831388560374076,1.246535760355879,0.26660971578106607,-0.03278598890072364,0.9634079279323741,0.021488615254513697,-0.027474177538802467,1.19426058776283,-0.32137137266529836,-0.021002173802535797
16.15,0.20074435467447638,2.695272927709702,1.251136585406677,0.26029221990029516,-0.03358971228477631,1.0147386067107973,-0.02875586342522601,-0.03323006212961761,1.1595045045426178,-0.2637352615728421,-0.017227871361088984
16.2,0.20557271730970197,2.7074313068058538,1.2546071508291947,0.25809525812503864,-0.034921536263870546,1.0615050058766198,-0.13787100069386474,-0.040475712713601106,1.1271682436912822,-0.14835374644122526,-0.015217245790630949
16.25,0.2099039900546313,2.719617727159186,1.2569484070907895,0.25904272106765774,-0.036461064264579755,1.1001550031064768,-0.2966731788612942,-0.04819031696002798,1.1007304740218615,0.01466136910513693,-0.014549803800729339
16.3,0.21371899255782073,2.7318366668505907,1.2581565147366474,0.26176171938617304,-0.03784958511856441,1.1277907396702496,-0.4915068547884525,-0.05500615518186858,1.0831597353809552,0.21078038749202305,-0.014519060622445696
16.35,0.21700143472039027,2.74409142937106,1.2582430934338147,0.2648752701341547,-0.038808405579612654,1.142406534514855,-0.7052048448090001,-0.05959016112198334,1.0766755596258675,0.4226077032535953,-0.014410646828240463
16.4,0.21973514752516168,2.7563828463267153,1.2572471029299075,0.2673068451594631,-0.03921927605227637,1.1430419651779171,-0.9184686914454228,-0.06102181104739653,1.0825162819512153,0.6316054192942745,-0.013842074776054427
16.45,0.22190254174683666,2.7687091444820613,1.2552315047918041,0.2683951715544993,-0.039144348107257365,1.1298444073145821,-1.1116121637483276,-0.0590426105136718,1.1007670592083552,0.8197635909736453,-0.012971652954763118
16.5,0.22348797180037966,2.781066915231426,1.2522625013284552,0.2678189643143253,-0.03878546412430427,1.1040397371026764,-1.2664924304710574,-0.05410656204122864,1.1303251658876312,0.9710855801097751,-0.01245047690735245
16.55,0.22447959141951715,2.793452706935301,1.248395217451119,0.2654025667428848,-0.038420231253894335,1.0678381492000921,-1.368381152599616,-0.04723951518704111,1.1689945734461202,1.07281326521628,-0.01317291612517524
16.6,0.22486548301435513,2.805864504569159,1.2436747847417637,0.26092277987807344,-0.03832871549818831,1.024290072263547,-1.4075033084327777,-0.039770742672947536,1.213699357185825,1.1163873066557766,-0.01593206535622183
16.65,0.22463712417891832,2.8183024396609593,1.2381249640221907,0.2540318337386792,-0.038696268638705865,0.9770546401133392,-1.3800174855325997,-0.03298616812337547,1.2607980819489006,1.0981561990727837,-0.021044868829542655
16.7,0.2237947550406623,2.8307684962931754,1.2317445598806014,0.24433436087652535,-0.03954517842737698,0.9301153135439131,-1.288320506792307,-0.027787815597156172,1.3064593063277536,1.0197916638252416,-0.028101037646506843
16.75,0.22234816443234356,2.843265449242184,1.224526014221129,0.2315748395520439,-0.040730534044137116,0.8874819340292989,-1.140685714356629,-0.024474870713700633,1.3470249012894868,0.8883249118461015,-0.03596467028350897
16.8,0.22031549466789555,2.8557955688617436,1.216481042023945,0.21584580018744184,-0.041987204856374555,0.852863665167995,-0.9503461199064459,-0.022768454782369732,1.3793231042745089,0.7157211117805266,-0.043058862032388394
16.85,0.21772052977240022,2.8683596946777423,1.2076664543161864,0.19771280122643278,-0.04300798298347197,0.8293282749719154,-0.7341923923846962,-0.02205596771805447,1.400931138562061,0.517941402928845,-0.04782395272437651
16.9,0.21458954546435116,2.88095709464993,1.1982070065501516,0.17818553551716035,-0.043531968666908206,0.8189948589167456,-0.511268134981663,-0.021704987903192533,1.410371369655597,0.3135190358309561,-0.04917201880278507
16.95,0.21094875533346744,2.893586085727934,1.1883073626291618,0.15853976476310852,-0.04341805763043146,0.8227876349843586,-0.30117630526945827,-0.021362859054810175,1.407216709382571,0.1217860411049477,-0.04679176497740955
17.0,0.20682318585305937,2.906245016812595,1.1782462125015394,0.1400632853758205,-0.042683830382703694,0.8403011062789723,-0.12246298704948337,-0.02116136243570935,1.3921076230979534,-0.03902560462331785,-0.04121139319791174
17.05,0.2022374179902783,2.918933138116271,1.1683529625890947,0.12381687093901213,-0.0414981832566558,0.8698096480179685,0.008932986161335903,-0.021698134579561365,1.3667047908724617,-0.15356111900831937,-0.03362034892032681
17.1,0.19721791375138772,2.931650942133603,1.1589764159351983,0.11048955185467285,-0.04012822208249195,0.9084360000006472,0.08108783132080678,-0.023777451638320624,1.3335747172550627,-0.21077653635458315,-0.02551659608999543
17.15,0.19179610734273284,2.9443998617839857,1.1504543176787039,0.10037675818632476,-0.03885613296572048,0.9524540520258543,0.08724785906021351,-0.02802596602192498,1.2959945894039684,-0.2048872837690507,-0.018302559237349154
17.2,0.18601120215130293,2.957181570397817,1.1430873138540902,0.09344902294067287,-0.037896806976229276,0.9976765413209574,0.026572297364414202,-0.03454046932996563,1.2576966498481774,-0.13579026655975304,-0.012922154182026267
17.25,0.17991153643046698,2.969997219034613,1.137118846247348,0.08945849517278236,-0.037338420914294145,1.0398838927193597,-0.0956467030049547,-0.042693330862878805,1.2225843740946938,-0.008972723409746794,-0.009611101175302818
17.3,0.17355377727220792,2.982846963846538,1.13272063402877,0.08802637342775065,-0.037123617403751044,1.0752285939778206,-0.26835050915072833,-0.051172177644603946,1.1944105855698188,0.1650347355831655,-0.007907098765385232
17.35,0.16700007494479194,2.995730109873551,1.1299820290767484,0.08865683188372632,-0.03708250942491313,1.1005656375001736,-0.47570574743723426,-0.05829043857937847,1.1764281274054622,0.37155966746643343,-0.006931657840881975
17.4,0.1603140796841518,3.0086458562262095,1.1289011866884564,0.090675714942851,-0.03700448561960437,1.1136780226833665,-0.6986338414647455,-0.06248275906111434,1.1710601607308673,0.5929549152146829,-0.00578348128989722
17.45,0.1535570040200198,3.021594157566045,1.1293782225763438,0.09316936547913783,-0.03671892432529196,1.1134108568955412,-0.9166643348651634,-0.0627779616360356,1.1796049837039833,0.8100091380778778,-0.003949673655749142
17.5,0.146784950695454,3.0345761320665963,1.1312128936939974,0.09500943909927857,-0.036156002336527486,1.0997285450690175,-1.1098591769300439,-0.05909324782787584,1.2020221382477894,1.0035926796096817,-0.0015909736933523639
17.55,0.14004840038441116,3.0475937819442254,1.1341147562733807,0.0949935706936059,-0.035370931000937855,1.0737087537862808,-1.2605874293438495,-0.05226261584639369,1.2368790909065726,1.156422985832735,0.00046401835967338793
17.6,0.13339390409461852,3.060649168558312,1.1377340789477206,0.09207199613243516,-0.03451748268699955,1.0374768641081453,-1.355006569741336,-0.04378103791363676,1.281468946409846,1.2547548989468755,0.0010082148975242952
17.65,0.12686714267971425,3.073743448866185,1.1417167003383504,0.08558432924785292,-0.03376519911246425,0.9940719373925095,-1.3841766969260254,-0.035359504205584535,1.3320726107489385,1.289783267051405,-0.001084434895516592
17.7,0.12051601123213664,3.0868762682327926,1.1457500578640112,0.07540983043692277,-0.03320835886568764,0.9472408236029807,-1.344780980101873,-0.02843058611900649,1.384314540726552,1.258554795027086,-0.006386188882275015
17.75,0.11439253472964962,3.100045865987385,1.1495650844606735,0.06196322975797594,-0.0328360939305887,0.9011521199466412,-1.2394415398063865,-0.023759236105690352,1.4335658266759843,1.164251150618859,-0.014595587592671967
17.8,0.1085529110044948,3.1132499350080662,1.1529272883269452,0.046034936538292465,-0.03255728393519741,0.860042835845892,-1.0766206859342602,-0.02129789637872449,1.4753972569366538,1.0158114906768623,-0.024468358376963137
17.85,0.10305527736389102,3.1264867818905158,1.155641605251009,0.028554152697140088,-0.032238587492513265,0.8278299842044988,-0.8700527337355249,-0.02032695380761264,1.5060216260995622,0.8270077040636935,-0.03404065799928649
17.9,0.09795556411082365,3.139756210819447,1.1575641920158555,0.010380295158784346,-0.03175018874908379,0.8077118191759454,-0.6376753157347069,-0.01984782434084701,1.522613934817657,0.6151336020444452,-0.04116642896215183
17.95,0.09330285037253198,3.1530598039643367,1.1586185684181922,-0.007812918256254027,-0.031013798593312606,0.8017982150989308,-0.4000974323615697,-0.019076740551786354,1.5235159160817826,0.3994247964404278,-0.044170499821469096
18.0,0.08913590769619537,3.166400383369433,1.1588149276992603,-0.025522625402031936,-0.03002967665366434,0.8108446586120972,-0.17868223587932888,-0.017824384344547077,1.5083698976055293,0.19938736943296398,-0.04232810775562402
18.05,0.08548196081550553,3.1797808556991436,1.1582684744295046,-0.042299089500980595,-0.02886886528573572,0.8341561228910039,0.006529329884078663,-0.01661374852537411,1.4781521742388277,0.03319106843259803,-0.03605263714391546
18.1,0.08235791060207073,3.1932029597782954,1.1572066904808889,-0.05761021332405611,-0.027637779507419667,0.8696582324576931,0.13880286800905736,-0.016487416612909766,1.4351520344360265,-0.08379976978181715,-0.02673665323733808
18.15,0.07977362241392763,3.206666450818381,1.1559561443040478,-0.07077604965557076,-0.026436248712342392,0.9141109960583513,0.20636279621003034,-0.018564998541130355,1.382901199737617,-0.14030026950182323,-0.016284358513568485
18.2,0.07773596245690129,3.22016921147533,1.15491066021147,-0.08104651709748728,-0.025328025643365434,0.9634529236893269,0.20348705941675138,-0.02355947216883948,1.3259237480837947,-0.1301472497976952,-0.00656774707175519
18.25,0.07625213489695862,3.233708217403626,1.1544878637195677,-0.08780593382016418,-0.024321185038705496,1.013233277664388,0.13093027657707665,-0.03144557451134911,1.26933707312862,-0.052989851458053086,0.0010200350145373983
18.3,0.07533172322085785,3.2472810025074903,1.155078695805131,-0.09083575680996907,-0.02337175727327829,1.0590610982512725,-0.004317231725749982,-0.04131706328661214,1.2184451976810937,0.0854634758627948,0.0059133414133756435
18.35,0.07498660057354539,3.260887101688204,1.1569850151702554,-0.09053896007438442,-0.022437091892520963,1.0970181122873177,-0.18981105150695365,-0.05149072840710742,1.1783467606208147,0.2736751527966098,0.00846581461362525
18.4,0.07522841186955453,3.274528547198358,1.160374329505792,-0.08797497170263426,-0.02152801596510072,1.1239990000897722,-0.4088075075911607,-0.059902957425886645,1.1534410640898005,0.49516063555059553,0.009591648167851267
18.45,0.07606511645120215,3.2882092210212153,1.165290267160542,-0.08467289069949713,-0.020692585432105726,1.1379454552431312,-0.6416750193339197,-0.06469513777068091,1.1468854569250884,0.7300390407738255,0.010227502017551017
18.5,0.07749796429417946,3.3019334305651165,1.171684366351532,-0.08229412461937896,-0.019980933177616154,1.1379758405368219,-0.8674812401322443,-0.06478220787614318,1.1602311969725156,0.957015045834804,0.010904743076007166
18.55,0.07951968056781306,3.315704232630342,1.179443254281107,-0.0822462366634163,-0.019432382194372533,1.124436379765298,-1.0656683226713948,-0.060188907518832935,1.1932809977608534,1.1555208154075545,0.011507221867147345
18.6,0.08211459262447554,3.329522225600124,1.1884131470254573,-0.08538363115135182,-0.019066541108810453,1.0988840360302299,-1.2177560120422641,-0.05203495934832374,1.2440982300872432,1.3077458451785329,0.011300216828338865
18.65,0.08526097342788909,3.3433853270639187,1.1984120300155534,-0.09189916684702994,-0.01887083181874394,1.0640006686522323,-1.308987095273214,-0.0421874870768226,1.309175186210621,1.4003035879146744,0.009250538990304485
18.7,0.08893472762783954,3.3572896903687033,1.2092266713585356,-0.10143578077484346,-0.018791926717447824,1.0234173625199894,-1.3297905123444793,-0.03269464451504828,1.3837590247584202,1.4253451268168722,0.004484968162090777
18.75,0.09311288602894253,3.3712313966036125,1.2206054178645465,-0.11335672084814227,-0.018738493770643253,0.9814447315434589,-1.2768860402597295,-0.025178977352120845,1.4622805403529724,1.3810575357507664,-0.0032942219826336116
18.8,0.09777561664391178,3.385208163471165,1.232256993435256,-0.1270436320760933,-0.018600786221222004,0.942738682177694,-1.153821377346139,-0.020404572935660222,1.5388421521496323,1.271619920574736,-0.013566600658156383
18.85,0.10290600974460815,3.399220368346802,1.2438583306182982,-0.14209381908538865,-0.018284347863614412,0.9119140204450433,-0.9708099782251538,-0.01816282450988832,1.6077399573158995,1.1067204237186565,-0.025016094258095593
18.9,0.10848773776128746,3.413270986696325,1.2550796861089357,-0.1583448901544082,-0.0177476662311419,0.8931163417755186,-0.7438319662301731,-0.017490483761001447,1.6640058652163614,0.9007118119294609,-0.03581042483009655
18.95,0.11450140218065977,3.4273644229928966,1.265619196232279,-0.17572448450120398,-0.017039288790422567,0.8895841620241595,-0.4930806144900014,-0.017151925803497572,1.7038762564808794,0.6715162793945798,-0.04401764777371059
19.0,0.1209205122112257,3.4415046448905415,1.2752327565249322,-0.19399583930611494,-0.01632485071119323,0.9032828854884051,-0.24093279489881228,-0.016224573447633048,1.7250511469874377,0.4393349960603715,-0.0480895070412444
19.05,0.1277085057031485,3.4556935005868,1.2837630657304622,-0.21254346180465253,-0.015854518343865667,0.9346563989214238,-0.009715734907794964,-0.014534905616257667,1.7268106063984487,0.2250793795329117,-0.04732183210668777
19.1,0.13481827873315136,3.4699301027011464,1.2911624199278011,-0.23034181475752424,-0.015864707250913684,0.9825257089402033,0.18038722823731812,-0.012771647857870945,1.7100582319762019,0.04854557020348736,-0.04207387178381893
19.15,0.14219423871395515,3.4842114175680723,1.2974953220088368,-0.24613022854257818,-0.016476145010683372,1.0441426922035748,0.3130775873968097,-0.012265974117797352,1.6772563204445432,-0.0734696382602298,-0.03364874664671206
19.2,0.1497760543975544,3.498533717818093,1.3029156430788138,-0.25873115113727707,-0.017633598278172496,1.1154107924826746,0.37723434067511685,-0.014521739420256063,1.6322357285978932,-0.12889783870382843,-0.023897201857078117
19.25,0.15750323181829992,3.5128942870717204,1.3076240065640519,-0.2673972953130821,-0.01910444147363878,1.1912901828162032,0.3677165555329485,-0.020606245025314968,1.5798863645452654,-0.11169752932981764,-0.014673771999658608
19.3,0.16531912763470247,3.527292759575799,1.3118188071392003,-0.2720690263095888,-0.020537935303663497,1.2663029309901617,0.28567479645793403,-0.030598949054680143,1.5258138826739271,-0.02259808672232208,-0.007328666932073801
19.35,0.1731728462984138,3.5417315131449083,1.3156666428422443,-0.273435325161123,-0.021576294686562216,1.3350761333758907,0.13844668194310533,-0.043329159328646095,1.4759681379544807,0.13078472398839094,-0.002413395692733082
19.4,0.18101859874371273,3.5562147539839057,1.3192966081674364,-0.27274282102203695,-0.021973844601189837,1.392852971631615,-0.06091250251857366,-0.056549040571638495,1.4360777389950605,0.3346925838557612,0.00028476998019431226
19.45,0.18881320823281672,3.570746845314876,1.322796737968786,-0.27144976674827875,-0.021672423000390236,1.4358789495272177,-0.29453113043652257,-0.06751264730476267,1.4110035794996905,0.5706783338129355,0.0014442620588143887
19.5,0.1965124863051031,3.585330704565557,1.3262233215000703,-0.2708696437963457,-0.020830195727778986,1.4616699377819742,-0.5411059234887768,-0.07378390712659294,1.404248928580935,0.8174583182296964,0.0018080715630416145
19.55,0.2040678687687272,3.599966880576985,1.3296286428997157,-0.27192088842654544,-0.019793283205293652,1.4691559907778025,-0.7777166761763405,-0.0739918917725495,1.4176364395975942,1.0529333107675738,0.001785119432568595
19.6,0.21142522076446246,3.6146535964566753,1.3330806121503351,-0.27504673733259827,-0.018977384890323794,1.4587258116308437,-0.9819261537856883,-0.06822218500887622,1.4511160802381524,1.2561659539057595,0.0012323994744645834
19.65,0.2185263108483762,3.629387634643424,1.336660726977888,-0.2802966808181603,-0.018704539270067287,1.4321997129664152,-1.133948967114261,-0.0579450394987912,1.5027669821528267,1.409175926320097,-0.00047546829625413515
19.7,0.22531222797632228,3.644165741134238,1.3404295914314857,-0.2875189031938786,-0.01909870426387441,1.39271487422197,-1.2186437193952844,-0.04554586177924919,1.569000290876297,1.4984157627788397,-0.004149357404429079
19.75,0.2317277589444187,3.6589860022684477,1.3443854796400336,-0.2965666650688086,-0.020081079801899427,1.3444929542698123,-1.2270734329099817,-0.033622814618751565,1.6449093612697008,1.5158426793104793,-0.010390417748292469
19.8,0.2377255721656415,3.673848611294038,1.3484438007084496,-0.30741787934443326,-0.021411535124607514,1.2925196171896962,-1.1574120764645002,-0.02426998912692138,1.724739227480423,1.4595748573680554,-0.019238302536236998
19.85,0.2432688636788712,3.68875572553352,1.3524329959681165,-0.32015757664625016,-0.02275744478582287,1.2421705933988618,-1.0150877248518202,-0.018521964642268584,1.8024248199712944,1.3341159361217996,-0.029983667132568965
19.9,0.24833142155319496,3.703710513115238,1.356110521543607,-0.33483879447494047,-0.023788998994361564,1.1987816097668038,-0.812167382596675,-0.016171700074420703,1.872137952498451,1.150108464045421,-0.04122323216537487
19.95,0.25289509007866057,3.718715903367945,1.359209199376659,-0.3513022841429626,-0.024271243194423562,1.1671745831578682,-0.5661168077227655,-0.016031784647373717,1.9287900655437322,0.9235630719562514,-0.051165545149266224
20.0,0.25694566900786747,3.7337736669685864,1.3614971616872102,-0.36905924486003944,-0.024124896427200938,1.1511904184412025,-0.2981596108907772,-0.016498000533073685,1.9684575473729615,0.6745546643076336,-0.05810271447881156
20.05,0.2604686671379932,3.748884078438096,1.362811374289432,-0.3872898194262773,-0.02343902840003739,1.1532547367727959,-0.031387182076141745,-0.016227054375461025,1.988722538533506,0.42548001426934023,-0.060865212879824354
20.1,0.26344632492149395,3.764046149642062,1.3630684163898303,-0.4049521906629843,-0.022447921857830067,1.174013838640634,0.2112427731476695,-0.01470887417976196,1.9888923396276006,0.19902278398185047,-0.059099123946828556
20.15,0.2658567866121892,3.7792583316933492,1.3622846365924612,-0.42097172532951166,-0.021477729636655816,1.2121783091167577,0.40885090627812193,-0.012551605162702642,1.9700574744729402,0.016010678697322474,-0.05330699183528562
20.2,0.26767579832908234,3.79451934260046,1.3605942087307947,-0.43445017261236235,-0.0208564270028952,1.2646546085304193,0.5444166100275581,-0.011293282985357169,1.9349933043457652,-0.10658810658193321,-0.04468899211623199
20.25,0.2688807749632918,3.809828774692129,1.3582166142837069,-0.44483463774413784,-0.020804203131252887,1.3268992505558685,0.6062700887307716,-0.01275404619329364,1.887937566121075,-0.15729488262415758,-0.034818554913665124
20.3,0.26945578949561877,3.825187341055317,1.355401152929374,-0.4520042195945681,-0.021353800482245517,1.3933892345816459,0.589152097192969,-0.018250784272604733,1.8342613699727326,-0.1312396276851353,-0.025205243184119187
20.35,0.2693954677869376,3.8405966042895483,1.352386232015988,-0.45624332756648217,-0.022349938725518895,1.4581785963672325,0.4947825959021399,-0.027988713584089372,1.7800276597866904,-0.030633603248103037,-0.016904833965833557
20.4,0.26870648328649166,3.8560582173873774,1.3493760683584088,-0.4581101182890403,-0.023516272762162945,1.5155249951204857,0.33186976453407163,-0.040812571515769995,1.7314553467469618,0.1355043942023195,-0.010334123879779158
20.45,0.2674065116412535,3.8715731262431023,1.346525664085358,-0.4582749683248255,-0.024555640088118193,1.560458057834964,0.11548096875922317,-0.05436100892908225,1.6943220944345228,0.3522520733296405,-0.005349025323169116
20.5,0.265521092765171,3.887141132192531,1.3439337062000118,-0.4573997819595732,-0.02524455547836134,1.5891996811844649,-0.13420133173774113,-0.06563208803589698,1.67342216562988,0.6001581119280947,-0.0014714972868209765
20.55,0.2630790116326429,3.9027610593036766,1.3416568986553115,-0.45609979453073646,-0.02548856098295967,1.5994472983533925,-0.3936958182788666,-0.07184499540560532,1.6721130324127937,0.8569478025035312,0.0017713351152370046
20.6,0.26010789208161544,3.9184314235005417,1.339730391252403,-0.45497721548075587,-0.025345626247362196,1.5905135580340501,-0.6384507890835892,-0.0712870910588304,1.6919195860378706,1.099434107159701,0.004465092639903585
20.65,0.2566319239618008,3.9341512015807543,1.3381585559964826,-0.4546741610556749,-0.02501326082721848,1.5633456149061356,-0.8451875801838121,-0.06384690423940424,1.7322783076984787,1.3055105393219488,0.006109773433824897
20.7,0.2526725764743951,3.9499202662406048,1.336899741319413,-0.45587521477244775,-0.024769869473106037,1.520465320241783,-0.9940716753606784,-0.05102948196992367,1.790545582448731,1.4561071561720866,0.005775331664119035
20.75,0.24825189870191677,3.9657393138958144,1.3358681322640538,-0.45923268442156456,-0.024875126365898958,1.4658270112982812,-1.0704946309090972,-0.03545160377499799,1.8622885905946498,1.5369650211998827,0.002537664782724278
20.8,0.24339704862453906,3.9816093895766405,1.3349544495438643,-0.46523715131082616,-0.025460445860330493,1.4045726763522208,-1.066317240853818,-0.02004113674255584,1.9417756102530945,1.5400439336290714,-0.004036348875402933
20.85,0.23814428381094474,3.9975313181767462,1.3340568494508334,-0.47408977744133873,-0.02646172319751642,1.3426789709474254,-0.9805171495877016,-0.007200579614957806,2.0225574950145377,1.464379009758207,-0.013592327416296152
20.9,0.23254105414561094,4.013505504873346,1.3331030893785352,-0.48565391432152216,-0.027618971331520237,1.2865210979748396,-0.8192733234347457,0.0018443952535988977,2.098060378776197,1.3162330258911805,-0.02495879786221199
20.95,0.2266452624463579,4.029532227614926,1.3320617052217838,-0.49950711105077744,-0.028545685675959415,1.2423680499131273,-0.5955053665104085,0.007251890129845817,2.162136022824237,1.108506677312321,-0.03634317115712177
21.0,0.2205215902853558,4.045612193928365,1.3309475659588745,-0.515059975555279,-0.0288515219837657,1.2157855962172224,-0.32786474914650626,0.01020798111952028,2.2095447950991147,0.8594968736762405,-0.04573087794182004
21.05,0.21423624828781418,4.061746985475996,1.3298304128427778,-0.5316751380234332,-0.02826185654053683,1.211005437316211,-0.039195937933732376,0.012248406897307147,2.2363798275837086,0.5911813178322476,-0.05138510023925399
21.1,0.20785207491921828,4.077939038404536,1.3288506697559646,-0.548720855147617,-0.02669064803020268,1.2303955641154618,0.24545742590735908,0.014552092543192556,2.240409969081294,0.3272322513757669,-0.0522716984160456
21.15,0.20142539585216462,4.09419109704604,1.3282350397495117,-0.5655492925534014,-0.02426739910741532,1.2741381533065825,0.5011590895002198,0.017424333939804897,2.2212921736969036,0.0909455306704255,-0.04830550402138873
21.2,0.19500542346546115,4.11050530447601,1.328296502337351,-0.5814275692855307,-0.021315032681663543,1.3401470483138147,0.7054815872127861,0.020186295214130064,2.180619518213996,-0.09674344263966037,-0.04034042509927487
21.25,0.1886361425444133,4.126882424443354,1.3294172352413587,-0.595497022476341,-0.018271844489739925,1.4242037396013907,0.8406691990504481,0.021423695337355008,2.121805564108898,-0.21905542088777158,-0.029899116194635058
21.3,0.18235993024062355,4.143321617713126,1.3320282094541478,-0.6068212055162369,-0.015559650354653027,1.5203247832247238,0.8953085387652818,0.019505973504218527,2.049831229036857,-0.26487258342861014,-0.018737098832545745
21.35,0.1762218014197092,4.159820847160493,1.336582367611194,-0.6145264144165694,-0.013438184434076725,1.62136894753276,0.865361302271261,0.013324543356513702,1.9708708799069177,-0.22982110614407517,-0.008355393540937965
21.4,0.1702726529192193,4.176377831212026,1.3435049218492483,-0.6180156707606204,-0.01191600921369025,1.7197381334449544,0.7544534694393873,0.0029107567370262153,1.8918084261235115,-0.11682503979171316,0.00038504637080404003
21.45,0.1645699430447127,4.1929912102787394,1.3531306690010674,-0.6171907057217939,-0.010762975916182258,1.8080502955596165,0.5734123951638406,-0.010390812329574206,1.8196755622538605,0.06395929904577399,0.007390740710694344
21.5,0.15917529177744305,4.20966129288602,1.3656639638335764,-0.6125681362353519,-0.009617970215465697,1.8797507302020073,0.33920801615871954,-0.024211893818499856,1.7610536397401257,0.295921176329537,0.013175098049787531
21.55,0.15414979684172508,4.226390023410587,1.3811517790078753,-0.6052312776578161,-0.008150162891692559,1.9296460392841144,0.07346085974193965,-0.03576329888749662,1.721446417067366,0.5574780985423374,0.018444836138340796
21.6,0.1495487577769949,4.24318021683993,1.3994646911504078,-0.5966289253788057,-0.006211599548094424,1.9543382706568162,-0.19937774344693118,-0.04256106312355948,1.7046695721388627,0.8241109574436394,0.02356555886827032
21.65,0.14541762700867275,4.260034263025751,1.42031224392413,-0.5882633669798111,-0.003916060550491993,1.9525125778209902,-0.4540183943373331,-0.043062507570072524,1.7124343063236713,1.0707522096269508,0.0282038546169182
21.7,0.14179040524766398,4.27695293893428,1.4432805551714043,-0.5813849656102584,-0.0016106550190553288,1.9250586457605745,-0.6664331024261069,-0.037043863412050515,1.7442160201489725,1.2742379472241465,0.031341018555152034
21.75,0.13869097813743447,4.293934979135783,1.4678663800930958,-0.5768144208208291,0.00025351165613391504,1.8750121912942797,-0.8159608633515801,-0.025617423912552395,1.7973181461419967,1.4154881280772864,0.0316029134612808
21.8,0.13613670841182268,4.310977611441076,1.4935018287955935,-0.5749402386101286,0.0013062138956512208,1.80734639264857,-0.8872412722255933,-0.01090253135351544,1.8671248765943524,1.4811873346272166,0.027778591470401848
21.85,0.1341426338169132,4.328077821731178,1.5195648346920012,-0.5758602159646239,0.0014205682867173657,1.7286273055484775,-0.8717807297671859,0.004555057713787768,1.9475573578295506,1.4648562924127067,0.01933788085430112
21.9,0.13272504036622879,4.345233870554188,1.5453791815663263,-0.5795858195961372,0.0007681263366934867,1.6465188321115483,-0.7689536807811691,0.018470294129122124,2.031671435051776,1.367271479982042,0.006794355228973757
21.95,0.13190335420372895,4.362446503404449,1.570217689584979,-0.5862110328383354,-0.0002506042070192112,1.569182453998391,-0.5862927257613773,0.029350917557660887,2.112307070908311,1.196258790934539,-0.008177068056669281
22.0,0.1316993534397606,4.379719259560864,1.5933257552831273,-0.59594607235346,-0.0011523445911097664,1.5045720887206548,-0.33896225630951815,0.036691472799598925,2.1827338633611193,0.9659660676161873,-0.02300119759970492
22.05,0.13213399173624438,4.397057592594852,1.6139844350571348,-0.6089713128048667,-0.0015239299413963062,1.4596398797445957,-0.048374056292180445,0.040828298961164744,2.2372365890903296,0.6957174040103477,-0.03483203897389994
22.1,0.1332229187612917,4.414467060402262,1.63160291644337,-0.6251612216131346,-0.001135909964332864,1.439617095258121,0.25993343398113006,0.042526416240196055,2.2716258390655777,0.40852648497023314,-0.041351370554676886
22.15,0.13497226493425785,4.431951361988367,1.6457911992973753,-0.6438171359444796,-1.3258698315211212e-05,1.4474874125388704,0.5588575012437546,0.04250071766380543,2.2836321954333187,0.12929158289647155,-0.0414169151759126
22.2,0.13737633857547998,4.449511092838142,1.6563927646610634,-0.6635570229182423,0.0015637838555185033,1.4836932443307833,0.8223656445371081,0.04110721472553688,2.273090537629902,-0.11729655888233818,-0.03530089072289383
22.25,0.14041792601919142,4.467143754570945,1.6634911145882059,-0.682442913107935,0.0031482934395582174,1.5461130460381693,1.0278740736658505,0.03825303169858899,2.241937558111175,-0.308999260257409,-0.024507187840745362
22.3,0.14407101286757132,4.4848450758156835,1.6673927695140482,-0.698343816221407,0.004276509771877834,1.6302991435006713,1.1581456183528849,0.03350459608800472,2.1940652537877536,-0.42823765702362243,-0.01127877311132122
22.35,0.14830482446033758,4.502611036174032,1.6685957796316564,-0.7094159912673089,0.004638681030430213,1.7299315980875576,1.2026216631078217,0.02637989662475618,2.1350216030219418,-0.4639866868583393,0.0020773058112805486
22.4,0.153087816154471,4.520439706484831,1.6677442321312068,-0.7145298997337273,0.0041946365080090175,1.837431585006625,1.1581768485417534,0.016725599567511053,2.071559154070043,-0.4130567023158827,0.013828566741153724
22.45,0.1583905994246372,4.538332189150508,1.6655758199910993,-0.7135047359699443,0.0031860772884061126,1.944682842806978,1.0293193651679133,0.005026054638260254,2.0110584361144466,-0.2805521007367922,0.023190942919710206
22.5,0.16418658506248918,4.556292261862334,1.6628786857551956,-0.7070748762335123,0.0020541801945727443,2.043784980835559,0.8278753402070758,-0.0075059623115773235,1.9608671825214843,-0.07940236499437228,0.03034243456594739
22.55,0.17044989523403822,4.574324849339095,1.6604576981257249,-0.6966096515921665,0.0012845252915452865,2.1277653212050884,0.5721653325006582,-0.01912190451102587,1.9275972263205132,0.17098568865785826,0.036063141663751304
22.6,0.17715176711851424,4.592433989098386,1.6591013362690719,-0.6837056737417139,0.0012279553821017803,2.19117505024719,0.2856482224356857,-0.0279349077363265,1.9164303226204624,0.4467331586794999,0.041179927911643696
22.65,0.1842570908488081,4.610621221873737,1.6595517451038266,-0.6698179136403495,0.0019744714495154685,2.2305102080265935,-0.004967110872791026,-0.032391259808629703,1.9305487834488289,0.7218566446290079,0.0460770391838993
22.7,0.19172211783904297,4.628885093592363,1.6624798344667766,-0.6560602407012229,0.0033299523040699734,2.244501879457836,-0.27204869474999355,-0.03168783564773779,1.9707777805910942,0.9706915433756916,0.05037401754863626
22.75,0.19949433927439658,4.647221970433915,1.668432706693311,-0.6432272717341085,0.004864758770060693,2.2342516043843252,-0.48964110999588517,-0.025954513594899586,2.035438219360119,1.1701145080773157,0.05286849166181996
22.8,0.2075150641604715,4.665627797761246,1.67777068214598,-0.6319727950667983,0.006024363658753209,2.2031469481694255,-0.6360657405690023,-0.016163211127407474,2.1204552825345724,1.3014179540369746,0.051868846812727576
22.85,0.2157240441325249,4.6840999572716635,1.6906484644519328,-0.6230002374268959,0.006332932296152061,2.156600624148419,-0.6961575488158114,-0.003854170363772636,2.2197278473156343,1.3517878479918992,0.045857469719955815
22.9,0.22406434486185342,4.702638448002899,1.7070058324414903,-0.6171575479470387,0.0055820703802091825,2.1016375187102945,-0.6628331024659919,0.009266384967943119,2.3257003941651297,1.315353574547353,0.03420921259633686
22.95,0.23248583687069949,4.721246042466616,1.7265599703423409,-0.6153817231267618,0.003901892777313676,2.046307304521336,-0.5378012849396911,0.021732114541699998,2.4300809752604793,1.1937403654431895,0.017672578026022588
23.0,0.24094644047251546,4.739927361780952,1.7488291452464964,-0.6184814089736466,0.0017125491770966766,1.9989702971515664,-0.3313285812234626,0.032577559910125016,2.5246336970858967,0.9960812327924029,-0.001566430063977666
23.05,0.2494106585358452,4.758687234784774,1.7731842958755015,-0.6268310407726542,-0.00041312446694150007,1.967528260102007,-0.061140473889359434,0.04141550885944385,2.601964854366561,0.7384460656051164,-0.02027874304019206
23.1,0.25784552558496576,4.777529110873421,1.7989173513022043,-0.6401132558421178,-0.0019307619704872477,1.958659843461905,0.2493433513022161,0.04827010045132987,2.6561783882197845,0.44261606972363954,-0.034983286183503604
23.15,0.2662154097938892,4.796454112049939,1.8253170410943873,-0.6572126904087185,-0.0024894499985299167,1.977110000184578,0.5732206342179738,0.0531924425772139,2.6833545887838794,0.13423652796034596,-0.04289454042930351
23.2,0.27447800703718306,4.8154610432467635,1.8517509821163027,-0.6763125215987242,-0.002002486176290272,2.0250922865684036,0.8825049744338316,0.055905826324734655,2.6818546190976926,-0.15951755112041208,-0.04269913544953828
23.25,0.28258320218317023,4.834547296358215,1.877776413884494,-0.695165519192065,-0.0005725565905751896,2.101952641506356,1.1505231105327398,0.05571877929794463,2.6524533313625525,-0.41253482480600545,-0.03490311137508014
23.3,0.29047516402079754,4.853710214788359,1.903188135725239,-0.7114746557628423,0.0015721258697952987,2.204177007945791,1.3541664902379877,0.05175082377731023,2.5983350459213996,-0.6023141164939526,-0.0215841156067304
23.35,0.29809665802634844,4.872948449724435,1.9279234481468073,-0.7233080992851211,0.004042652097590819,2.3257164976626052,1.4758367604644373,0.043336895325087645,2.524920561061772,-0.7121908423726288,-0.005675071448528796
23.4,0.3053942375058641,4.892262702286231,1.9519785741058404,-0.7293943081171377,0.006361190990243381,2.4585731003482953,1.5049874579502922,0.03043672172217998,2.4394825275168017,-0.7329708210142978,0.009899299528097118
23.45,0.31232279975905103,4.911655479174724,1.9753855261999298,-0.7292081324981231,0.0081201730068593,2.5935602223415906,1.43916991381259,0.013918652464784879,2.3505736455771746,-0.6637591636377972,0.02298098143175468
23.5,0.3188447015340352,4.931130076821107,1.9982030569402591,-0.7228788432102465,0.00909201000757456,2.721154136755967,1.2844465389867885,-0.004360006528068812,2.2672836328447716,-0.5119451712721469,0.03259100286993703
23.55,0.3249293381268146,4.950689354213511,2.0204999187114523,-0.711007940670537,0.009280483238478467,2.8323259685899953,1.055050077859141,-0.02183101542616867,2.198383771118005,-0.2924162208843044,0.03892841346962923
23.6,0.33055738446570837,4.970334777414543,2.042321743855681,-0.6944825068894064,0.008910829911121926,2.9193390624858178,0.7722635118793223,-0.035790352958604145,2.151576232435027,-0.026109083112112706,0.04312031465802682
23.65,0.3357154447411394,4.990066096497923,2.063688343211709,-0.6743526100226855,0.008337573511686153,2.9765023335258487,0.4625686221472759,-0.04400977488244069,2.132867650423924,0.2619073453869306,0.04664691805568105
23.7,0.34038736332787234,5.009881950374805,2.084628578602237,-0.6518226615352031,0.007950592712970958,3.000701196950477,0.15517519250332112,-0.04526197686396423,2.1458280395842206,0.544548987443597,0.05036531311383342
23.75,0.3445510509517628,5.029780947121593,2.1052165003542425,-0.6282917165121934,0.00812246973649882,2.9916578913280505,-0.12077805356976064,-0.039602872883425906,2.1909394469243817,0.7949400672889869,0.05376932366843546
23.8,0.34817904385168613,5.049762386101969,2.1255657812005686,-0.6053246961415293,0.009120841915609973,2.951973833570198,-0.33897329785790375,-0.028303646305760058,2.2654304847009246,0.98876045638232,0.055044604437074166
23.85,0.3512422143391006,5.069826373540918,2.145790402208623,-0.5845242070335924,0.010990061330407403,2.886957590121727,-0.4783295111132307,-0.013449217291982394,2.3635909961455073,1.106525972842947,0.05176304734228743
23.9,0.35371566974320795,5.089973407417492,2.165982927708288,-0.567320714311041,0.013499495671670044,2.804223903039088,-0.5248799063038777,0.0026947351635038864,2.47744156065496,1.1355448207154992,0.04195029395035133
23.95,0.35558495544745283,5.110203844892627,2.1862077374682953,-0.5547624560852888,0.016214116079783333,2.713097980384502,-0.47300008987312625,0.018302012545890988,2.5976589637616994,1.0712825574300926,0.025148010018646843
24.0,0.3568497945076231,5.130517758158073,2.2064833233537424,-0.5474026037082482,0.018644295024667117,2.623914794295042,-0.3259425620445622,0.03236810585871725,2.714591617055077,0.9178896683614317,0.002998403327119519
24.05,0.35752379443981563,5.150915318712996,2.2267854956182855,-0.5453044773696858,0.02039118452935309,2.547198700785305,-0.09564797130201128,0.04474873094148865,2.8192148965215087,0.6878148168268349,-0.0209507639574933
24.1,0.3576306108865283,5.171397414648721,2.247059996478487,-0.5481253636286153,0.02127474969989252,2.492706749031751,0.19819434570350636,0.055805979347983134,2.9039980270629306,0.4006095808695972,-0.042070474050255116
24.15,0.3571984375175522,5.191966044952297,2.26722655759907,-0.555208205945593,0.021373576415775974,2.4684559383069566,0.5298161617381466,0.06588171305667886,2.9636201082386813,0.08109658305098018,-0.055673517549671654
24.2,0.3562545637010095,5.212624332284676,2.2871870304060096,-0.5656455204043969,0.020948091173203922,2.480007173956136,0.8696696347014232,0.07501870276895146,2.995282972402421,-0.2429455296385002,-0.05824549496587269
24.25,0.3548209969552781,5.233376112882732,2.306843631414629,-0.578304372895138,0.020340356794300855,2.5300250001251245,1.1871551630025656,0.0828597932171977,2.9986776059348887,-0.5433321472215115,-0.04870415960174302
24.3,0.35291282088991965,5.25422511386744,2.3261195285845133,-0.5918133152576535,0.019902394831240518,2.6177925196893854,1.453468873881104,0.08829884551613704,2.975949258294129,-0.793961390701999,-0.028803504668313648
24.35,0.3505411710838216,5.275173884217297,2.344996835202565,-0.6045324839801435,0.019943559513179564,2.7389218568036493,1.6443339356580358,0.08937464013634597,2.9316269828702457,-0.973046386287474,-0.0025094712483599412
24.4,0.34772061945129035,5.296222766528681,2.3635428186443788,-0.61455421706036,0.020697291959931658,2.8857517482147363,1.742434223020039,0.08402437095283892,2.8723397409310643,-1.0649669728379354,0.0252279000406617
24.45,0.3444778123940236,5.31736965427733,2.3819008921863363,-0.6198407141670542,0.02229708109385857,3.0482477764114075,1.7391618111808589,0.07122742417035245,2.8062967677492345,-1.0616858775669384,0.049880574003147965
24.5,0.3408577966791518,5.338610997996915,2.4002727456809265,-0.6185478917021835,0.024755783256513817,3.2150723455019143,1.6353736992258525,0.05185239448685594,2.742549460134155,-0.9636676598780812,0.06846973717807815
24.55,0.33692572657811526,5.3599436382739825,2.4188850743734753,-0.6094501101187337,0.027953719837056377,3.3746969414254306,1.4411418151254642,0.02885588841675347,2.6901351539186167,-0.7801385036217701,0.08013194847113769
24.6,0.33276293220659525,5.3813666699175755,2.4379568667918075,-0.5923158405416118,0.03164860090645917,3.516438898532037,1.1746145316301886,0.006706084801695344,2.6572177982256435,-0.5285424353077479,0.08596479378866936
24.65,0.3284583746838431,5.402882595608912,2.457684548270164,-0.5680957583670947,0.035519457533234065,3.631323497209713,0.8601998555152368,-0.009822956271251815,2.650177594637215,-0.2331793352114757,0.08809395551964114
24.7,0.3240987070970738,5.424496979166946,2.4782381884089513,-0.5387930324065778,0.03922820847297179,3.7127492178072314,0.5263745768374788,-0.017029584398724422,2.6727199303701834,0.0769745217527036,0.08844811496357845
24.75,0.3197601899405861,5.446216303377684,2.499767033270994,-0.5069826077290372,0.04249309413921937,3.7569875867456277,0.20337833690369786,-0.013295792070272313,2.725320884659587,0.371189526784534,0.08788886569501178
24.8,0.3155045816417767,5.4680450248352335,2.522374260575077,-0.4751687936692714,0.04514264905511567,3.763495845150512,-0.07913623630505896,0.0005630587733407579,2.8051397222165932,0.6202658732846474,0.08593296544120803
24.85,0.311379987935539,5.489983404634101,2.54608149796275,-0.4452571021032987,0.04711765340486165,3.7350087069283315,-0.2945094056453115,0.021660674818828524,2.9063613996268067,0.7996113966217039,0.08114017612127575
24.9,0.30742561017816333,5.5120272255931475,2.5708218973259678,-0.418338917283912,0.048479761624000285,3.677359664337309,-0.42148146036179235,0.045950433024334346,3.020918484784333,0.8916481665669449,0.072050846721321
24.95,0.30367793552433886,5.534169736613472,2.5964222898255733,-0.3948625064624572,0.049425694431119147,3.5989882533318838,-0.4464406660424023,0.06935516783117052,3.1394410077540513,0.8872425007400416,0.05824528696095329
25.0,0.3001757406073921,5.5564050607296105,2.6226018660330106,-0.3750648874481262,0.05025799747765811,3.5101883184142184,-0.36519040059544955,0.08878886210298417,3.252276578546402,0.7861198965204288,0.04102113355884286
25.05,0.2969617542392921,5.578731446760122,2.6489751404746094,-0.3594043080760223,0.051285996138032856,3.4222313881958275,-0.18383073365454813,0.10289411025871914,3.3503970069475986,0.5964538787945033,0.02330916878407987
25.1,0.2940802599309696,5.601152865959709,2.6750481206689742,-0.34874577307630333,0.05269008060366276,3.3464221575257724,0.08152927504969402,0.11226685131543009,3.4260883234233526,0.3338801619222482,0.008808974097028287
25.15,0.2915713716082653,5.623678217033746,2.7002751535008565,-0.3441677360187817,0.05442690399220239,3.2930654705146805,0.4062884300245998,0.11887529841906853,3.473493350228366,0.02014412147132128,0.000794807787734048
25.2,0.2894644312746557,5.646318479832682,2.7241599342570457,-0.34645753019112674,0.05618767848064351,3.2703239021100377,0.7598867910457464,0.12475037445079654,3.4890512024825253,-0.31852873045663643,0.0011059176947510658
25.25,0.2877772178328604,5.669082789217359,2.7463278908587867,-0.3554871981003199,0.0574773269619194,3.283135747394716,1.1090321508853853,0.13063959827873012,3.4718178192669042,-0.6533007731305719,0.009641010543618015
25.3,0.28651670026401205,5.691974907911991,2.7665906979026182,-0.36973148681648016,0.057829083717158995,3.3325091601678114,1.4211724345085783,0.1353695132992438,3.4236405592588834,-0.954865423056429,0.024450320001562918
25.35,0.2856775675679845,5.714991643789195,2.785042624455416,-0.386180356776375,0.057059534096461285,3.415321244716054,1.6676933051465201,0.1361666697125434,3.34912102367126,-1.1959130784659153,0.04236124644308631
25.4,0.28525105168178727,5.738123838462825,2.802114518044136,-0.4007459223697747,0.055473933594962,3.524746047329686,1.8265527872760094,0.1298410819121775,3.255304647705598,-1.3537852688364787,0.05990381306503896
25.45,0.2852364139187646,5.761359937383453,2.8185254624894447,-0.4091382314315167,0.05389394841248656,3.651228669966494,1.8840222929269812,0.11429717031745928,3.1511649259077843,-1.4130681572001298,0.07429193902645237
25.5,0.2856466707020059,5.784690899879028,2.8351982832387175,-0.40794728922815526,0.05344063762516349,3.783680598306022,1.8354001330974936,0.08980801180459673,3.0469437730043576,-1.3677142258633006,0.08427677387676347
25.55,0.2865091124959791,5.80811420603374,2.853193383470386,-0.3955141527421837,0.055154512467450116,3.910721718298429,1.6849641537714592,0.05953418790035022,2.9533800704323747,-1.2221759658144018,0.09049851321666348
25.6,0.28785952372664925,5.831635226960585,2.873637238381464,-0.37227742505548084,0.059619361956507716,4.021819470307695,1.4454140081864826,0.02892391348298764,2.8809010399225716,-0.9912046866481726,0.09513365226996928
25.65,0.289731662943326,5.8552653888316355,2.8976413287616443,-0.3404852230981747,0.06670072277972065,4.108228518620295,1.1369429753873905,0.004202242503522414,2.8387862436052957,-0.6982743150437367,0.10082217310888363
25.7,0.29214583408356004,5.879017871734766,2.9262248745618096,-0.30339685913392594,0.07545991617754082,4.163723347094323,0.7859583469276574,-0.009423939635401671,2.8342141190761048,-0.3729093851670891,0.10916385284609816
25.75,0.2951017222247316,5.902902428328799,2.9602774941069234,-0.2642608846105183,0.08434162532290733,4.185182313482017,0.4233877338834914,-0.009098373429547169,2.8712663227636153,-0.04737199321866909,0.11960766948616725
25.8,0.2985781942956921,5.9269214587055945,3.0005942031169877,-0.22545898111668108,0.09165764147527142,4.172986144263312,0.08241595388251788,0.0050752228947633605,2.9502455179080638,0.24678498585220923,0.12929135503010838
25.85,0.3025393474506192,5.951069282700427,3.0478691694594424,-0.18818142688448825,0.09614020236301916,4.131036330161174,-0.20448211844877834,0.030015407314069,3.0674978230613097,0.4817654263753547,0.13383832691147848
25.9,0.30694573042204604,5.975334881025628,3.102588841160771,-0.15270487073687075,0.09732581485656747,4.066427034669412,-0.4089536545730167,0.06048461033432308,3.2157534019741654,0.63583774147005,0.12893986836760338
25.95,0.31176766977896864,5.9997069640688325,3.1649067084800366,-0.11907941417491191,0.09567469468467141,3.9888854755511396,-0.5101203257765768,0.09070949896803651,3.38492251657711,0.6947776940666419,0.1122104834459912
26.0,0.31699540612766575,6.02417941800664,3.234545591583268,-0.08789110075579865,0.09243355355538505,3.9099925293364928,-0.49730101716882563,0.11607075410154559,3.5631396815600582,0.6525107515202326,0.08448277422812932
26.05,0.3226421959394207,6.048754779226427,3.3107660820281586,-0.06069751354102427,0.08929343250355685,3.8421988629933295,-0.3715374861707121,0.13418939545751926,3.7378898796932956,0.5112273603892578,0.04997821775002071
26.1,0.3287395720053417,6.073444094047914,3.392400986342718,-0.03986795477424354,0.08788779084959984,3.797674305264793,-0.14556476157600154,0.1451931019439381,3.897120237105153,0.28121169929056267,0.015295714655365547
26.15,0.3353261224715141,6.098263104175565,3.477913411586632,-0.027842989127866362,0.08922931710320087,3.7870597205269547,0.15778312888177085,0.1511336946677044,4.03017968245928,-0.01960931459406591,-0.01245011675598465
26.2,0.34243342748256417,6.123226393811439,3.5655307653594575,-0.026095921815711312,0.09333780936457049,3.8181973528150905,0.5083485336024021,0.1546115792898964,4.128596548897903,-0.3665512045473647,-0.02766642177658868
26.25,0.3500745104487827,6.148341749842215,3.653480422009223,-0.03419170719770725,0.09927093183864845,3.894984783634454,0.8720954263471747,0.1571416500082698,4.186855621925257,-0.7296487375192605,-0.027749606745525675
26.3,0.35823871165783855,6.173606814765581,3.740226102553648,-0.049333273132978306,0.10552000552095189,4.016621416058943,1.2147455914711032,0.15810432676979647,4.203033441547675,-1.0758992317682785,-0.013589508958176818
26.35,0.36689453379292813,6.199009862422528,3.8246126907184492,-0.06670730884384433,0.11056582629604035,4.177446879113009,1.5049788054463231,0.15482018516288973,4.179037888454628,-1.372384777965172,0.01097262698713074
26.4,0.3759993078548217,6.224534689965187,3.905875472244698,-0.08061425104163437,0.11337946229087717,4.367548026879805,1.7168426811620108,0.1439086828719413,4.120408459328811,-1.5899917934582357,0.04048603760175074
26.45,0.38551101254868053,6.2501676746054144,3.983539535151933,-0.0860077173022099,0.11369387553022173,4.574015584244268,1.8313761540678917,0.12326151798737249,4.035803065929848,-1.707087902447308,0.06950172125269204
26.5,0.39539706042981815,6.2759040769153165,4.057333303502865,-0.0798558593729692,0.11203505932999222,4.782389607878031,1.837596493286775,0.09350714903570574,3.936293087510925,-1.7123982088255987,0.09396920450051115
26.55,0.4056369311652868,6.301750771516714,4.12715672784933,-0.061795818810326864,0.10954052111957323,4.978090070448279,1.7331644871734526,0.05829467973154309,3.834460408272313,-1.6064490875524358,0.11209860684572925
26.6,0.41621788647809477,6.327724146398858,4.193040389481035,-0.03387733280778647,0.10753520421906618,5.147760781368087,1.524887736583102,0.023506138775310752,3.7433520074304303,-1.4012823081839236,0.1244241325661841
26.65,0.42712528328912963,6.353844090428284,4.255115731374301,0.00045234960918297533,0.10702416371686906,5.280378743981931,1.228893422225444,-0.004284784003431904,3.6753786914262117,-1.1185866650834948,0.13305807562219013
26.7,0.43833117202580935,6.380126720240266,4.313625481757999,0.0376739833121437,0.10833525344998657,5.368059983361056,0.8700815082472235,-0.019705797968636706,3.6411679717954653,-0.7867789852349205,0.14045397285106642
26.75,0.449785519562901,6.40657893777069,4.369012020613282,0.07529419742169778,0.11111208580487156,5.406594621397592,0.48049694529791487,-0.020178722646217048,3.6483735631195544,-0.43774730683694574,0.14808830834324563
26.8,0.46141333781777016,6.43319684414129,4.422176831925738,0.11236203481752018,0.1147519918662439,5.395762157090144,0.09653158886602041,-0.006535201918210701,3.700650940241258,-0.10381472568816932,0.15548547559293135
26.85,0.4731185445392594,6.459968551099223,4.474502470873644,0.14918688213724657,0.11869158308775359,5.339344637055918,-0.2448748595299651,0.01753175938551507,3.7971378601225423,0.18484828719429827,0.16002697985125006
26.9,0.4847937300012462,6.486880180325133,4.527342589223518,0.18637130051678497,0.12224538616579138,5.244872282447112,-0.5104863623653566,0.04668422303031424,3.932572118856232,0.40232850387142305,0.1579021853450808
26.95,0.4963341025128356,6.513922304438827,4.581635031978826,0.22378636862940154,0.12469414219356985,5.123084926929914,-0.6747273198800723,0.07542322951089643,4.097957102614651,0.5286449696380904,0.14590976434587463
27.0,0.5076512419162987,6.541094220532101,4.637843926676636,0.2599981734204393,0.12555236254063157,4.987092070005833,-0.7226580730592519,0.09955990796715551,4.281612935965495,0.5511294750418552,0.12319995589709139
27.05,0.5186813995048692,6.5684045637481,4.695969255231003,0.2923298325065885,0.12469987260947957,4.851396864495295,-0.6514577956105069,0.11720162919626041,4.470325580412812,0.4655519591352559,0.0919498393400083
27.1,0.5293860828523288,6.59586783759334,4.755659125336443,0.3176139333703961,0.12252782360711105,4.730823834394242,-0.4702462203038838,0.12887713056403988,4.650581966240376,0.27699920636458836,0.056841413926959586
27.15,0.5397460703207427,6.623498176305577,4.816446684746048,0.33340282495703766,0.12002615571560804,4.639246369529235,-0.1984901657992878,0.13680582332183522,4.810021753732571,0.00033364246353215915,0.02405396960547283
27.2,0.5497500595455466,6.651303746569852,4.87787065738906,0.33900171352801167,0.11837751210242038,4.588133897133842,0.13642028462138792,0.14353834618006184,4.938756442540717,-0.3403473922047914,-8.52251001326799e-05
27.25,0.5593815062735878,6.679284363360535,4.939443114190065,0.3358426663214966,0.11825632937746045,4.58509113416227,0.5018331687568236,0.15036348753886888,5.0302391444759715,-0.7136192728526145,-0.010751630329068042
27.3,0.5686098699448423,6.707432249102409,5.000654108659623,0.32721085538501105,0.11954577983188726,4.6326286173546505,0.8626245866897189,0.15606965563549946,5.0817511874715775,-1.083778975998346,-0.005931994406447071
27.35,0.5773900684342048,6.735735126223249,5.06103355235682,0.3174887183885238,0.12157243109386888,4.727489345803403,1.184185145724114,0.15677853264787486,5.094470456287037,-1.4146215623320189,0.013152736688838883
27.4,0.5856703323660261,6.764180663015932,5.120228111416495,0.31112598581374407,0.12354343271660041,4.86091980501224,1.4353165398058711,0.14750403996628855,5.073126993415667,-1.673448921338202,0.04245552228241663
27.45,0.5934044869925729,6.7927605708067835,5.178006860086456,0.31163769618698306,0.12486779858720251,5.019983538823663,1.5908443331228637,0.12482158334125418,5.025631235564757,-1.834644780386097,0.07625063365701595
27.5,0.600563602952753,6.821473175726937,5.234199157642549,0.320899867272012,0.1252866901438784,5.189460396631482,1.6338110882890113,0.08906808397992168,4.962640184790743,-1.8823743117194471,0.1088899085542145
27.55,0.6071422142072687,6.850323818522666,5.288631494882818,0.33892199280777235,0.12493350222855035,5.35375069687648,1.557090153799822,0.04497173812211458,4.896671114169013,-1.812152119071966,0.13628933190363968
27.6,0.613156139027642,6.879322826579803,5.341071131041732,0.36412603503924285,0.12429300196947486,5.4984977726997215,1.3643322005646008,0.0005139206660876969,4.840834445636488,-1.631077380407372,0.15658043663177382
27.65,0.6186327533269105,6.908481768264127,5.391271151552233,0.3940192483736902,0.12398700953753128,5.6118621938239865,1.070102023250213,-0.03539904101159165,4.807413193136698,-1.3567982314303475,0.16988304381952252
27.7,0.6235980270433638,6.937809268213888,5.43910036062392,0.42604343464952177,0.1244489458412177,5.685473870707019,0.6990493116439322,-0.055509429035984735,4.806485701214741,-1.0154481773299118,0.1774926179125104
27.75,0.6280650819977591,6.9673078284126095,5.4846624296458195,0.45829361644944105,0.12568152825414458,5.715077763703631,0.2839939651782909,-0.05617343684710939,4.844730996434498,-0.6388299037039006,0.18077663889448936
27.8,0.6320277158559723,6.996973281398682,5.52837198407883,0.48977933426660886,0.12721402306397142,5.700906383251297,-0.13709913683124325,-0.03816048965002124,4.924245335307512,-0.2613875379033521,0.1799392808064448
27.85,0.6354621989039817,7.026797042552468,5.5709927603870435,0.5202066079127246,0.12822411303261438,5.647772120778517,-0.5249839601712842,-0.006081276764065578,5.041749960447326,0.08268685132218279,0.1735644785990789
27.9,0.6383374817613253,7.056769788218312,5.61352663353341,0.5494705164378489,0.12777157279561643,5.564783759211083,-0.8433324423817204,0.033272328928242785,5.188962489084366,0.36228806529193175,0.15948625491646906
27.95,0.6406294568026695,7.086885198173987,5.657024313424011,0.5771232599205124,0.12515685607564575,5.464672626852566,-1.0626751560739038,0.07300042485166768,5.35390837608701,0.552016735094691,0.13639431922056028
28.0,0.6423339446872312,7.11714247183552,5.70250840413849,0.602097140226415,0.12030308413600731,5.362606583359195,-1.1635697867347015,0.10779494574610395,5.5227249654504265,0.6343724916026807,0.1055509808548407
28.05,0.6434733234610529,7.147546968606956,5.750845692288625,0.6227096377712833,0.11387969079255215,5.2744832438119404,-1.1386846241662667,0.13469682982665984,5.681635436055278,0.6014038582914468,0.07167594157527028
28.1,0.6440931199827679,7.17810898849554,5.802554071759042,0.6369435154074005,0.10698408858411396,5.215100876249873,-0.9935110497880992,0.15296483917998924,5.818353797480677,0.45560980414836827,0.04170861096770132
28.15,0.6442512876260058,7.208840344603187,5.857881776766942,0.6431337951828484,0.10070021695104261,5.196391756675536,-0.7454779881245115,0.1633207962851885,5.922845509454133,0.21007691987971275,0.02218133104777694
28.2,0.6440070628908278,7.23974947200708,5.91698234267451,0.6408336835399113,0.0958690527742533,5.2257871159625,-0.42163985125747566,0.16678190363898018,5.987920664191437,-0.11219058295510381,0.017069242201028886
28.25,0.6434140685502977,7.270837535250837,5.979955461057162,0.6313655148051602,0.09307980064328873,5.305099438888849,-0.05546126609860877,0.16356819404422948,6.009754708243964,-0.47996295638346886,0.026833688641166285
28.3,0.6425188461075281,7.302097131466932,6.046803256837858,0.6178202336163788,0.09266069719182687,5.430570023685125,0.31681203219698323,0.15311685099486955,5.988242764767728,-0.8565307713136848,0.04853479012012581
28.35,0.6413637090362856,7.333514700184522,6.117417213268666,0.6044334126025823,0.09444190641257813,5.593801860228032,0.6595007551163989,0.13505694437483462,5.927135382801506,-1.2034871470159303,0.07699158444885945
28.4,0.6399921688557036,7.365076350060923,6.191565394851309,0.5953968092840647,0.09766435359625315,5.782743440372309,0.9400854205957293,0.10990442698672594,5.834077569167036,-1.4850896417842605,0.10678205696386658
28.45,0.6384544960338988,7.396773926937572,6.268936470719215,0.5936421557481917,0.10125320600324193,5.982973963300868,1.131412239270663,0.07950587134494821,5.720424037313856,-1.6723254679513098,0.13410333736414268
28.5,0.6368103185650646,7.428608854362429,6.349272621841571,0.6000755610341407,0.10421616316780678,6.179308826407679,1.2137194700276723,0.04719827655393181,5.600514385189114,-1.7461131546269513,0.1576701402433433
28.55,0.6351266237604821,7.4605924414411104,6.432491046918136,0.6134739981412457,0.10613672831882945,6.357244734414369,1.1764112692042081,0.017218539124483626,5.490540303129384,-1.699175790347609,0.17854201718061363
28.6,0.6334719937361464,7.492742630471259,6.518670142028104,0.6310273444647221,0.10744649557245421,6.503707403453466,1.0193257549139794,-0.00663554436502437,5.407190723472161,-1.536357898623293,0.19913347800241943
28.65,0.6319094848835983,7.525078106323989,6.607808611753335,0.649374920558209,0.10895110881912677,6.6076720507663875,0.753376405475996,-0.02186779584622101,5.36598603603129,-1.2735340646414797,0.2217773094418866
28.7,0.6304900706644514,7.557611420952586,6.699484305438844,0.6658352211271403,0.11104654248488262,6.661672054582775,0.40056294586587166,-0.026988485601988976,5.379514725267069,-0.9353788123492544,0.24705185479126912
28.75,0.6292489926039844,7.590344476261711,6.792701999566414,0.6792450213842448,0.11348856925295102,6.663001216344252,-0.007335352384804858,-0.021433340274435938,5.455870142524641,-0.5525535882520286,0.27250132899071866
28.8,0.6282081869759185,7.623268594754798,6.8859027004603695,0.6900350244648279,0.11556984816117655,6.613832550944178,-0.43178944344640235,-0.005827346537653897,5.597258580913175,-0.15891473336106515,0.292658071239639
28.85,0.6273852320149406,7.656368549861772,6.977151524475455,0.6996750511885672,0.11635527246743264,6.520954745700806,-0.8317594985241764,0.018250401519676968,5.799292288862118,0.21120036967683306,0.3006523645356871
28.9,0.626806001467886,7.689628709131026,7.064636551334286,0.7097934856645588,0.1152846396200727,6.395406485562023,-1.168406222816229,0.048861014590796906,6.051503997907882,0.5256521107679695,0.29092799113768714
28.95,0.62651476245738,7.723039597586593,7.147110841787882,0.721180465801352,0.1128525678386398,6.251653141294903,-1.4096958587830029,0.08384858487460334,6.338711506152419,0.7568716991091249,0.2618954307744505
29.0,0.6265770604529848,7.756602426772511,7.223882078314367,0.7330741791017217,0.11049284630045318,6.10634220594925,-1.5341667784085455,0.12076310781245508,6.642735652537289,0.883954520971388,0.21738030168667544
29.05,0.6270751462385358,7.790329243682864,7.2945839626418705,0.7431677218471032,0.10989021587313558,5.977010288388751,-1.5330995069677043,0.1571575302796745,6.944186429704487,0.8946561905743952,0.16593268127868196
29.1,0.6280973121509091,7.82423845667642,7.358740306243096,0.7483527296035613,0.11211352383562814,5.880699249421119,-1.4108193400055857,0.1909385379533547,7.224142925199078,0.7871495948912599,0.11826010626631878
29.15,0.6297238228130217,7.858347615295597,7.415367416201584,0.745933784453195,0.11678766338277558,5.83203028293305,-1.1834430180640538,0.21999258897274487,7.4657169113798325,0.571139965066298,0.08417676361277877
29.2,0.6320155002655727,7.892666247919179,7.46338281622449,0.7349379116590822,0.12227521327476608,5.840701191123762,-0.8765930459164166,0.24121700208090852,7.655452501919421,0.2678850083421742,0.07002328661912516
29.25,0.6350108841402963,7.927191064153638,7.5023474298795625,0.7169657945474422,0.12684408199320382,5.909691315079126,-0.5222935424120371,0.2506267884519872,7.7844016522077055,-0.09121096615988743,0.0772184685796777
29.3,0.6387305202509731,7.961905679204211,7.5327322609151235,0.6960895136697225,0.12954339921733835,6.0351606975142005,-0.1554854642130124,0.24487732681063953,7.849041995309211,-0.4675012093435067,0.10237152517925065
29.35,0.6431848399356533,7.99678614222798,7.5558634366981074,0.6776849371509452,0.13051478550265305,6.2075054991358165,0.1889649366522891,0.22294870373213543,7.852015513256786,-0.8193604166464933,0.13895024773580048
29.4,0.6483818098941418,8.031810391889232,7.5741470495025425,0.6666760801742693,0.1312416766312872,6.4131471670305,0.47856942842781863,0.18729838103912022,7.802107649589881,-1.1073483209150468,0.17966501777012958
29.45,0.6543289686294669,8.066968457885126,7.591077486011695,0.6656847641321754,0.13391622663629044,6.636427988020164,0.6849914229209035,0.14400082505698775,7.713240706201402,-1.299461630723542,0.21822600645637957
29.5,0.6610284625169299,8.102269141999031,7.610083455050898,0.6736377742322209,0.13965498938562476,6.861168369985385,0.7857665968586149,0.10083721707582823,7.603040789716688,-1.3752023699905846,0.25040159753043323
29.55,0.6684715670613609,8.13773822866301,7.633447651293208,0.6858965285598935,0.1477713284428457,7.071816211252915,0.766549393893928,0.06434721099079184,7.491219606919049,-1.3273385308096184,0.2747320649169677
29.6,0.6766366068923697,8.173408186482895,7.662168835522373,0.6961067173194205,0.15640364056272724,7.254378151733513,0.623682103144654,0.03846765231144052,7.397500004467953,-1.1613625970447023,0.2922068594863426
29.65,0.6854894453890161,8.209304644893455,7.69640472355993,0.6987813391941666,0.16370322972639956,7.3976515770243765,0.36629812359647734,0.02453169195664684,7.339553640267242,-0.8934075485927062,0.3050035459207184
29.7,0.6949858645275617,8.245436087454468,7.736034995161297,0.6913667641431003,0.1688841393350914,7.494584050291247,0.016915521553285726,0.0215149897586342,7.331607229047916,-0.5474931550506797,0.31543776391322165
29.75,0.7050733068241216,8.281791095247947,7.780815188225118,0.6748904480468926,0.17224474797949157,7.543284060355755,-0.39024039583232223,0.026796829762517606,7.383169753987089,-0.15288502985965424,0.3248676117355796
29.8,0.7156931469378592,8.318344132889871,7.830352128616672,0.6530693021329109,0.17461888907379675,7.5470977135679185,-0.8133307269206905,0.037522212406005735,7.497226585484796,0.2578475686251245,0.3322622210689603
29.85,0.7267846045018328,8.355067276042538,7.8841140563891825,0.6303925309190763,0.17672089269735414,7.514049769175773,-1.2085979784035474,0.05165510575315508,7.66871283657416,0.6502714147696183,0.33351478507211474
29.9,0.7382905285157877,8.39194186948772,7.941097186739654,0.6100760351648419,0.17830690507098815,7.456114081315813,-1.536207872232791,0.06836142562625884,7.884944629785093,0.9900996802655679,0.32285611110891355
29.95,0.7501662538583527,8.428965024597614,7.999462874913154,0.5928012891464851,0.1779849363735075,7.38814099865885,-1.7650535261657334,0.08789043728645005,8.127862379741646,1.2460829388227845,0.2959757892177851
30.0,0.7623884284782182,8.466148940462475,8.056903145805373,0.5767822663517842,0.17448485492911012,7.326459903636288,-1.8757608958642042,0.11094335070943624,8.376890644690842,1.3934010046811687,0.25297501754999147
30.05,0.7749561612906067,8.50351409579078,8.111318683150115,0.5589665030661037,0.16794910850587583,7.287372704683415,-1.8616634533700298,0.1378042400326875,8.611603204881886,1.4170556455418846,0.19931902546737362
30.1,0.7878816509579719,8.541079550396802,8.161110866792288,0.5366934448384868,0.1599218400141615,7.285646642901045,-1.7280599464293716,0.1673880052070652,8.814052413735594,1.31462772272169,0.14461205947887396
30.15,0.8011740572064248,8.578854401569187,8.205093884841117,0.5090645918550615,0.15252461671336798,7.332938353266117,-1.490441193353398,0.1964121282133534,8.97051364393735,1.0976187859598332,0.09984406039893451
30.2,0.8148240262090929,8.616834178706652,8.242305392171735,0.47743869384149273,0.14746344409928147,7.436121031354137,-1.1724487808451367,0.21943730543744994,9.071995703010613,0.7906162522144965,0.07384861933740157
30.25,0.8287968444670404,8.655003089426373,8.272079194468429,0.4449883418637057,0.14545093980443574,7.595882009467378,-0.8038696784548636,0.23021534770906185,9.114324597182447,0.4284132920667493,0.07077859079161242
30.3,0.8430343084376014,8.693340885203053,8.294295887114455,0.4154910884057105,0.14635254145200405,7.806249042185809,-0.41859487746439344,0.22357744824949968,9.098362911453068,0.05164905377710524,0.08926565969313359
30.35,0.8574623684929753,8.73183154224471,8.309491217332953,0.3918002391712847,0.14960045173994457,8.055398838452897,-0.052361935784512176,0.1972327652593628,9.029897115553974,-0.29838939060648006,0.12318998296676625
30.4,0.8720027083674884,8.770469384876217,8.318661944263075,0.37474185247115377,0.1543969532158818,8.327475791061698,0.2599915074756772,0.15340700693594864,8.919544623549545,-0.5845620587629676,0.16424806121156188
30.45,0.8865814924372875,8.80926040492088,8.322838993735207,0.36284475487885776,0.15960069918294129,8.60437251158146,0.4876585095849912,0.09927940702448167,8.782600157298182,-0.7774558058288376,0.20504399911034044
30.5,0.9011312846343575,8.848219772638197,8.322705568950976,0.35280528211101175,0.16355928600759656,8.867000899764236,0.6069924588414554,0.04528856495874416,8.637862464819031,-0.8579068571894473,0.24105152330658183
30.55,0.9155870188070201,8.887366333359658,8.318398495391909,0.340515727349589,0.1644780277310545,9.096847402356932,0.6044797373722062,0.0017009599430565221,8.505707875803779,-0.8183275830715673,0.27135956152501056
30.6,0.9298781507981592,8.926715053667886,8.309736068245792,0.3225014201750589,0.16134027873024398,9.278201975658957,0.4791483939557761,-0.024453379697365527,8.406056200900554,-0.6626306242781033,0.2980719627058752
30.65,0.9439201097648267,8.966270957584692,8.296673055355814,0.29713763402071824,0.15451630325096238,9.400102324375576,0.2435166616085419,-0.03061456576257948,8.355841977900997,-0.40526563244736113,0.32395429556640165
30.7,0.9576091867511672,9.006027093162752,8.279717592554578,0.2651142451659065,0.14589711966286237,9.457369864750328,-0.07739138991773925,-0.01843670827874867,8.36607979203455,-0.06973457269669613,0.349515229102619
30.75,0.9708249851856308,9.045966207989395,8.260363814726198,0.22920724493896877,0.13865892060857882,9.451143977544696,-0.4487273163565253,0.007824500203013132,8.44009550329848,0.313694221127115,0.37155191270265653
30.8,0.9834385378195124,9.086065884738817,8.241065128924635,0.19337571799558834,0.13616767510140204,9.388778321058002,-0.829978096127535,0.043497126425075874,8.573475627941143,0.7107954123209315,0.3837971538676018
30.85,0.9953209817809696,9.126306811319418,8.224674514534014,0.16124732956958376,0.14014709813666346,9.282531545735456,-1.1802400043212284,0.0842977318753262,8.755127751820575,1.0860079086382441,0.3791906162394692
30.9,1.0063547563952704,9.166680419645735,8.214256987305298,0.13475211168126786,0.1496171459777704,9.14796175201497,-1.4633576345501642,0.12619479743956485,8.969283492819246,1.4050430660132964,0.3533524018634493
30.95,1.0164480196417682,9.207192056207038,8.21311136907254,0.11349626924482051,0.1614954956429886,9.002541389978584,-1.6519313699129337,0.16565415223457522,9.19764752453607,1.6377315485882074,0.30763218156791156
31.0,1.0255438560278656,9.247859083621242,8.224008383852329,0.09487608353090443,0.17163129632104993,8.8637855882344,-1.7298826180491444,0.19945907023183534,9.421093538471405,1.7609555199306588,0.24971126298552435
31.05,1.0336208776980522,9.288703277375037,8.248343790258518,0.0752146704091509,0.17595998850468855,8.747711442428207,-1.6929485540847493,0.22479151867046018,9.62118675812984,1.761700663368511,0.19133770825968943
31.1,1.0406873656717217,9.329739494642624,8.286448019100225,0.05175161829408938,0.1723396722828336,8.668735912365474,-1.5470878813540456,0.2404734816158822,9.781727003386942,1.6397559951440548,0.1441334729497463
31.15,1.046767307501095,9.37096799494023,8.338164148553508,0.02408458983845462,0.1614763991882212,8.639297210406976,-1.3064454832358554,0.24678287029405396,9.890372405796292,1.408762525245227,0.1154198819044995
31.2,1.0518866630362962,9.412374674469591,8.402746680699002,-0.00582446357155226,0.14612816005200394,8.66818418600985,-0.9919825711493108,0.24405700745739117,9.940135170065345,1.094885341468319,0.1062856632907542
31.25,1.0560699090496937,9.45393731326442,8.478597152660274,-0.03473620792553132,0.12964010395275896,8.758972696652693,-0.6303856410334993,0.23265093326224473,9.930603194370164,0.7335154941743793,0.1127608500741339
31.3,1.0593437957938217,9.495634826008954,8.56357876483113,-0.05967529660115964,0.11502323242985882,8.909608428207004,-0.25269543802133715,0.21362923178286444,9.868336094369559,0.3646242570754853,0.12865664997307003
31.35,1.0617427451724835,9.537456900563647,8.655447551575564,-0.07946695213990089,0.10445394566698596,9.112635529094144,0.1074464229323435,0.18871307579557092,9.765864623026577,0.027402480823035064,0.14829756323201368
31.4,1.0633146122587396,9.57941001146461,8.751927745542709,-0.09564127813158835,0.09875002259559276,9.355548865741968,0.41611969427838574,0.160164428158849,9.639603285546608,-0.24470347134043308,0.16815102118775332
31.45,1.0641253792851069,9.621515755680452,8.850431679176618,-0.11211823797594726,0.0974322509935077,9.6217012581189,0.6424388247232938,0.13140374128401455,9.507532512353997,-0.4273026274653905,0.18698923264518702
31.5,1.0642578278188315,9.663801154813362,8.94788929540581,-0.13364102247158685,0.09992449747967817,9.892229157946044,0.762812267563363,0.10716761579577329,9.38709198563003,-0.5062193676575357,0.20489620462403801
31.55,1.0638000135741459,9.7062856280741,9.04134436230263,-0.1635310279495928,0.10643152771882355,10.14859032004397,0.7651341643815012,0.09198363191824904,9.293694834957257,-0.476939319742998,0.22189498834015237
31.6,1.0628313081112422,9.748971577847593,9.128637597476471,-0.20193923102705533,0.11719205801515,10.37469535067565,0.6513375460491003,0.0881734527401919,9.240151628314463,-0.3433537245816179,0.23727494193260792
31.65,1.061415921626429,9.79184303153426,9.20815938198413,-0.24562699307915603,0.1310549343300619,10.558369850025272,0.43734863783361955,0.09539505989332557,9.235993491768246,-0.11688606243119376,0.2497648563448996
31.7,1.0596036975884118,9.834872857882026,9.27839422130362,-0.28933673074095145,0.1453837744087791,10.692438148209858,0.15051604494570986,0.11128047448215654,9.285804245381698,0.1836120397642752,0.2572332915717671
31.75,1.0574369426694579,9.878034611245273,9.338417132367951,-0.3278713445399454,0.1578635665300764,10.775113662884552,-0.1746975265734056,0.13220283329752433,9.387911870028919,0.5320166816037613,0.2566184637661007
31.8,1.054961738100661,9.921313552163705,9.388544873100985,-0.35799020841614665,0.1677976559889096,10.809928323010277,-0.5015839513252579,0.15460540350279217,9.534493585271672,0.8960547875814908,0.24540771568619568
31.85,1.0522383652235803,9.964712939716588,9.430186197490455,-0.37957568315565904,0.1758305483054293,10.805282721132706,-0.7956563400735408,0.17664744955346298,9.712915482920689,1.2397321795118805,0.22346611047455844
31.9,1.0493438506810704,10.008253002939336,9.465272900150874,-0.3955767944126927,0.18320601964702568,10.773375368226212,-1.0279991111502091,0.19889409921645385,9.907753271686452,1.5270799079716781,0.19354466848448262
31.95,1.046364720246802,10.051962920201731,9.495854296813253,-0.4106618345840615,0.1911284421393333,10.728391357723,-1.1772642042846926,0.22325226680694557,10.102606448373178,1.7267125046056426,0.1602327688691263
32.0,1.0433847760129809,10.0958689398365,9.523896317097536,-0.42913833957742564,0.20020937265862673,10.684423015908399,-1.2304170058973516,0.2508778950925214,10.281714090812338,1.8163794891468816,0.12851554939433618
32.05,1.040475377710447,10.139983010801956,9.55116864214752,-0.45298885640655157,0.21025852691954286,10.65422618586711,-1.1824524302904282,0.2810482785228677,10.431301002571253,1.7864975619599877,0.10263775659458152
32.1,1.0376922121353647,10.184296821387509,9.579255574880607,-0.48086937376899663,0.22038395343031508,10.649033517851525,-1.0357196200884737,0.311665470035658,10.540521102620659,1.641679277478182,0.08573674920805921
32.15,1.035074437458247,10.228784692461403,9.609631580392735,-0.5086143979980281,0.22896669459124117,10.678316260638079,-0.7996547531593012,0.3397653831706996,10.60252907293621,1.3997924835961912,0.0801569956223746
32.2,1.0326459412895392,10.273414391709645,9.643466345818451,-0.531156327371177,0.23404050008278224,10.749003843950863,-0.4910440953946933,0.36208496353978953,10.615375599229493,1.0887634059517068,0.08721344473461021
32.25,1.0304228194660054,10.318161084831791,9.681197518877992,-0.5450246279095529,0.2342845734017942,10.863976899843557,-0.13431949313440322,0.37589799251399325,10.582320855057613,0.7419859610804727,0.10706570570007813
32.3,1.0284208271728261,10.363018813095223,9.722555884227488,-0.5502052340008508,0.22931630275351245,11.02032315127284,0.23902074782359403,0.37881034843814393,10.511245204547713,0.39343050064142737,0.13871184596015124
32.35,1.026660267392934,10.408003177233951,9.76707504522351,-0.5503423275775469,0.21970955234989126,11.209121019994393,0.593096744746447,0.3689773160916655,10.412843547697518,0.07372143487631529,0.17917592886770636
32.4,1.0251742846365206,10.453142856126984,9.814309966945899,-0.5511610752313786,0.20756498556595923,11.416240495504686,0.8923171813164505,0.34666322616487755,10.298984093650759,-0.19184096962339947,0.22367070972914893
32.45,1.0240130152056501,10.498464703349294,9.863983186978142,-0.5578278134478336,0.1961644345050249,11.624000762828922,1.106837819945785,0.3152915960300005,10.18175668432527,-0.3836503112838608,0.2667708703374241
32.5,1.0232374902009675,10.543979832239625,9.916412694651408,-0.5724724385575931,0.18877159068637528,11.814527000992396,1.2175922372671268,0.2808656838080666,10.072489616941754,-0.48769496962409387,0.3035512909354472
32.55,1.0229112516222592,10.589677463224776,9.972785191855769,-0.5931347573635012,0.1876951752387958,11.972510437054131,1.219111759462667,0.2503677609020587,9.980983381122027,-0.4959128030357905,0.3311623850602502
32.6,1.0230892870470936,10.635530307822071,10.034756092581969,-0.6147982287735121,0.19333448327838293,12.085935512376302,1.1190543225358474,0.2291383016332095,9.9151389857115,-0.4074241834522132,0.34948509521641163
32.65,1.0238054606369966,10.681508075726239,10.103769162089252,-0.6318619951722542,0.203670134399933,12.145849417380077,0.9351232541097403,0.2188376239652343,9.880879559798474,-0.2301311214932754,0.3596897497567524
32.7,1.0250705376666043,10.727590277145154,10.180713582522898,-0.6405038385988591,0.2153476725351966,12.14703535739365,0.6913004070682688,0.21894405013812845,9.881804792098126,0.01848514142487153,0.3625596621079714
32.75,1.0268798336576466,10.773773534475472,10.265474440944123,-0.6401108408850272,0.22512822282825554,12.089317611624194,0.41460437494052627,0.22913570872899183,9.918162977606006,0.31202409464659403,0.3581931701184572
32.8,1.02921810173805,10.820071768608873,10.356615802689971,-0.6333867158674261,0.23042809838419806,11.977864405910209,0.1325819005965527,0.24929706744949368,9.98646013270224,0.6177032447845319,0.3463612435369892
32.85,1.0320626827574626,10.866508208667671,10.45192583047209,-0.624896992369863,0.22997921921594383,11.822759036445001,-0.12818246614441736,0.2787314807696353,10.079926081314113,0.9006530249371933,0.3272939493897153
32.9,1.0353871037251452,10.913103485646264,10.549241688578881,-0.6188745104471992,0.22458603980300007,11.638480986916049,-0.3429033321370584,0.3155426127799885,10.189228741934109,1.1288648687961973,0.30263379624757974
32.95,1.0391600529086034,10.959866955433055,10.64629081250936,-0.6176563397075253,0.21614083904684198,11.442882520154466,-0.4898207522383668,0.3560673471323585,10.302904359023143,1.2773007039979456,0.275078664386544
33.0,1.043344822391453,11.006793951548298,10.739729729779937,-0.6211932549845284,0.205380984774176,11.255435730590827,-0.5521012420965733,0.3956994224209349,10.40774807795263,1.3304369310522302,0.24723378345812577
33.05,1.047905929487626,11.053867719655587,10.825574282755163,-0.6272222000350905,0.1918729682920152,11.094917908027604,-0.5199227552208453,0.43062178538364493,10.490064331737145,1.2833387606850934,0.22158191609199293
33.1,1.0528135883235146,11.101065565717935,10.900955947059748,-0.6321222970553623,0.17617558003877057,10.976896996854471,-0.39238565702176037,0.4582047296593865,10.537820062818069,1.1412987526661065,0.2005746287593685
33.15,1.058043070014761,11.148367155419098,10.965421743720514,-0.6322780831714342,0.16122058476457005,10.911944925340672,-0.1786473571580798,0.47652522557474974,10.542924411871713,0.9182865157325547,0.1867298271857256
33.2,1.063569872596712,11.195760938554495,11.021713080987823,-0.6251490253222933,0.15186240160848435,10.905362385169285,0.10246511256252555,0.48431385565182916,10.503405884045138,0.6349360699643237,0.18294805012919824
33.25,1.06935890610488,11.243247685852241,11.074695252203668,-0.6100490281856745,0.15175864151684346,10.957527499253576,0.4241394479617711,0.4814116337897953,10.42408714378656,0.3162204884598266,0.1914964482962943
33.3,1.0753578622765485,11.29084052205213,11.128796344483046,-0.5886125753948805,0.1603158002867179,11.063562400539682,0.7542266452748932,0.4683012609865918,10.314949629348728,-0.011099430764503225,0.21255977588672015
33.35,1.0815016079167674,11.338559615253214,11.186884796398918,-0.5641266650965502,0.172844447760259,11.212571211392799,1.058982960673152,0.4447969761660328,10.188484386580766,-0.3206771546827545,0.24352546751966972
33.4,1.0877273803806276,11.38642275811522,11.250163671171798,-0.5399555262699766,0.18293763441367833,11.387897724179226,1.307560200604734,0.41009465999204847,10.057749332793097,-0.5881084637511198,0.27924460770589105
33.45,1.0939955368509706,11.43443565676311,11.318235697041269,-0.517923826302736,0.18579728948384697,11.56948003716676,1.476433801101491,0.3641305018656555,9.935875196519893,-0.7919319881824671,0.31395670741647447
33.5,1.1003021848740944,11.48258713327537,11.389964757345124,-0.49736184503857067,0.18079815288377726,11.73727063005391,1.552492722134573,0.3094370340353887,9.835994301555695,-0.9148340012433299,0.34296688627854155
33.55,1.1066782636132082,11.530853385004155,11.46467897613989,-0.47551465310209073,0.17172288991952672,11.874117736468623,1.5336679935802247,0.25302663213725357,9.770029500532845,-0.9458030336591978,0.36240091090933163
33.6,1.1131784601360293,11.579208928916703,11.543468309848999,-0.4490490123627727,0.16560359928002027,11.968066592765712,1.4275288810179418,0.20587604669733073,9.746551096347481,-0.8827398157559755,0.3692009864205286
33.65,1.119860194713921,11.627638662696027,11.629607681965101,-0.41589051485865836,0.16973756483847618,12.013094114880186,1.2487565174045998,0.17876463280952476,9.769817933414936,-0.734182388392463,0.3626368733488273
33.7,1.1267586170658797,11.6761467115334,11.726492915921282,-0.37693991448026354,0.18713594123463625,12.007815158095116,1.016222388135912,0.17683643396447477,9.839862479471813,-0.5194245006993563,0.3448969682269332
33.75,1.133872573060103,11.724756400299938,11.834421269166898,-0.3366069622886452,0.2137618372103769,11.954007466189019,0.7509155886020628,0.19642069533031956,9.952687251518178,-0.2664785278933992,0.32070465823537103
33.8,1.141167811416947,11.773499164522018,11.949081023744018,-0.3012273670669082,0.2393119604616396,11.857140361745058,0.47550490682479024,0.226982930049026,10.100063002474824,-0.007851286528517522,0.2959503946078969
33.85,1.1485954606772308,11.822397441797953,12.063820072430541,-0.2757692647445938,0.2526412513374769,11.727885023636508,0.21476387361201205,0.25687424853068164,10.269729392377945,0.22497011078051074,0.2747379882224602
33.9,1.1561172411000935,11.871451770530992,12.174064836932615,-0.2608612510788865,0.2488271912273603,11.58184529793615,-0.005019359253756521,0.2788305566119012,10.446765468034666,0.40642257155983985,0.2570059812672588
33.95,1.1637209466193958,11.920640975171695,12.279191251645445,-0.2524656378935321,0.23176176346060778,11.436539215274626,-0.15898128643375103,0.2916395557094088,10.615650337953966,0.5192997740502566,0.23916630166156477
34.0,1.1714192643408532,11.969934793729443,12.380552628907063,-0.24433787570705512,0.21095179542879688,11.307495925703197,-0.2282536148162056,0.2976204531083477,10.763277475294982,0.5546887808728167,0.21797556857191386
34.05,1.1792358752130314,12.019310620273735,12.478373232703976,-0.23142402085345765,0.1956084280474624,11.206482440064683,-0.20404039846685965,0.2995531260148152,10.881318498527612,0.5105620760997169,0.19332632069228
34.1,1.1871913917102939,12.068764015664108,12.570712075194608,-0.2119451614400095,0.19069846721696834,11.14315481025583,-0.0892417296265324,0.3008081042514975,10.966191714371297,0.39039996356445206,0.16794829632373573
34.15,1.1952950526825386,12.118309089328697,12.655023861078817,-0.18733971207023736,0.19683364414109125,11.125887031136696,0.10222406456568205,0.3055439982950034,11.018057884607199,0.20258019415318793,0.14671359559772557
34.2,1.2035337191154518,12.167971830663184,12.730283525065735,-0.16084562967197716,0.2120722701638697,11.158506593338466,0.3473820213615701,0.3144349465251239,11.040141892314898,-0.03970181227016903,0.13565094397762095
34.25,1.2118659048084228,12.217778485843132,12.797674880954105,-0.13548504696502137,0.23347038955837396,11.23815845607175,0.6178536038312163,0.3224368642698351,11.037283806240398,-0.31839969480893965,0.13975084704031823
34.3,1.220228662142602,12.267743648103675,12.859931683641554,-0.11223206317448127,0.2575248017638304,11.35597967330021,0.8843752582197408,0.32191563567675685,11.014358673443672,-0.6109723539605243,0.16047033584235212
34.35,1.228551655399273,12.317863139637796,12.920667244910533,-0.08905759810759308,0.2805311805238194,11.499225153446273,1.1207220925976873,0.30839466916560176,10.976358099534924,-0.8914849411516967,0.1942145685504192
34.4,1.2367704534089563,12.368115635564019,12.983644794896795,-0.0615179604023787,0.2991293916702297,11.654311779537897,1.3061839089328722,0.2842703523051734,10.929564559958242,-1.1330593386772194,0.23382898764252463
34.45,1.2448328668283941,12.418474326625452,13.051465518779453,-0.025061984334695576,0.31064066230387755,11.80852536197004,1.4259871759452685,0.25726257405010544,10.881958850509054,-1.31192515646949,0.27225512337078245
34.5,1.25269759926835,12.468921669462837,13.124607851457185,0.022280154682048928,0.3140660107066418,11.9496998056653,1.4704486473679923,0.23591539331185624,10.842667307874308,-1.4116452215173116,0.3048080157416909
34.55,1.26033253792869,12.51945823619719,13.200894954045392,0.0782867282042728,0.31198392989870427,12.06540506351061,1.4343616297301491,0.22566445711824484,10.821063933777614,-1.4258018898859155,0.3301104831680009
34.6,1.2677113478631015,12.570102308700685,13.274389088957813,0.136512166611733,0.31035222293752385,12.143361132593894,1.3173469574645942,0.22793261350494964,10.82513532392172,-1.3585443177832492,0.34977982975996735
34.65,1.274797361830863,12.620880734172665,13.335862419786189,0.1883530596476813,0.31487319131879077,12.172757927256928,1.12510999969074,0.24088010001104268,10.85925839222633,-1.2229540058237527,0.36536492116429464
34.7,1.2815269560251448,12.671813858380473,13.375848963854333,0.22670799423416643,0.3281639544948743,12.145392157487608,0.8709830352503161,0.26026737593751464,10.922626166630371,-1.037696175571487,0.3757782881469538
34.75,1.2878098404638416,12.722902712736893,13.386550654133329,0.24877978655275776,0.34927928016442616,12.05699690433791,0.5764598121836684,0.2815714761522756,11.009894618392938,-0.8232637630898015,0.3782919377442024
34.8,1.2935361152159646,12.77412596066228,13.361845289224439,0.25665822172766406,0.3739247853937396,11.908753979517561,0.2696931281268213,0.301619888453739,11.113644079104956,-0.5993102859616163,0.3716603419892459
34.85,1.2985832103091168,12.825448135920011,13.297643740352493,0.2559059155934142,0.39677942427642654,11.707326726893962,-0.01828353303666263,0.31826708370393186,11.225500138056168,-0.38393975182719536,0.35788190161254024
34.9,1.3028255257086636,12.876834889286302,13.192764051328021,0.25289722431195705,0.4155563839220049,11.463559529882613,-0.2586578548935112,0.3305759755030857,11.33465628577241,-0.19442223208657222,0.34040996738634793
34.95,1.306135734363226,12.928267057446927,13.049298119968405,0.25228721763147305,0.43261567699404746,11.191818807353227,-0.4293893371241253,0.3399193711440266,11.426530222499116,-0.04770938874812584,0.320225845190523
35.0,1.3083790793530328,12.979746239670728,12.871951372706418,0.255760143646231,0.453006966148724,10.909175772129803,-0.5179121023673467,0.34978960953278876,11.485366029787851,0.04063295955189135,0.29627679684920055
35.05,1.3094061431287056,13.031291519513776,12.666498516549716,0.2621450093127544,0.47986148193455935,10.63344409877438,-0.521888168644615,0.3640446838587632,11.499339342245761,0.058772123245325006,0.2696467828294568
35.1,1.309044252257633,13.082929941253449,12.439249005608167,0.26881778134819445,0.5110106344587066,10.380242313890562,-0.4483254826182847,0.3846840885052141,11.464960775720268,0.00143663329491006,0.2448650220539094
35.15,1.3070959407682003,13.134684517662615,12.198056668145377,0.2738062594947934,0.5399254187890697,10.160047423302279,-0.31148412135713605,0.40990303798672106,11.387500888836437,-0.12791755710909547,0.2277542286761407
35.2,1.303350836207451,13.186565698442786,11.952879636599294,0.2772603626668567,0.559923177088801,9.97644251831466,-0.1303786973174458,0.4338091893996389,11.275831013621717,-0.3169516001640541,0.22101094251749195
35.25,1.297610766712351,13.238568662846713,11.714283075471004,0.2815780662246763,0.5677886907050977,9.826505266514632,0.07363601884488317,0.4490678763472835,11.138746995368974,-0.5458302885851124,0.22238096452119707
35.3,1.2897207794900385,13.290676455834129,11.490776132907037,0.29034859112718764,0.5640047016731486,9.703399014486262,0.27886653988526794,0.45139405983788367,10.984095075529739,-0.7898214006060531,0.22769825498734883
35.35,1.2795876324312476,13.342867279059286,11.286664734967584,0.3067476817223313,0.5512105961522548,9.599070123581066,0.4646285534034389,0.4421956030511649,10.818347016541322,-1.022767439575935,0.23432862077353575
35.4,1.2671763153463533,13.395122624724252,11.10181962163413,0.3322010941527097,0.5326347328397512,9.504130243719295,0.6119816520340866,0.4271549718058446,10.647963079909516,-1.2203658507395931,0.2417463409957689
35.45,1.2524932855025537,13.447432916149314,10.933600102241705,0.3658317085910004,0.511665763475383,9.405866770299625,0.7044175455883563,0.41092877532878797,10.480277362276047,-1.3629420423730172,0.2505672353984522
35.5,1.2355693836419495,13.499797654838376,10.778962584991689,0.40482439767568673,0.49191115572148025,9.289480976511276,0.7293445844101561,0.3938921738891862,10.3229959099211,-1.437264744612201,0.26159609974664566
35.55,1.216453115645391,13.55222071560988,10.635292245333195,0.4454505076793989,0.47596913614774383,9.143237308556296,0.6801572128765971,0.3756753612528201,10.183531400160556,-1.437115280328572,0.2752738028836368
35.6,1.1952042191402819,13.604704849896981,10.500292551008233,0.4841485311708671,0.4638087919517663,8.96299853307504,0.5577401185759078,0.3586049331085674,10.068020606090608,-1.36308162677191,0.29112762098238437
35.65,1.171888051874975,13.657248534785316,10.371706531218457,0.5182208057633215,0.45299486038614334,8.752932258863826,0.3707134347256118,0.34717318063118163,9.980304831902059,-1.2220004127804494,0.30732719555425964
35.7,1.1465790674043048,13.709846581724475,10.246939365088412,0.5459145706642042,0.44037075776909096,8.520960339416662,0.13420529609157297,0.34462014514859685,9.921408247405187,-1.026293914440149,0.32110507278221306
35.75,1.1193671314441207,13.762492724421692,10.12206071263336,0.566085824737939,0.4231160511640951,8.274491832215073,-0.13220156304045189,0.3500449694534624,9.88951293190902,-0.7930625465345328,0.3296908592170361
35.8,1.09036524299098,13.815181452163934,9.991401140217048,0.5780040967595409,0.39898018185939055,8.020187816512731,-0.40655660237615115,0.3597607020872571,9.879601076835394,-0.5427199323208549,0.33066140162237784
35.85,1.059717592582956,13.86790841647268,9.84924790188468,0.5814840205821067,0.3678139711327207,7.7654240285588365,-0.6664842553885467,0.3698059295199794,9.88285705375958,-0.29715152659823274,0.3214239553904994
35.9,1.0276051352349749,13.920670196826233,9.691957683456042,0.5770172453023295,0.33343961390695925,7.5190153998150855,-0.8911121798120614,0.37663632658612034,9.888099351543799,-0.07751424902940142,0.300080055754441
35.95,0.9942443029595006,13.973463995098594,9.51804538359006,0.5657379030375372,0.3019957290601146,7.290070353100233,-1.062982264366857,0.37761425389396963,9.885383639408351,0.09797668911911746,0.26831672015748564
36.0,0.9598737044363147,14.026287404035006,9.326971280061619,0.5492874096180008,0.27819761359052453,7.086326034729105,-1.169658822656373,0.3711804033630234,9.868086655037812,0.21579701719696728,0.23243260167025798
36.05,0.9247396060540611,14.079138422329706,9.118554503872891,0.5295986043795767,0.2638929129269678,6.912937942523496,-1.204857444235605,0.35714336608315794,9.8325131894986,0.2682011162515693,0.20139942471484146
36.1,0.8890870882570331,14.132015736611582,8.893885141385253,0.5086764299736529,0.2591593252589985,6.771273006732787,-1.1690475732821768,0.33749344396457387,9.776552225607686,0.2536651289537609,0.1836061788012042
36.15,0.8531492917225224,14.184918600540465,8.656803320654582,0.4884872231604724,0.2635645238395979,6.659166534687631,-1.0693030141997557,0.317078820315843,9.698386605487977,0.17683154084721564,0.18308428333012206
36.2,0.817133068197108,14.237846153132992,8.412613254962741,0.470815413799193,0.2751364430614542,6.573287651689662,-0.9183715476762135,0.30303319993313294,9.596335367311532,0.04806609935582715,0.19770571006162055
36.25,0.7812080206962045,14.29079648960579,8.165449717665753,0.45711773430167346,0.28880557932843715,6.510838925031318,-0.733225792277672,0.3013296809771389,9.46997947771366,-0.11741760233742427,0.22116968054700872
36.3,0.7455111441239062,14.343765620023188,7.920838447606297,0.4486023197197059,0.3009368114423919,6.469342736582063,-0.5333099766517305,0.31229810764454957,9.322048845049103,-0.3008202766852329,0.24733567874111148
36.35,0.7101594199420034,14.396748015544132,7.689161396044918,0.44617595024127027,0.3134961212751176,6.445848933147976,-0.33881111814232584,0.32871054295149593,9.159683306024249,-0.4814988089499403,0.27313513380634197
36.4,0.6752584631921801,14.449739671689557,7.480892318098837,0.449838875163957,0.32835439841853914,6.436730272213654,-0.1692454706095546,0.3392334974194157,8.993325350409783,-0.6392882154225986,0.29811496610912575
36.45,0.6409185989357395,14.502740885055779,7.301202633318198,0.45812454312393136,0.3432050604029946,6.438423797722595,-0.04212809560721535,0.33550294714806356,8.833284457051642,-0.7568946400993765,0.3218507589260083
36.5,0.6072741100933701,14.555755901473924,7.150072383053545,0.4682775008072536,0.3543256442554503,6.447560573254628,0.028597038840088847,0.31628997531371317,8.686888598829873,-0.8216149509638209,0.34260963535596256
36.55,0.5744936402025865,14.60878979650774,7.023967780340928,0.4770154766500701,0.3598956359202049,6.459627073962083,0.03422200983342322,0.285398474539577,8.558226336026028,-0.8261377103018906,0.35995131349531234
36.6,0.5427754253915184,14.661844934122396,6.917351347086933,0.48141113470352304,0.3610385512834551,6.467862247137745,-0.027480929318210955,0.2476817271896158,8.447327809295436,-0.76875620417363,0.37544771256656717
36.65,0.5123284077311253,14.714918044040347,6.823485478215066,0.4796535061908618,0.35951152494922745,6.464523049692709,-0.15169639571313928,0.2083254588115004,8.349566551758334,-0.6529917513946603,0.3893535310844192
36.7,0.48335398633784976,14.76799816624281,6.734201337662509,0.47152720835406453,0.3548618430910759,6.443491731042637,-0.32672282881495035,0.1734725008446488,8.258514409258055,-0.486594663939718,0.4004036322031781
36.75,0.45603944565915555,14.821068064849587,6.640707608001921,0.4582397078595146,0.345486189515846,6.4019448838571416,-0.5352334797676139,0.14967823638518032,8.168698686992045,-0.28076937893821446,0.4084480448183494
36.8,0.43055019238444014,14.87410921567545,6.535714740921944,0.44162255956357155,0.3312332300339354,6.340566147595176,-0.756581519366443,0.14223958674185253,8.077012824310042,-0.04975315386822943,0.4152124108088126
36.85,0.40701388758465806,14.927107973751916,6.414750108301311,0.4230873334083372,0.3137440923795237,6.262841581035292,-0.9695883495329796,0.15300682056320575,7.98308758566257,0.18967525734006574,0.4220207685102122
36.9,0.3855095046627207,14.980060379539998,6.276152794722283,0.40280373914511686,0.295291433401508,6.173475630604922,-1.1552010171381282,0.17864316827720844,7.887282006774111,0.41894495281547733,0.42736591315827505
36.95,0.36607123887766946,15.032972757194747,6.120941704007124,0.379607618955217,0.27774463800891935,6.076618141067629,-1.2983334096587895,0.21029213127169638,7.789142962921553,0.6191518703206821,0.42837171230018406
37.0,0.3487077931365921,15.085857929944456,5.952741697130267,0.3516508638200583,0.262349218903487,5.976174036763457,-1.3886556623444573,0.23697062975225158,7.687545069363666,0.7732583263213488,0.42354127121777013
37.05,0.3334224540990541,15.138728869349718,5.777143470564863,0.3174291111238538,0.25030817162547564,5.878131226738208,-1.4205268848320338,0.2504594906049721,7.580517137477663,0.8684911639271271,0.41328789529303434
37.1,0.3202237909108571,15.191592212991893,5.599953719535318,0.276762396731087,0.24262218901793617,5.793061163778203,-1.3924998961295487,0.2492564648736264,7.465256018944584,0.8983483569059678,0.3994573260060266
37.15,0.30912687162568436,15.244444783443354,5.4256677883479,0.23126181848700955,0.23920361152100816,5.734501162787062,-1.3070223045786957,0.23911064359103568,7.339208308314075,0.8636345760122789,0.3849867237044499
37.2,0.3001421115069974,15.29727461431343,5.258207151156824,0.18404366667436828,0.2392865818583448,5.7124960808540965,-1.1704770204848727,0.22653721248651867,7.201244038069227,0.7722112161110584,0.37337070112702386
37.25,0.2932642158585997,15.350065482495967,5.102278993607276,0.13882065987404493,0.2430673219844812,5.729965418704041,-0.9932423750453879,0.21362267080989839,7.0519167269748815,0.6376070640261,0.3672964831992185
37.3,0.28846985962976,15.402802927606949,4.962235622559483,0.09873542618293626,0.2514408276498314,5.783239414543892,-0.789536469721259,0.19946176007042984,6.89309031808185,0.4768989920161304,0.3670527528648063
37.35,0.2857207385568696,15.455479272206924,4.839460111554928,0.06540835971424389,0.26394554292860073,5.864280865389607,-0.5767545452237788,0.18387289491159556,6.727774464503624,0.3084112581876342,0.3702378948348654
37.4,0.28497028787998535,15.508095606611604,4.730395338301017,0.03855742184861342,0.2777240304136592,5.963885036433584,-0.374032934075013,0.1686859519342645,6.560789700362237,0.1497573762795747,0.37393784265758206
37.45,0.28616931050324096,15.560659845039826,4.627120318669964,0.0163647185286533,0.28767329910275014,6.073192854418518,-0.20014912914837182,0.1561697044991235,6.399342284168609,0.016508803136320273,0.377996980287684
37.5,0.2892685294020314,15.613182013414455,4.521674694615175,-0.0036611847949794343,0.2893713996205105,6.183270234018286,-0.07117528679356026,0.14720771448232198,6.252120008486312,-0.07857935703338689,0.38493613039090613
37.55,0.2942169889049765,15.665669176387226,4.410266740956911,-0.023792793359116125,0.28231340052175397,6.285134196389789,0.0016059375953615324,0.1414566393510951,6.127315469189748,-0.12605507601234686,0.39611088642917136
37.6,0.3009521346911317,15.718121467866919,4.295313202931413,-0.045392626081111005,0.27018197945202155,6.370572735976144,0.01321128087851468,0.13794897643915113,6.031097519389285,-0.12011274729307835,0.4088449029764002
37.65,0.3093962096443294,15.770531636390645,4.184092466931067,-0.0687268180802752,0.2588929778117582,6.4327472861601125,-0.03454775459990802,0.13480791616787322,5.967199856288603,-0.05905688286646578,0.4178431951849101
37.7,0.3194651423621636,15.822888867719133,4.083401071036812,-0.0933719592126672,0.25232128772561446,6.4670533134145805,-0.13379282816118926,0.13035536316939786,5.936065519016806,0.05402458224237733,0.4184263423970942
37.75,0.3310744371723347,15.875183775320068,3.997033351018446,-0.11889969935701979,0.2505651505286743,6.472630456781975,-0.2720119244424934,0.12487184201298268,5.932709448193168,0.21090520377360983,0.4066246980488219
37.8,0.34413871611672664,15.927411750003724,3.928307903837522,-0.14542448786426843,0.2517903876977033,6.453360146251165,-0.43363975953114325,0.12050392775474193,5.946696312816894,0.39866302867347336,0.37864539928815577
37.85,0.35857441368173354,15.979574268838387,3.8820838339493933,-0.17379334356824652,0.25284926139509495,6.4174550939035395,-0.6016377936082536,0.12008882169869485,5.966161368806212,0.6007964244050081,0.33480846517108587
37.9,0.3743026236993751,16.03167818793646,3.863086418018741,-0.20538823394014474,0.24971139353644395,6.37584243604671,-0.7590111201899936,0.12633997926409138,5.9819328695505485,0.7988189091465134,0.28234418402522043
37.95,0.39124184813376395,16.083733009782577,3.872911271840417,-0.24159432254410546,0.23817636271628048,6.340107922791767,-0.890110286513956,0.14105732631385268,5.988056672200824,0.9742778968675948,0.23196860690967516
38.0,0.40929938954762674,16.135747819989874,3.9077954960449346,-0.2832059972535136,0.21419361621512387,6.320064769433583,-0.9817739634454508,0.16361091760130228,5.979340507809395,1.1108442853489593,0.1916314323265407
38.05,0.428372034585567,16.187728654741615,3.9593831282314347,-0.32999071228929894,0.177022114203069,6.320661647031981,-1.0242914283046278,0.18892405419172373,5.9499238818846525,1.1961538293536056,0.16318578249353882
38.1,0.4483534975018249,16.239676300876585,4.018317848793513,-0.38045325139297126,0.1318469410842891,6.340958935883529,-1.0119842901806129,0.20837977614544403,5.896458307419727,1.223145959693808,0.14551653745102278
38.15,0.4691426663964723,16.291585643651484,4.077748645228098,-0.43192489959209257,0.088219820599943,6.377538062942384,-0.9434673263717661,0.2159946419900341,5.822132078410229,1.1906778102416846,0.13934951494544584
38.2,0.4906363987520576,16.34344730859467,4.135257986091677,-0.48105359785929874,0.05630410882508812,6.42872333809401,-0.821819134845601,0.21342276843576477,5.734139762670692,1.1034044358376396,0.14542647357742539
38.25,0.5127076941164174,16.395251246614453,4.192334974762234,-0.5245522767183224,0.04220029361610709,6.495449664475261,-0.654699540946794,0.20843829361688707,5.639343471020674,0.9708854119774896,0.160699775335328
38.3,0.535193655972445,16.446991422654737,4.252656493938796,-0.5600878243841598,0.04560802785860484,6.578803505516081,-0.4542637390063498,0.20867442284440202,5.543083766738907,0.8060148288858544,0.17964748887344614
38.35,0.5579008807465999,16.49866920684449,4.320851046290616,-0.5869733207349821,0.06135623722549973,6.677482035041319,-0.23651636649662697,0.21648972991981344,5.44912186626031,0.6233270696209781,0.19748025754479107
38.4,0.5806187767747074,16.550293042208544,4.4013041313548,-0.606206892810993,0.08181802863703574,6.787133362726076,-0.019822375299302385,0.22872053795849803,5.360199473519836,0.43771089600224133,0.21145151792852893
38.45,0.6031367509135253,16.6018746608888,4.497030105998384,-0.6198581377102694,0.09902517996794513,6.901358092241524,0.17727170915731166,0.239813193614047,5.27859040623433,0.26358231654498626,0.2209513352412819
38.5,0.6252628551722604,16.653424089146657,4.609233749772736,-0.6301895288581331,0.10707169184293465,7.013641624236001,0.3384086548713018,0.24571029489435314,5.206358612023417,0.11427812642728133,0.22688238931260357
38.55,0.6468372697011951,16.704945677761895,4.737324518372243,-0.6388941832209895,0.10388258663754237,7.118258769622388,0.4514102175092463,0.24657035071637085,5.145601822490856,0.0014274109372542,0.23052663787860678
38.6,0.6677315466507405,16.756436854174996,4.878684324110177,-0.6467464744782532,0.09120157678713815,7.207711224749242,0.5094794027871831,0.24416652352472076,5.097850960394598,-0.06589913142723727,0.23247324564565705
38.65,0.6878395137230005,16.80788980838821,5.028476770893369,-0.6537335287122361,0.07303650351940452,7.270698522972968,0.5115844911806682,0.23691630227532107,5.063834638312121,-0.08222751633669784,0.23319175122988614
38.7,0.7070729094550354,16.859294437109746,5.1804428064817385,-0.6594240512468479,0.0535529012657063,7.296355717802725,0.4621928796781708,0.22262413350396737,5.044697073823943,-0.04656743895459474,0.2346803965569249
38.75,0.7253565618178882,16.910642025203256,5.3282387311778825,-0.6634921314961318,0.03573464669036473,7.279107415626057,0.370339526674091,0.20404227800395391,5.042101935179242,0.03701856302218626,0.23964270634710227
38.8,0.7426148849018682,16.961928454125427,5.466811639077716,-0.6661817934806291,0.021263735683775035,7.221416288629782,0.24836300579502477,0.189973027478404,5.056456383600121,0.1593852103873246,0.24808142946431194
38.85,0.7587529638146628,17.013155601826604,5.5930410593924025,-0.6684902030867773,0.010969334466542175,7.133719480819792,0.11063789349794334,0.19007255175091495,5.0851806206825225,0.30699748412409206,0.25495278307789737
38.9,0.7736482365164875,17.06433114776215,5.705343036050859,-0.6720793770084743,0.005301933593508109,7.028803604094719,-0.027809293726560623,0.20670499854927604,5.122521274175382,0.46323464215096033,0.2519641317785218
38.95,0.7871655753398318,17.11546636057422,5.803668045075904,-0.6788303018960565,0.00484371093512373,6.917561850505199,-0.15256297785084985,0.23415513453270234,5.1616819126737505,0.610201336481525,0.23306468591033713
39.0,0.7991825778665927,17.16657242392619,5.889713812140707,-0.6901375546120956,0.010104187739131496,6.809560449561382,-0.25071213827663297,0.26418972620329706,5.197234753013262,0.7308211012126224,0.198979815217107
39.05,0.809602888130709,17.217656670804615,5.966458092110701,-0.7061946013155672,0.019887150750820506,6.713627376745821,-0.31153495520280794,0.290509848138998,5.225557118101647,0.8109082798743776,0.15707194775330985
39.1,0.8183537695203834,17.26872013448517,6.037214380964647,-0.7255883522581811,0.02976328707574376,6.636464803659259,-0.32718350885084024,0.31014155993314285,5.2429899763475625,0.8408528202056337,0.1168110578321491
39.15,0.8253795582800842,17.31975774482047,6.104496645141523,-0.7455093677452049,0.033172338995361116,6.580811460381231,-0.29341690666437353,0.321936364215797,5.244040618914244,0.8164984057443507,0.08493741050208346
39.2,0.8306438363937523,17.370761243857125,6.170012054206681,-0.7625194418039639,0.0254257052704416,6.544693340844019,-0.21030438924146408,0.32471268028515876,5.222647931008517,0.7390573638263745,0.0644283167935564
39.25,0.8341392066479362,17.421723054317344,6.235727754265856,-0.7734409340902478,0.007065791337015881,6.523147143148623,-0.08262095285378662,0.31865466795303027,5.175963754661974,0.6143377279924495,0.057114409243876424
39.3,0.8358907099430778,17.4726390623218,6.304946741045028,-0.7760852883726377,-0.013977826723710061,6.511235374719398,0.08035654649650886,0.30733630761732544,5.106397068963505,0.4517590146181563,0.06530011155403055
39.35,0.8359377161522716,17.523508973013314,6.381105767585214,-0.7696301669143304,-0.02394897889579055,6.5058534726977095,0.26572411270805774,0.29737210053070107,5.019888145590046,0.26350588647683837,0.08905997407375423
39.4,0.8342975732402776,17.574334667338107,6.464783832708564,-0.7544559146056499,-0.011831062438923196,6.505986891298833,0.45834160752370434,0.2956850837464483,4.923594500644946,0.06370721263060028,0.12348632018328665
39.45,0.8309400619458139,17.625118567372727,6.553004588483507,-0.7317164326079764,0.022607630140312876,6.511684102331313,0.6424143517269413,0.3051904568192491,4.824588355898343,-0.13262941405288722,0.1594561057886625
39.5,0.8257962964175237,17.675862808065116,6.6406682743812855,-0.7030251797276615,0.06880400544854522,6.5230982901113235,0.803029152457735,0.32273539059767997,4.729276428909312,-0.31088514493639907,0.1870374359510769
39.55,0.8187968659121923,17.726569066858772,6.723358385063975,-0.6702648531710435,0.11256692721049516,6.540281751324127,0.9275168865524382,0.3405688134503598,4.643979857670006,-0.45813981995068886,0.19997291371115972
39.6,0.8099119320159734,17.777238931255624,6.799517965110869,-0.6354408098042719,0.1432970575756132,6.562477280638958,1.0065119242959908,0.3492697168979682,4.575235680726258,-0.5643706812592014,0.1979560815497179
39.65,0.7991767250921072,17.8278744262051,6.8696009478921445,-0.6005594562199029,0.15617016840461181,6.587519838933194,1.0346785868934352,0.3416659856368484,4.528959316344019,-0.6233966347765694,0.18601084814667024
39.7,0.7867009444129401,17.8784781119434,6.93425434455365,-0.5674791477211462,0.1515399327334972,6.61236946560721,1.0111539235612426,0.316474738646172,4.509161836218593,-0.6334216216370047,0.1718152659132184
39.75,0.7726601154973985,17.92905239067154,6.994041306126718,-0.5376685768176016,0.13456755786029098,6.6337039684959995,0.9396918243702073,0.2787401099242173,4.517013124473793,-0.5970684957420704,0.16178805073332858
39.8,0.7572717269954952,17.979598421906033,7.049809983377114,-0.5119219566217041,0.1134253842370858,6.648099368798455,0.8284362453861501,0.23703497663774487,4.551068233254692,-0.5209639405289925,0.15868466253983093
39.85,0.7407664593040517,18.030115404756035,7.102581689642086,-0.49021006335884243,0.09588576321846196,6.652444523329876,0.6892494154338705,0.20024081809197028,4.608285021878991,-0.4150174810255736,0.1613618393296936
39.9,0.723366072674391,18.080600946359176,7.15285708770801,-0.4718164200859102,0.08668861123275393,6.644361508116098,0.53653408317724,0.17562735352394923,4.684711894183034,-0.2915464645127426,0.1658064649239685
39.95,0.7052734953791826,18.1310526525738,7.199811766002183,-0.4557426309287325,0.08711929642985912,6.622016071213408,0.38565649122460804,0.16703076865855343,4.7756267013457725,-0.1643554553278348,0.1670506607263824
40.0,0.6866699636030867,18.181469764266186,7.241522462298964,-0.4410947331792473,0.09613311136636017,6.583945719099127,0.2513269547258275,0.17303224412947565,4.875321813568605,-0.047680488881432434,0.16051481274675888
40.05,0.6677213848854638,18.231853927256097,7.27614690837497,-0.42724193099821955,0.11184199598593067,6.530065026279131,0.14619794812888576,0.18816394905014225,4.977316802580323,0.04501836981044852,0.1434230973864089
40.1,0.6485912889031599,18.282208861471062,7.303299662686595,-0.4137266662048881,0.13264815271999855,6.463051564040248,0.07978368234281351,0.2066349402618504,5.07579537631856,0.1023075297430958,0.11708181975471908
40.15,0.6294443203808906,18.332538763108815,7.325048111025641,-0.3999707392702348,0.15740754766309942,6.389688565011974,0.057857931657335486,0.225164855522767,5.166721677290631,0.11602387679325282,0.08702026550388628
40.2,0.6104420225231906,18.382846899478263,7.345670691975526,-0.38507685775079653,0.18472243397804064,6.32045226170395,0.08214403187552181,0.2436140816005663,5.248167517211299,0.08221669342124129,0.06109326475404
40.25,0.5917354659137881,18.43313548292005,7.370431390810721,-0.36790266305639974,0.21228284083970653,6.264874078924227,0.1500899772158602,0.26202431930864784,5.320347481390312,0.0015326787192644943,0.046983483611621406
40.3,0.5734578740407635,18.483405928051557,7.404043327082374,-0.34727846970068155,0.2368711091975733,6.227749593716063,0.2550039313173242,0.277795879397127,5.384729633293368,-0.12087891983699199,0.049083560938893496
40.35,0.5557299033997107,18.53365910236452,7.449244422842162,-0.32227865458822574,0.25530186837001984,6.210489418319598,0.3866826744653555,0.2883133666723924,5.442721627058797,-0.27589735148160605,0.06645855129578221
40.4,0.5386723119972326,18.583895660464705,7.506188933144343,-0.29246434684824024,0.2664943099822977,6.213795159721395,0.5323907227713631,0.29427373009333074,5.495142114115458,-0.4513294021639336,0.09267459377390143
40.45,0.5224125740838785,18.63411663269421,7.572160080849184,-0.25804929461255793,0.2721427084009858,6.236947842733113,0.6779919209916905,0.2976119165399919,5.542780997427966,-0.6331176415126828,0.11808501859240489
40.5,0.5070861713524809,18.684323544223272,7.641511856890008,-0.21984863036594712,0.27432075104692993,6.276203753836817,0.8092390584218685,0.2984586561510772,5.58736993612574,-0.8066806733747128,0.13444525173497254
40.55,0.4928378538493865,18.73451761679155,7.707436786327003,-0.17895330274684298,0.2740716498666814,6.324623951402951,0.9131961291011268,0.2945416316852522,5.632146667446219,-0.9581452796685483,0.1384305779275661
40.6,0.47982765706523883,18.78469919953612,7.764534783649246,-0.13643335019771768,0.272977440709084,6.373502392247515,0.9794970316815206,0.28345119256093965,5.681668426592158,-1.0754909653946814,0.13205524404578106
40.65,0.46822962450459676,18.83486793376846,7.809350422230381,-0.09325291282763448,0.2731229206956437,6.414827985005319,1.001255136749392,0.2658998689278256,5.740763215348555,-1.1496489111682187,0.12095368225195854
40.7,0.4582156140027134,18.8850233903231,7.8394133026635195,-0.05034043876196399,0.27525033478632777,6.442695961261978,0.975585547015993,0.24605828973299468,5.813004010209446,-1.17541805317837,0.11106390235992886
40.75,0.44993606663746283,18.935165610726834,7.8529795842076675,-0.008645171991339273,0.2787650989055632,6.4530852506309335,0.9037756525933581,0.22895189098297944,5.899672811341821,-1.1519989153331245,0.10534363519209891
40.8,0.44350769688281544,18.985295327256686,7.8495392609150905,0.03090809314423001,0.28306689084487735,6.44285772441986,0.7911051953914834,0.2174652030334228,5.999423238868285,-1.083085876887116,0.10255389867581742
40.85,0.43901202438527803,19.035413692027195,7.830962758304677,0.06760002265813954,0.2892497802753276,6.409490406714965,0.6463565184237449,0.21128799681748325,6.1090267892543055,-0.9764715310309132,0.09876341595784868
40.9,0.4365005971352821,19.085521878368922,7.80200870961904,0.10109958676864364,0.2999747470954359,6.35221686527586,0.48104290205003425,0.2084072665419695,6.224734464953587,-0.8432608019548239,0.09068496138253418
40.95,0.43599886992032355,19.135621625844713,7.7677950052118465,0.1313195070999525,0.31565229914812887,6.273357256490924,0.30828827765286443,0.2074454640900192,6.342521942107017,-0.6969436574350163,0.07796015519344823
41.0,0.4375088150981498,19.18571567335813,7.731213450073283,0.1581993362033323,0.3325444251083026,6.178406994630989,0.1415826748558731,0.20843856262251342,6.45840130276551,-0.552205705051335,0.06387637176998606
41.05,0.4410068863437797,19.235806533514378,7.692430446994867,0.1817975896805806,0.3441804440742187,6.074905759466549,-0.006288290115208637,0.21179700452573672,6.569668031876873,-0.4233489570385615,0.05467752937211232
41.1,0.44644178697100195,19.285894742207326,7.650238132122131,0.20255337466534024,0.34477237628893165,5.970550557200388,-0.1241979364600071,0.21712270630597624,6.674564315124201,-0.3227007089484529,0.05610475739792123
41.15,0.45373751329795975,19.335978454435008,7.604740535652155,0.2214244131728483,0.3335577805742222,5.87134882419342,-0.2036402118332815,0.2224445019895222,6.771740817528503,-0.25938423539638045,0.0695406171464947
41.2,0.4627980372615405,19.38605443458981,7.558329449466138,0.23973840851445577,0.315657652575545,5.780503510560093,-0.23962921146544522,0.22452791942143582,6.860904596037129,-0.23857982864038987,0.09108259061222929
41.25,0.47351423517287466,19.436119848746344,7.513848202729215,0.2587682033036944,0.29833442392443754,5.698808348965163,-0.23137509717955185,0.2209101838325115,6.942797001997793,-0.26137976771567345,0.11410346981391455
41.3,0.485769434047694,19.486173764931436,7.47177092751447,0.2792760557112558,0.28588756016223704,5.62643104858089,-0.18249400308408031,0.2118755114016398,7.018882542647647,-0.3250115789176681,0.13297149230851008
41.35,0.49944437905471123,19.536217277186736,7.429532894271453,0.3013816448242151,0.2782548143223304,5.5642859162126905,-0.1006312094073778,0.201038115337048,7.0906656184117605,-0.42318189974178627,0.1449243143385372
41.4,0.5144210080644506,19.5862522721822,7.3838406779304036,0.32481283252942894,0.2740759538827146,5.513398935233571,0.003439414661006351,0.19359892877472387,7.158401098398477,-0.5465361488575543,0.14963492161318814
41.45,0.5305792760812388,19.636279691623358,7.333473957321019,0.3492852215300665,0.27392350943694005,5.473466827922587,0.11707152367143281,0.19275699499627538,7.221554249552562,-0.6832120627188842,0.14819251061751865
41.5,0.5477870117167061,19.686298313091672,7.2803387879951424,0.37477077427916555,0.2798108793861831,5.443620231889699,0.2271054126741537,0.1979110915452358,7.280739307962793,-0.8196193663955526,0.14234795430911265
41.55,0.5658924953386905,19.736304839378366,7.2285614467813515,0.40149228402531495,0.2919969460511028,5.42380780691685,0.3210556684435905,0.20574076709044334,7.338636282140791,-0.9416841063298133,0.13483461267954497
41.6,0.5847264522106362,19.786295817586673,7.183229826751755,0.4296046592567568,0.30700749897214163,5.413923551918096,0.3879548691207547,0.21175346852165342,7.399500030680346,-1.036464590479029,0.12913275703685637
41.65,0.6041123540144232,19.836270514950034,7.149406117432494,0.45872778779695733,0.31880935145504546,5.41288158091429,0.4189481820094431,0.2116752855124637,7.467292114403599,-1.0938100206694499,0.12725413995376403
41.7,0.623882497429104,19.88623253850406,7.130579489904554,0.4876366619885613,0.32182214789925745,5.418872313590605,0.4078873850593061,0.20296520068199578,7.543866265062552,-1.1076139911734668,0.12847435309755426
41.75,0.643893408321246,19.93618888381399,7.127436170544835,0.5144061613454993,0.3131268930880476,5.429695510958196,0.3520227089975888,0.1858786502582258,7.628483130903315,-1.0763285062070955,0.13047026656699326
41.8,0.6640343371860223,19.98614689198995,7.1377796021811815,0.5370200887288691,0.2930280906023881,5.443117789993855,0.25266675128379396,0.16333400809790982,7.71885238789393,-1.0026900674383612,0.13186063339316165
41.85,0.6842236042990215,20.036110556621825,7.157182937713239,0.5541471793818538,0.26429789624910144,5.457284569568094,0.11557837332605031,0.13966434169023054,7.812419052007916,-0.8929040942786225,0.13387091877951784
41.9,0.7043933014701682,20.086078285685097,7.180247202174688,0.5656461849091727,0.231030325144564,5.470976355408792,-0.04926239330778333,0.11891445118146728,7.905772165433963,-0.7557545163230605,0.1389597971341694
41.95,0.7244711883468352,20.13604356221803,7.202021721401729,0.5725055920660165,0.19788430998708192,5.483991250238231,-0.22865678850688756,0.10341303329169357,7.993419005522919,-0.6018215463918979,0.14751834039148598
42.0,0.7443694385421429,20.18599748484287,7.218698322634179,0.5763665517121723,0.1692559603624997,5.497697033978646,-0.4077346236198706,0.09342482383394882,8.068800099047087,-0.4427114599929167,0.15748786041340182
42.05,0.7639844340710835,20.235932068647276,7.228395634729923,0.5789109375327239,0.1489675624528595,5.51499509746542,-0.5717756422931553,0.0878702639395525,8.127501917530447,-0.2902933784357108,0.16761419663602256
42.1,0.7831990796591993,20.28584348824115,7.232366256338793,0.5812925280607398,0.1410661343326732,5.5393229103631985,-0.7080321932581357,0.0849903107514576,8.169344208635996,-0.1559524497582932,0.17892973695286382
42.15,0.8018812723700265,20.33573433238194,7.234284965026817,0.5837011897840815,0.14847442252049803,5.573221015028776,-0.8072503529438665,0.0827835191930655,8.197622438530512,-0.04986484808222727,0.19328873848553768
42.2,0.8198821067401768,20.38561341782729,7.237878283062651,0.5853098167855543,0.16971450043853456,5.617885781609531,-0.8645080091268678,0.08007447557206854,8.217026302062635,0.019857658998631754,0.21138889867013488
42.25,0.8370382716751624,20.435492665562624,7.244735954985105,0.5846999208651285,0.19774302329090174,5.673940412996161,-0.8791785322329229,0.07719571425779392,8.231934425094265,0.04822500428772559,0.23127993252085585
42.3,0.8531840453413564,20.48538264370156,7.253977133089592,0.5805675525073047,0.22257407791885256,5.742283004421217,-0.8542702939006754,0.0753150717806114,8.245363085237685,0.03431859937589446,0.24849110389708418
42.35,0.8681716449141188,20.53528862397342,7.264592022329547,0.572455455329986,0.23693511143201143,5.824153893071113,-0.7955139567803403,0.07501096767858098,8.259023478323089,-0.018154291561782457,0.258175466290964
42.4,0.8818872191898652,20.58520926195231,7.276541216591887,0.5610269037108042,0.23924451599107657,5.92068606915959,-0.7105906426279229,0.07510560729647266,8.274055584373645,-0.10105103415175717,0.25783693198620666
42.45,0.8942555764323225,20.635138647151738,7.289544345662956,0.5477189807590772,0.23149278831259404,6.032540162142745,-0.608677094598378,0.07271512286524216,8.291339220480213,-0.2028879321974547,0.24908507234408067
42.5,0.9052395524235483,20.685070371136955,7.302234166692996,0.5340547599666983,0.21645031276578783,6.159373537921329,-0.5002069257068864,0.06484736646503962,8.310946929003848,-0.3105565990600241,0.2373735245758924
42.55,0.9148377668580263,20.735001303185815,7.31248604710841,0.5209857201505093,0.1976473290644222,6.299468470317913,-0.3965175114460626,0.050648502698722356,8.331348524914779,-0.4111122942640872,0.22948054855706934
42.6,0.923073393910563,20.784932956966273,7.318141710938331,0.5086120543952203,0.1800165343913513,6.450172266283759,-0.3090056913536867,0.03214401794436768,8.34983632384005,-0.4930590964750024,0.23010512458401283
42.65,0.9299772140811382,20.83486995105518,7.317572555472482,0.49640320982445824,0.1688611935548334,6.607559918442477,-0.24792035251982592,0.013691418807237829,8.364376988185748,-0.5470191598644429,0.24055375079243543
42.7,0.9355694963940817,20.88481719420679,7.309331229191988,0.48365160143856134,0.16711328970110492,6.764779253677885,-0.22113206581010816,-0.0003517056534552605,8.375092146906448,-0.5661257710018021,0.25955782543712874
42.75,0.9398458400276583,20.934777898668656,7.29175028501434,0.46980433312162573,0.17354795123369607,6.91122428216253,-0.2331622166328555,-0.008518723334321016,8.383849949848466,-0.5463884630363012,0.2827677061751751
42.8,0.9427823074539947,20.98475280048304,7.263927574614583,0.4546293034813937,0.18449893120265617,7.034354983550543,-0.28467858088050146,-0.010983128676268276,8.392468275848344,-0.4870234066826653,0.30223353524821656
42.85,0.9443528236435746,21.034739818541883,7.226704661417854,0.4383044562921608,0.19656553146459954,7.123633157250258,-0.3723111948653691,-0.007177851034705622,8.401951567688554,-0.39053929637394424,0.31014554213994794
42.9,0.9445390536645223,21.084734692847114,7.181722224358073,0.42129597965379934,0.20672623691792147,7.172965322795326,-0.48893412180897633,0.004003242447185584,8.413106027491137,-0.26256075035668347,0.30353409794003866
42.95,0.9433337637950908,21.13473281785234,7.129901482306252,0.4040261312898563,0.21203791534482533,7.181054976060083,-0.6244800821004644,0.022419038890205207,8.427347481000053,-0.11154013741298183,0.28684552697452675
43.0,0.9407405672032603,21.184731198106288,7.071420220653221,0.3865675419749584,0.21132901596302778,7.151314689395081,-0.7670733662940062,0.04578973045313215,8.446054160081074,0.051680845658077464,0.2703354076591834
43.05,0.9367629014842237,21.234729452353875,7.006900956291604,0.3685421559521119,0.20667989527695302,7.0919677599802995,-0.9042579853147932,0.07098173525157372,8.467902494757597,0.21468485631894105,0.2622046951282429
43.1,0.9313960077493084,21.28472912899052,6.9381169850705104,0.3492859229665242,0.20218731305968698,7.016956482092829,-1.024085979278956,0.09827505158714775,8.48821294756385,0.36480891845190305,0.26297495330826914
43.15,0.9246256281167101,21.334732066698155,6.8674478277926845,0.32812269929392085,0.20111177935826827,6.944435193132323,-1.1160742788691438,0.13269808872416866,8.500701576602971,0.4906526883487015,0.26697353125482526
43.2,0.9164260569016751,21.384739787942927,6.7968128694771,0.3044741342230144,0.20392840662466208,6.890991713388635,-1.1721870683284028,0.17656196686739367,8.499790804957472,0.5832521172681013,0.2676735382664282
43.25,0.9067697675148043,21.43475418629577,6.727097541763706,0.2778172862914007,0.20828127650521572,6.8669468938493035,-1.1877966080537754,0.22335287484167332,8.482291557385391,0.6367711816044994,0.2624723547834642
43.3,0.8956457765402812,21.48477727902454,6.658301681664759,0.24778428971336489,0.21053959873150163,6.875142991100734,-1.1622073753967757,0.2602597852844862,8.44712925748588,0.6489945269749189,0.2531031515001725
43.35,0.8830786779444454,21.5348095403966,6.590010188872247,0.21443923735590392,0.20797818247596622,6.913591593304355,-1.0984126538118528,0.2764008378536596,8.39416698378415,0.6216895138331953,0.2429686007185484
43.4,0.8691425687726767,21.584848701275114,6.521351056750508,0.17844735096399367,0.2000316140854544,6.979561937216007,-1.002421070758585,0.27013334434079284,8.323585712087873,0.5605496729336719,0.23492671674699195
43.45,0.8539568557037029,21.6348900532361,6.450790585104909,0.14098035741432804,0.18817976365361216,7.070485874166556,-0.8825888639692203,0.24862326845454155,8.236014046887307,0.4745865735421979,0.23056642530995744
43.5,0.8376689537891212,21.68492779166383,6.376530967035808,0.10342052910221274,0.17575113948989682,7.182683112915578,-0.7489770128041355,0.22226903571356443,8.133089777749943,0.37508936557482103,0.2306812306512173
43.55,0.8204351048528717,21.734956827737125,6.297422050591723,0.06700031887512128,0.16717846397823957,7.310667773984938,-0.6126812032704896,0.19988853870929238,8.018152823700072,0.2743365953826079,0.2359394429296996
43.6,0.802400989897627,21.784974150486534,6.214575302407834,0.03256448284507504,0.16672531677772032,7.4475551041950965,-0.48500525357872937,0.18594068212460144,7.8964356215919835,0.18428534667446522,0.24642467774513147
43.65,0.7836894834334355,21.834979405103873,6.132372104435352,0.0004578970755681391,0.17781063093132607,7.585841121518456,-0.37651766343324433,0.1798421206935549,7.7743504207252405,0.11537512622512687,0.2605310578460274
43.7,0.7644006359849586,21.884975080564928,6.056570518839682,-0.029562053091179433,0.2011323482379395,7.718306525598006,-0.2961619324898578,0.17764730784823635,7.658621584053818,0.0755424647360137,0.27463075447532354
43.75,0.7446221104119695,21.93496574411092,5.991808373152177,-0.058235530931079485,0.23225773147957435,7.839294008941207,-0.2503756936647995,0.17547016459997136,7.555939938134568,0.06962130084811557,0.28443717450390665
43.8,0.7244453129720684,21.98495648655489,5.940144696994754,-0.08655958758739413,0.26155995688036454,7.945113703751195,-0.24234042639559217,0.1718679631921325,7.472375592645081,0.09909976627749474,0.2871479366372776
43.85,0.7039803061902855,22.034951436295906,5.900266799774715,-0.11554749336083152,0.27740453067682525,8.032977329526634,-0.2715715256323818,0.16758821626510195,7.411999729719806,0.1621474965131735,0.2818499684412737
43.9,0.6833684750243921,22.08495227655843,5.869306520490692,-0.1458913017237827,0.2725514356760599,8.100234181087862,-0.33379677492403087,0.1643180768248817,7.375633581016723,0.25397476640632,0.2683731338155294
43.95,0.6627895081909657,22.134957278828836,5.8451484780564185,-0.1776867269366683,0.24859603423079019,8.14507042268142,-0.4211733861653157,0.16404635280347027,7.360793657475948,0.36743571994012386,0.24732052455077005
44.0,0.6424571273409077,22.184961530718034,5.827272800954184,-0.21039851309933782,0.2152174897087479,8.167516757564032,-0.5230071731285445,0.16880438767268138,7.363002308054236,0.4937170535102251,0.22193661199479692
44.05,0.6225988609022859,22.23495858341067,5.816634710255972,-0.24307392166680655,0.18494961278266422,8.169941950059854,-0.6269581666759876,0.18024568300107108,7.377151775677075,0.6229844634484901,0.1985576509588379
44.1,0.6034235804240445,22.28494319678243,5.814202988630443,-0.2747809271375568,0.16571316465924046,8.156849926890041,-0.7205510420989794,0.19882650680329686,7.39805520898314,0.7449710423649591,0.18326688695852714
44.15,0.5851001614440909,22.33491395188872,5.820034056933306,-0.30507399378631417,0.15783466129038265,8.133872334221868,-0.7926854561052418,0.22280500611724124,7.420876223341973,0.8496061674130853,0.17805443691655337
44.2,0.5677590791501917,22.38487431281268,5.833863022362404,-0.3342118371971694,0.15665347712052652,8.106685709794075,-0.834828412953629,0.24834832917185548,7.44141030508032,0.9277691552687531,0.17997106359389786
44.25,0.5515093666158402,22.43483156761713,5.855977438056188,-0.36301233986253595,0.1565048334283694,8.080412702077584,-0.8417189402172631,0.2711549489837657,7.456507195198331,0.9722388868617282,0.18333367113513882
44.3,0.5364604158073384,22.484794452430602,5.887399142722334,-0.3924751510419267,0.15358260998388648,8.059342728557777,-0.8116067180364623,0.28840641674000855,7.464338605942363,0.978629224802827,0.18328438452874068
44.35,0.5227371892982121,22.53477034451933,5.929182748610873,-0.42332221651323565,0.14665937315077682,8.046653346234596,-0.7460665850802346,0.29990651209789193,7.464247409708778,0.9460786255743392,0.17895306576512934
44.4,0.5104796438570843,22.584762951520236,5.981249558830864,-0.45560636413979977,0.1356414515641088,8.0439830421984,-0.6495241757259436,0.3078962406805664,7.456745166828139,0.8776036089101457,0.17383499613136225
44.45,0.4998287947106676,22.63477152357487,6.041658821746632,-0.4885941354746697,0.12034590308684848,8.050907606655421,-0.528685045688178,0.31538151579027063,7.442937716200388,0.7799142523091517,0.17255746008629044
44.5,0.49091222180611843,22.684791723455234,6.107005931502734,-0.5209745133393516,0.10142725980775202,8.06472423528862,-0.3919440810787147,0.32371466716273256,7.423493843191618,0.6626489339010919,0.1773601778545442
44.55,0.4838366289768498,22.73481763877278,6.1736130962587605,-0.5512601590572852,0.08179853833198568,8.081559195096293,-0.24875131363721498,0.33148167843038917,7.397914278442545,0.5371723412254866,0.18687737603917823
44.6,0.47868726996824534,22.784843976859587,6.238687762429993,-0.578201964870442,0.06671525182119713,8.098728290760734,-0.10889174605174358,0.33570432752510615,7.3653892430253665,0.41523397816690943,0.19789884429413934
44.65,0.47552696489973506,22.834867520198504,6.300752853846022,-0.6010929590698384,0.06216450665316243,8.116253615628926,0.018261131222206094,0.3340129277604925,7.32682962589908,0.3077603762660795,0.20836517949308364
44.7,0.47439011062835207,22.88488819936485,6.359519510803115,-0.619961047024039,0.07196102271493339,8.135808311499005,0.12432541853446195,0.3259322055799446,7.2848834150505235,0.22372421234221948,0.21809981336448284
44.75,0.47527695037979806,22.934909888544755,6.4151050950643755,-0.6356878415792055,0.09581919086042034,8.158180373198404,0.2023685015175817,0.3120852761422253,7.242163544154453,0.16919160437755,0.2269740683942432
44.8,0.4781554730400834,22.98493943760431,6.466889447548708,-0.6498145940077296,0.12892461979028028,8.181862961938826,0.2475264804196517,0.2937740975184842,7.20014497902631,0.1468952601183736,0.23377768820960063
44.85,0.4829724745854122,23.034984005252888,6.513099749050236,-0.6639978888141941,0.16297305603992965,8.202129181665335,0.25765025283155796,0.2733211419158265,7.159076815392929,0.1563432748776192,0.23719523662512748
44.9,0.48966714984584936,23.085047874784966,6.551591834475952,-0.6793844277894966,0.18980135544592608,8.211507134891178,0.23392553169173333,0.2532961169076359,7.1182620446154194,0.19431403271427902,0.23699781904838432
44.95,0.4981760492826797,23.135129222419202,6.581023957614645,-0.6960260745065232,0.20478112390925135,8.203528977441415,0.18147099389353763,0.23662104781885912,7.076868455032268,0.25568227978039465,0.23405187038178143
45.0,0.5084296015404136,23.185219552433843,6.601727384573001,-0.7127434917071147,0.20795081240455215,8.175286427665961,0.10909098514250821,0.226943295092327,7.0345952524283,0.3340724197596538,0.2293041140755339
45.05,0.5203446511327854,23.235306804245155,6.61629218676919,-0.7276160516431137,0.203383881436308,8.128172487952545,0.028054857507416868,0.22814989205001213,6.991480661092794,0.42204469711623627,0.22282455453024685
45.1,0.5338150014430098,23.285380590501582,6.628914863481687,-0.7388986323061569,0.19701155864560851,8.06789571094495,-0.04961009388540185,0.24171559374015297,6.948065698590904,0.5110318037638288,0.2149147904240913
45.15,0.5487057643254248,23.335437771895503,6.643633482307918,-0.7460166497572547,0.1939125572993629,8.001962696905847,-0.11308282074792636,0.2627714717131715,6.905855199574898,0.591338942979836,0.207596525457921
45.2,0.5648566729335041,23.38548449120005,6.663080942466596,-0.7499353699252808,0.19646417345239517,7.937595466761141,-0.1542091886100325,0.2818641531822895,6.866846203236621,0.6527631995746115,0.2030248380047645
45.25,0.5820926020568832,23.435532906397036,6.688608930495429,-0.7526150944844098,0.20415417178011666,7.882006667683022,-0.16787894222190677,0.29105782797397456,6.832800406981645,0.6859988754770957,0.20114505639478097
45.3,0.6002380498725565,23.485595423293777,6.7210716599245774,-0.7560293890960195,0.2148624813112042,7.8423581187566676,-0.15170026198511163,0.2874702295876146,6.80469500459468,0.6842572539178897,0.19967777575567475
45.35,0.619128830973923,23.535679729984118,6.762379859605716,-0.7612181578467768,0.22620630862518387,7.824055393475446,-0.10557473525918172,0.27270063732986977,6.782050030518798,0.6444969619105628,0.19548562299189484
45.4,0.6386170188432163,23.585786218985426,6.816563461062037,-0.7677450141978023,0.23624784369470128,7.828840903119246,-0.03140929276498446,0.25055783654084757,6.76235761119886,0.5679770526721305,0.18592157339232188
45.45,0.6585734899756696,23.635908639944514,6.887815704357998,-0.7739237338255095,0.24369109297143207,7.85388074715855,0.06697927944146603,0.22486109550976552,6.741100177292054,0.45998977152350035,0.17042542619578427
45.5,0.6788870138641685,23.686037270714586,6.978304212026821,-0.7775425691389805,0.24782532364951987,7.892290395540616,0.18385872711552836,0.1986205227888669,6.712827869158947,0.32896478357894554,0.1513140749050311
45.55,0.6994577537554216,23.736162988891586,7.085762204594825,-0.776783531538896,0.24716192093738837,7.93473226428913,0.31162675668703443,0.1744911891258488,6.672838264138403,0.1852110979063754,0.13349261196824536
45.6,0.7201900808455955,23.786280295923504,7.201446718681671,-0.7709788834831597,0.23931959590134078,7.971409640450619,0.44117332106168594,0.1549231867715378,6.6184536796378985,0.039595978011248756,0.12353531704812429
45.65,0.740983563159515,23.836387545026515,7.314146293306064,-0.7605289091161898,0.22505257271495163,7.993846043312837,0.5627780008240177,0.14150663592890014,6.54944199082912,-0.09744772314065958,0.1270389777953449
45.7,0.7617149078453843,23.88648504745207,7.415714904096847,-0.7462640604385345,0.20952245877278808,7.996347169819421,0.6673371810880352,0.13407755714534178,6.468426412569245,-0.2165662718788193,0.14597345042816126
45.75,0.7822233052901433,23.93657357246587,7.502245304604675,-0.7290786279141941,0.19958152101634502,7.9772817968889465,0.7474538666564757,0.13018734778003163,6.380975364052607,-0.3101286245840955,0.1784266276895893
45.8,0.8023101210029645,23.98665403492332,7.572689123096134,-0.7098655334658194,0.20026252309772327,7.939244200573466,0.7981136621514345,0.12620478384516112,6.294289653306122,-0.3729147778297397,0.21917415604813983
45.85,0.8217501921149841,24.036727499523693,7.627315090926315,-0.6894639407478087,0.21167689976150525,7.887960505885535,0.8169962064786869,0.12050676800193041,6.21595617613711,-0.4025709141446524,0.25988587474573593
45.9,0.8403098217059319,24.086795873425952,7.667470202593552,-0.668691026064583,0.22939400778328503,7.829747633465026,0.8044081774468974,0.11475794525196929,6.152080473485215,-0.3999149457794842,0.2893184484287852
45.95,0.8577676354137707,24.136862301990877,7.696295465397488,-0.6483448940620514,0.2482123215749179,7.768218536254777,0.7630613955383633,0.11059196608995309,6.104810567477667,-0.3689815813757929,0.296071809954805
46.0,0.87393636778374,24.18693012609869,7.718545883913021,-0.629022543395573,0.2644519293898199,7.703253272828227,0.6979508579189198,0.10668488242437942,6.073248682515818,-0.31647428747076983,0.2750041585404573
46.05,0.8886784539825927,24.23700130627039,7.739019633628582,-0.6108997222408,0.2754242013113397,7.633364483834028,0.6161856334097442,0.10052624050509386,6.055658764013981,-0.25083362096739925,0.23098451700912312
46.1,0.9019111732901879,24.287075189927133,7.761066026539226,-0.5936025601632642,0.27921606686779304,7.558715990038562,0.526563707680743,0.09244329154124378,6.050810347300901,-0.18121029219317628,0.17756171262114187
46.15,0.9135930234983441,24.337148360195236,7.786289730760308,-0.5762519039237398,0.27570200991309174,7.4818058110807115,0.43881404861670753,0.08596091857770687,6.058101828099784,-0.11654236543948339,0.1312050511273113
46.2,0.9236935379175434,24.387216090646074,7.815184382038237,-0.5577216792535284,0.2668884416371786,7.40642169634301,0.3625487485089194,0.08399228493870045,6.075769361770329,-0.06493193508150824,0.10277949901997506
46.25,0.9321727768051092,24.437274438782524,7.84777608919668,-0.5369883544362118,0.25567873700975696,7.337766055900557,0.30613188678723663,0.08759907713485938,6.099919498593034,-0.033213644289236434,0.09300842966452873
46.3,0.9389807932451105,24.48732195577669,7.883822326971901,-0.5134567942061375,0.24472070412710994,7.282736379245223,0.2756390901045109,0.09765381825800747,6.125019670571376,-0.0266083128007653,0.09399597711086509
46.35,0.9440668792235097,24.53736067267331,7.9225932821964795,-0.48716681677275736,0.23563207799234026,7.24799227682218,0.27406334855266984,0.11404732706819226,6.145224442669056,-0.048471715445577185,0.09522130798705411
46.4,0.9473931253044217,24.587395795830453,7.962676490310462,-0.4587455794233386,0.2283770082242463,7.2374881408571135,0.3010054272190097,0.134065435952855,6.156112181030745,-0.10002370744867138,0.09027176214887309
46.45,0.9489472802521787,24.637434057190926,8.00246229414234,-0.4291089114478862,0.2221317856284632,7.250410456439614,0.3529037583361838,0.15181156327524883,6.155629123161937,-0.1800275149437787,0.07984928955294698
46.5,0.9487488299393706,24.68748082445005,8.04099075788293,-0.39896421130279436,0.2169117057444852,7.282004480272152,0.4238340623635155,0.1604816306901323,6.143903599411794,-0.2844586219815955,0.06988316708570218
46.55,0.9468452805018073,24.73753717595302,8.077579976629812,-0.368383198753417,0.2134524295030425,7.327862091363683,0.5066336298074798,0.15780721107228046,6.122316847771082,-0.4063997836070957,0.06660400590723221
46.6,0.9432988977680637,24.787599307239038,8.110472282117506,-0.33679710197360146,0.21132157699855003,7.385721647514371,0.5937321469292017,0.14778941027337836,6.093122113107595,-0.5365643509837049,0.07296197169014122
46.65,0.9381758442253948,24.837660789235027,8.136811823564848,-0.3033703576478122,0.20833766126230724,7.453574837109228,0.6774953688370472,0.1375583547322772,6.059881157793215,-0.6644684759786987,0.08849915552386521
46.7,0.9315433416454115,24.887715919304824,8.154313612347613,-0.26748207196459484,0.20265021990053425,7.52748572868509,0.7503933130323731,0.1331530042243171,6.027429479089988,-0.7798920298793585,0.11104941010391692
46.75,0.923467101589462,24.93776211677883,8.162756953876752,-0.22908820666732818,0.19489361321062665,7.601665606141829,0.8053692513255946,0.13678740239947987,6.000778891940209,-0.8741932203765178,0.13783466426813717
46.8,0.9140087593019313,24.98780072128363,8.163882254257667,-0.18887446007923536,0.18825440825502543,7.669615305448769,0.8364198655343265,0.14634129007217925,5.983867787389609,-0.9412273529921633,0.16578215594888498
46.85,0.9032257700286286,25.037836326883355,8.159527008416784,-0.14818927345936547,0.1860115643415631,7.72422674446119,0.839210785282214,0.15656902629797725,5.979133455964428,-0.9777815965720362,0.19167009030538426
46.9,0.8911771662995788,25.087874659639652,8.149866116758039,-0.10871821788269367,0.1895189044059684,7.758027271461839,0.8117036545499373,0.16216185954527484,5.987788572723604,-0.9834980455127335,0.21215883100574798
46.95,0.8779338322849605,25.137919669802134,8.13364572489483,-0.0719333637038172,0.198832165506261,7.764602046901776,0.7547384754851382,0.16071593336579829,6.010417991843647,-0.9604259216484503,0.22431784423383405
47.0,0.8635854552552568,25.187971435290436,8.109952561407633,-0.03855684144361813,0.21366573195999275,7.7399436725360635,0.6722730467228801,0.15348049546321157,6.047477081338406,-0.91250618820675,0.22698022185776323
47.05,0.8482387837523261,25.238025808309523,8.079148284186155,-0.008360427920798273,0.23312440861905886,7.683350420445756,0.5710933960783768,0.1446416877615399,6.098947921000161,-0.8451554523308371,0.2213745232259754
47.1,0.8320091314693565,25.288075994268176,8.042549511094078,0.019588320155243172,0.2555284968074563,7.597531725597692,0.45999302823311916,0.1393895764866213,6.163730168586976,-0.7649672644551112,0.21015572097021318
47.15,0.8150093967240921,25.338115270921826,8.00275428927512,0.046518044684165163,0.27864911032515477,7.487728810395448,0.34859106571358134,0.14103608621806357,6.239785262517644,-0.6794570684074209,0.1963682760109958
47.2,0.7973432257513156,25.388139984268516,7.964373617833593,0.07356640622274663,0.2986900895859388,7.3611666085331,0.24602357003287229,0.15004476346630302,6.324658247322082,-0.5967978053171391,0.18315175868941047
47.25,0.7791093751292058,25.438152063038025,7.9329580658803245,0.10130167423526901,0.3098762648807953,7.226958177291326,0.1597446193681658,0.16530157198912995,6.41577881935176,-0.5254529885415293,0.1732641286245657
47.3,0.760411509976856,25.4881587250653,7.913562236625224,0.12953618465845634,0.30797404553565216,7.095574807011461,0.09487130111681961,0.1847925786294988,6.510455276581772,-0.473391857208082,0.1682445021723918
47.35,0.7413644236563776,25.53816937940857,7.91015937403916,0.1576630629983779,0.2934810643305198,6.977490924676299,0.05409135728937961,0.20558364887210928,6.605775910222642,-0.4469426599355374,0.16803440072960665
47.4,0.7220991671189291,25.588192561146577,7.924178832347128,0.1850377118464862,0.27035278716045325,6.8807089548402,0.03771248193042561,0.22401259688564162,6.698583764415346,-0.44982769917607773,0.17205754473665702
47.45,0.7027682267833432,25.63823381370019,7.95323080929937,0.21122748354296042,0.243450448138008,6.807961233451323,0.043804107556677706,0.23579427434559685,6.785283694127465,-0.4826151849052577,0.18063727207752917
47.5,0.6835446030891189,25.68829357832347,7.991975150498485,0.23636036849138037,0.21751366460546875,6.756291701219599,0.0686950168491432,0.2372687945046607,6.862246714392082,-0.542375660623338,0.1946192532685148
47.55,0.6646147726805125,25.738365692279345,8.035002994691698,0.2614835272962651,0.197267689519538,6.7194620162628595,0.10768291802558347,0.22817679698298884,6.926948095215355,-0.6226670579187176,0.21426651338199063
47.6,0.6461657575162075,25.788438734782527,8.079397680822831,0.2884486595468994,0.18674776103615942,6.690897911988102,0.15548442672147597,0.2127181864034869,6.978355636651939,-0.7142978503234245,0.2387775873095428
47.65,0.6283670369248627,25.838500685340335,8.124056833695663,0.3190967015456997,0.18677731152926014,6.665233017954699,0.20619402758280306,0.19783563250188937,7.01623426489294,-0.8068586916909051,0.26551263199527086
47.7,0.6113552339820335,25.88854425035612,8.167123039704386,0.3542396178314245,0.19258934936963934,6.638211292628255,0.25308612535082675,0.19005193971082948,7.041015776578852,-0.8904204814208778,0.28992455733131245
47.75,0.5952355221529657,25.938569787331193,8.204915627006827,0.393107766472726,0.19499723165131963,6.606094927841778,0.28878194094856047,0.19280222055014917,7.054721821511453,-0.9568208580988116,0.3082108099713442
47.8,0.5801006760719042,25.988584487875098,8.233587195110678,0.43351580059979433,0.18655476677684804,6.565872362189027,0.30601476869350175,0.20610954929984526,7.060925263581374,-1.0003170542864077,0.31998767811042333
47.85,0.5660469430330572,26.03859852039557,8.251301807146508,0.47261561449260525,0.16666708806688885,6.516212313091277,0.29884036530455765,0.22804126364200505,7.064277328974922,-1.017565055094437,0.3286119353054218
47.9,0.5531723982122533,26.088620599813094,8.25837739250417,0.507786824303949,0.14110597202813802,6.457581386395158,0.2638018733660895,0.2554310200268713,7.069868910984909,-1.0072808853587856,0.3388730951492488
47.95,0.5415625363136716,26.13865476143162,8.25607702925032,0.5373013146101292,0.11858303614468658,6.39218113731996,0.2007212731690108,0.283051347796206,7.081606599194506,-0.9699754140743105,0.3533542218293637
48.0,0.5312750971188217,26.18869915189265,8.245308324538323,0.5606367394627972,0.10619253933496672,6.323981602845373,0.11292336257615813,0.30286988772436346,7.100940752170158,-0.9078174575925059,0.3704447951561464
48.05,0.5223400413954448,26.238747688071406,8.225851474245559,0.5783321651846018,0.10501918266236507,6.257497159604057,0.006627305643333015,0.30677277828774413,7.12639026272899,-0.8246644020910946,0.38450545875542486
48.1,0.5147825785141021,26.28879365887393,8.196388936379847,0.5914614256357094,0.10953403491714725,6.19699075563619,-0.11023717074385961,0.2920537291963973,7.154033746109561,-0.726132622608611,0.38865992441268793
48.15,0.5086478867062652,26.338832588443243,8.154740585687655,0.6010468908922888,0.11177146949719596,6.146047898960032,-0.22918269722875034,0.2629657200428886,7.179745760838226,-0.6193323085152387,0.3793117192469599
48.2,0.5040102619097186,26.388863462308475,8.098536516585076,0.6076889195906244,0.10690463922107084,6.105255945214482,-0.34217226652541566,0.22745785700204132,7.201911753154213,-0.5122392574423765,0.35888475504279704
48.25,0.5009644270802802,26.43888838593313,8.026678502000568,0.6116067853355562,0.09572873796073429,6.07069435847303,-0.4423724553615405,0.1940704207455413,7.222483964931359,-0.412857161910887,0.3349455053787433
48.3,0.4995972358923409,26.488910694871823,7.941261208676129,0.613051672791555,0.08299307047589412,6.036835149931052,-0.5243745116529553,0.1700730355697225,7.245346360518078,-0.3282802953922018,0.3154551251481393
48.35,0.4999604140806088,26.53893299750425,7.850134190382437,0.612680777091052,0.07690205167934623,5.999366441174504,-0.5842584516360405,0.15912880696099754,7.273786402480289,-0.26389266317625937,0.3034956989576336
48.4,0.502058133528209,26.588956582583293,7.765449768636733,0.6114834694330372,0.08718669710151679,5.9543946538002,-0.6199020233939231,0.15958033938880714,7.309801212376238,-0.22286708410175438,0.2963986842728412
48.45,0.5058417177585505,26.6389820217401,7.696696334127626,0.6103546467939934,0.11634954589973978,5.897307462649017,-0.6312985194599048,0.165314762939561,7.35488606559063,-0.20600240142879545,0.289293897562856
48.5,0.5112208981945588,26.689009981907983,7.647228700857741,0.6097622487735259,0.15548686537785456,5.824740739036664,-0.6205654215146807,0.16902144167122143,7.410156688444417,-0.211858575627576,0.2787969599432827
48.55,0.5180940151891538,26.73904185808373,7.615602064675305,0.6096513917537275,0.1889286316782713,5.738036032117117,-0.5917696825310377,0.16748909853384264,7.475411962699469,-0.23708483548563491,0.2639804743503558
48.6,0.5263796683064375,26.78907952892502,7.598706656798135,0.6095833657555484,0.20332964654549185,5.6451862493692495,-0.5505345159993622,0.1654873886431433,7.548129888843475,-0.27676675923125865,0.24542297671233354
48.65,0.5360243512869501,26.83912432072619,7.59541862980164,0.6090462173462668,0.19588415613393567,5.558113982709757,-0.5033514971805633,0.17087879975366005,7.622779410978502,-0.3247908606852765,0.22379305932329155
48.7,0.5469877434079681,26.88917647754403,7.6068829625974725,0.6076249683872468,0.1744795245923256,5.486659248380011,-0.45693539456595855,0.1863055356581321,7.691416660200115,-0.37430431404515857,0.1993786841616962
48.75,0.5592293529335239,26.939235279506384,7.633666757934392,0.6049461470480404,0.15156007447741732,5.435159449167878,-0.41771198895853545,0.20674527257353742,7.746322943506466,-0.4182390298642063,0.174011177645887
48.8,0.572698835856551,26.989299014714067,7.673290492830384,0.6006215504597175,0.13745821970241487,5.403207398252758,-0.3912498819202925,0.22226587525572924,7.782400396895039,-0.4498793804924753,0.15273418528131513
48.85,0.5873256158143362,27.03936450801202,7.720557048178479,0.5943834265697444,0.13661246085487572,5.388073619705276,-0.3816673552513506,0.22319582277730232,7.797789346500334,-0.4633634346457623,0.14185905910871638
48.9,0.6030143684367427,27.08942731837258,7.769053203546714,0.5861800143321818,0.14694606328452828,5.386799563426471,-0.39127656171747616,0.20516828540794843,7.793214375635678,-0.4542256842979518,0.14557598070149716
48.95,0.6196495186897669,27.139483387225802,7.811872385588315,0.5759689900490721,0.1618754215185891,5.39738801173859,-0.42058210567164694,0.17130286066772624,7.770725145353639,-0.4200693181591309,0.16360439822752673
49.0,0.637104459492967,27.189530798927294,7.842561121630734,0.5634494354670926,0.17477842831693535,5.418969862767179,-0.4684652017173802,0.13137816878286354,7.733913879036568,-0.36096283825792025,0.190461090005043
49.05,0.6552468147595545,27.239569890869827,7.856136010019423,0.5480922535024088,0.18222599144997897,5.450829162122015,-0.5322930773475149,0.09783002091382269,7.690988711392173,-0.2792634027943964,0.21906993061801835
49.1,0.6739355350980218,27.289602655569496,7.8494691814040545,0.5293331549518413,0.1839519139725314,5.491430306442242,-0.6080365162019025,0.07965720018787115,7.654652495558828,-0.17936836258703642,0.2451928970876498
49.15,0.6930137061850493,27.33963260434784,7.8218457676858835,0.5067095145725276,0.18205352233376149,5.5390399480137145,-0.6905865456971664,0.0790616483993279,7.635779741368537,-0.06761095242228239,0.26548143746427266
49.2,0.7123100318144925,27.389664123903483,7.774963664060176,0.48000910267212904,0.1799305188138496,5.593136986124028,-0.7741498554151318,0.09264562608720497,7.63937974097738,0.04821005606792318,0.2755362189598838
49.25,0.7316496503877856,27.43970127840497,7.711709394731879,0.44942117673870885,0.17992224885413002,5.654704424122378,-0.8526767217555684,0.1143589151659809,7.664598302483445,0.1596827319485832,0.2716711748874902
49.3,0.7508671466410608,27.489746376887275,7.635155524147396,0.41567212640188356,0.1816325520362279,5.725165800801911,-0.9203039852881387,0.13809872782822463,7.706506944385281,0.2588534570880021,0.2534155382382563
49.35,0.7698171381796395,27.539798802910983,7.548820765784984,0.38009361932399105,0.18301790455379238,5.805049362543685,-0.9717812699523317,0.15922049470675875,7.759310765690437,0.3393381136671333,0.22476624367606488
49.4,0.7883766990322361,27.58985453011847,7.4574453417055055,0.34455548198980446,0.18266352859101095,5.893832934362702,-1.0028610265555309,0.1753734229632926,7.818697798312066,0.3971093124734823,0.19395581536577575
49.45,0.8064366318352931,27.63990704289541,7.366430445765654,0.31111305097895364,0.18058395374687022,5.990868955298251,-1.0107656475563234,0.18746779185652812,7.8822767930838715,0.43074268727511994,0.17092893701340703
49.5,0.8238864813821021,27.689950916915848,7.279824735879208,0.2812278711366177,0.17721120386151643,6.095506607937925,-0.9949007886126835,0.19919170398682134,7.9475559183664,0.4409567703195744,0.16141891047575416
49.55,0.8406032208966437,27.739985426146507,7.198380791223375,0.25506246052940473,0.17197940028600425,6.2051404834253665,-0.9574087853031167,0.21335708423286168,8.010374777629034,0.42992005021512825,0.1637154030341361
49.6,0.8564526111523466,27.790014108647565,7.119782321272349,0.2315645377152768,0.163750957854126,6.313877210222981,-0.9028989984961552,0.2287465645582124,8.066301940868975,0.40105076675802687,0.17206813969279605
49.65,0.8713028815087093,27.84004067109202,7.040910516345519,0.20926496077362106,0.15283133802210136,6.415065031349856,-0.8373610279828937,0.24233270939343352,8.113633067582635,0.35932462543478616,0.18249841133546704
49.7,0.8850346228704089,27.890065606239183,6.960167835136286,0.18702480091292958,0.1421485396777037,6.503996286298814,-0.7670812238455794,0.25293657523258783,8.154731880631013,0.3113812922556742,0.1946118668385119
49.75,0.8975375579699331,27.940085707282023,6.878089251525893,0.1642434946959972,0.13667347802230506,6.579466072600668,-0.6979709780468324,0.26313576713209413,8.194200177658132,0.26496427595341554,0.20852982072763535
49.8,0.9086963180321717,27.990096199969706,6.795873822495971,0.14056300183918377,0.14022067697113022,6.643762884786152,-0.6353220308949498,0.2780334045392508,8.236156241884043,0.22778307159119066,0.2212293154838792
49.85,0.9183798494883616,28.040093917982322,6.714201773578393,0.11543502813689949,0.1524095786496407,6.699284712613002,-0.5838586486674539,0.3001999512545242,8.282771187499684,0.20622008906259806,0.2265291483349683
49.9,0.9264543287252096,28.090078684722634,6.634433966317206,0.08802677879401648,0.17015828577172287,6.746264936962418,-0.5475661068225472,0.327187869392338,8.33450934898368,0.2045186999628607,0.2195316775208016
49.95,0.9328100209063652,28.14005267448112,6.559952992914637,0.05743586798115995,0.19108698135450383,6.784219794616338,-0.5291940472524402,0.35437732858708176,8.39063004468017,0.2245296246013573,0.20071683460002057
50.0,0.9373733606267053,28.19001930094421,6.495073379676816,0.022923889109822286,0.213256649657554,6.814396295344618,-0.5297563790885165,0.3782700152197735,8.44888132908942,0.26573651681764865,0.17529976944443298
50.05,0.9400990843686834,28.239981871293608,6.4434340126916485,-0.015838355069303013,0.23287520595254985,6.839861399059346,-0.5482307499089033,0.396478324436949,8.50501013586486,0.32552040965751194,0.149161629541878
50.1,0.9409604998379948,28.289942342600156,6.406155689001113,-0.05862074019736573,0.24319520182954582,6.863531656609697,-0.5815560291593784,0.40610337511139116,8.553177984213827,0.3996269570038195,0.1254528338565523
50.15,0.9399558142159485,28.339900461718162,6.381090525461926,-0.10459732449854803,0.23718119502745547,6.887149803974472,-0.6248773978829738,0.40413760547144334,8.5879922127532,0.4827914276947334,0.10446662416032589
50.2,0.9371291497034183,28.389853623689046,6.365431880556127,-0.15235031874475868,0.2135689244741836,6.912274113215452,-0.671992263268478,0.39081974363103367,8.606271343437392,0.5693152033607021,0.08562066811294146
50.25,0.9325778825080303,28.439798138927344,6.357355825931546,-0.20010966431302596,0.17863458399948098,6.9414005288089875,-0.7160449531667847,0.37093824670220804,8.606901712167659,0.6533509355423451,0.06946487493352567
50.3,0.9264349544396514,28.489731483906954,6.354321157336106,-0.24627926335891615,0.14324436243703897,6.9775937055405945,-0.7504381579481669,0.3503825849044634,8.58948245729481,0.7290079656793306,0.05782716473288832
50.35,0.9188389206255467,28.539654009861273,6.351420060519404,-0.28988253369664585,0.11894744668366661,7.023093279556061,-0.7697209413398046,0.3317241640708475,8.5534936611266,0.7906323199119931,0.05161139181104435
50.4,0.9099107543379839,28.58956884609853,6.342880252512949,-0.33053321295847166,0.113275195241682,7.07881275673399,-0.770136252954242,0.3136289767189211,8.499479385477407,0.8334141152947494,0.04988556145519302
50.45,0.899749485010838,28.63948069802472,6.323435823140241,-0.3681849866392986,0.1256710014363357,7.145230161838386,-0.749818862091798,0.2937406825510821,8.430795754620492,0.8540390212864528,0.05161034449263746
50.5,0.8884388970401982,28.68939443405849,6.288598524677596,-0.40293232800045287,0.14777437698785706,7.222739091816953,-0.7087957896452414,0.27128925620830063,8.352457189011917,0.8511066676653259,0.055881749171697186
50.55,0.8760574645473603,28.739314007339754,6.236673085197666,-0.43487382952735903,0.16922087588658183,7.3106862857765025,-0.6488551916451406,0.2467208876920018,8.268277881733137,0.8253043598765537,0.05969355225986349
50.6,0.8626927763114112,28.789241985695615,6.1703721385816355,-0.46404855875006257,0.18289328763809265,7.40636345296268,-0.5732927270075734,0.2198387037049189,8.181453528189005,0.779414745669702,0.059118797859590046
50.65,0.848460008636505,28.83917920217608,6.095750248485036,-0.4904083697690323,0.18675774118836955,7.505466630800991,-0.4865325678007251,0.19061783389590797,8.097991709754991,0.7181638803172895,0.05461243306202279
50.7,0.8335064070080377,28.88912510785619,6.019428689323439,-0.5139141348101768,0.1829730378188738,7.603207884273919,-0.3937959235425271,0.1616052713713054,8.026208920947475,0.6476867004032353,0.051589396720090934
50.75,0.817992203940562,28.93907900379944,5.946072658289973,-0.5347455650873254,0.17493318763605203,7.6945838991564335,-0.300860804388065,0.13806279544003225,7.972314258525527,0.5746632539003819,0.05427242848478293
50.8,0.8020730669700326,28.98904069681734,5.877762065949445,-0.5534011973898075,0.16589289038317992,7.774499220738322,-0.21361428335806953,0.1256329507610081,7.939020520718121,0.5055776943505059,0.06305222708842775
50.85,0.7858955901776653,29.03901018336018,5.815401911933818,-0.570597786882896,0.15998269832923032,7.838940096373423,-0.13730791284651217,0.12737405864379106,7.927543261062648,0.44621759206762607,0.07755899042400718
50.9,0.769589217723592,29.088986828857212,5.760165567808166,-0.5870231036249682,0.16142382650608833,7.886301425228057,-0.07584710275912844,0.14248028020745815,7.938779448470276,0.40127172860883437,0.09852765106611096
50.95,0.7532518907171025,29.138969285766773,5.712975825004349,-0.6032028094380583,0.17095373247049372,7.916751858539603,-0.031483590204387284,0.16595344771983994,7.97311594421238,0.37394335595970424,0.12607743856135903
51.0,0.7369462671232714,29.188956654811197,5.67385765840916,-0.6195878480447566,0.1843636980938441,7.930351442371975,-0.004911564953046949,0.18903499678870528,8.028237857075414,0.3655042538211812,0.15579958614876288
51.05,0.7207236805035476,29.238949306508175,5.643004006758327,-0.6365911979489695,0.19522068392879158,7.926991072725124,0.00459979512135806,0.20307911849100407,8.096867081485858,0.375009550830161,0.1789127588343856
51.1,0.7046654294219302,29.28894805600572,5.622310729568712,-0.6544127847095276,0.19938458291641775,7.908362006924258,-0.0007098027950274482,0.20472620839637914,8.169105012019637,0.39954257502087903,0.19015692357121666
51.15,0.6889018754916524,29.338952371199362,5.6151512220733935,-0.672808048431146,0.19709274004774358,7.881644390874123,-0.016876950786447607,0.20009393190491467,8.236386313600685,0.4348902770438954,0.19262210223838386
51.2,0.6735915267266243,29.388960423326726,5.624417455411539,-0.6911878649669762,0.1909312612024306,7.859195001605752,-0.03853677338049396,0.2020699945373184,8.292352034548966,0.47604939200418317,0.19409321929010984
51.25,0.6588794666361297,29.438971482803023,5.6507708372720895,-0.7090880490984596,0.1831672704329115,7.851228322785441,-0.0600293130493497,0.21844348821205745,8.33181914607309,0.5173895975456168,0.2011455358925007
51.3,0.6448736643842055,29.48898708405364,5.692600232369234,-0.726419009965671,0.1757603531459686,7.861384051988344,-0.07636387712298481,0.24550953284774735,8.350420252540308,0.5530175252016482,0.21569339829103001
51.35,0.6316492304829849,29.53900970633353,5.747161405574168,-0.743267704635069,0.1719658138771842,7.8874297328432466,-0.08356209502145422,0.27161996222991347,8.345262340354891,0.5775322185944379,0.23406358383561018
51.4,0.6192670745189489,29.58904047454784,5.8115059907092315,-0.7595026988958079,0.17594039095086617,7.924912553932789,-0.07852164304821084,0.28556898528250685,8.315004998930156,0.5868128399734736,0.2484102264485598
51.45,0.6077953983325636,29.639077846819344,5.882961262749247,-0.7745048326169527,0.18998406983517904,7.971593863357495,-0.0588351928886696,0.2837963638217578,8.259147144413625,0.5784450020799047,0.2516241812006021
51.5,0.5973198473794541,29.689118296163183,5.958877104472888,-0.7872735791893554,0.2124132843748252,8.028045121955765,-0.023001906934807394,0.2710327902732583,8.17824262846562,0.5517579380296762,0.24236048756431763
51.55,0.5879375204554279,29.739158228152448,6.036613601914954,-0.7968154278720376,0.23866208235184705,8.09533033183547,0.02911800243084354,0.2558178239058202,8.074223494164855,0.5076138265666233,0.22563651762850798
51.6,0.5797441930368188,29.789196031054207,6.113859694884094,-0.8025675319329855,0.26447064097561906,8.172880002735488,0.09589541613213627,0.24519835351001706,7.949861605325006,0.44802348377090945,0.2102073277255823
51.65,0.5728192251674208,29.83923319425149,6.186964804064368,-0.8046976208848574,0.28666066172917304,8.257988373613154,0.17385146145559258,0.24194441677528525,7.80799291320254,0.3758038218013786,0.20439496617135286
51.7,0.5672105031139895,29.88927309441217,6.2499314955271394,-0.8039588164172132,0.30242272899225225,8.346687050120654,0.25813852394918163,0.24480192818537364,7.65127712398565,0.29453816998502746,0.21170610268816947
51.75,0.5629316245680072,29.93931789050074,6.2973909382289,-0.8010672806944938,0.3112900103408651,8.43496600469917,0.34343580572809984,0.25047691400357686,7.482572450981858,0.20870890897560943,0.2294394323835676
51.8,0.5599714447506584,29.98936619160124,6.3268615118169516,-0.7962257307759572,0.3165411906815541,8.519547529225202,0.42476764042556575,0.25614196404752193,7.305799276023617,0.1236191646484344,0.2512879053903739
51.85,0.5583023963235448,30.03941304341524,6.339624294978686,-0.7890671305817615,0.3240711893508281,8.597724480854183,0.4979322431769947,0.260685625033658,7.126523790558078,0.04492360586797807,0.2710233031811218
51.9,0.5578795809043745,30.089452492640646,6.340292984901719,-0.7790204132382388,0.33873928037879075,8.666496038900549,0.5594986256445965,0.26362553225347685,6.9512843458959,-0.022256947252008396,0.28423243089745115
51.95,0.5586397898677049,30.139481135095508,6.333260293862502,-0.7659434642971551,0.35995613495331985,8.72205685416992,0.6066091408703557,0.2638771584054305,6.786371662133999,-0.0743240669148326,0.2885731330925808
52.0,0.5605122456975815,30.189499438823844,6.320990847555137,-0.7504005375074149,0.3824955899802906,8.76080812871368,0.6371031253113136,0.26053996635813104,6.63728857700839,-0.10971223849016618,0.284297999287222
52.05,0.5634328793508051,30.239510341844017,6.306389234658085,-0.7333550646732755,0.40175574233411615,8.780746876428465,0.6499771734721909,0.25411585128993835,6.508402327671867,-0.1288141027036573,0.27409965767700617
52.1,0.5673463898204434,30.28951717702754,6.295097696171664,-0.7156831175955845,0.41640215059893365,8.7816495590833,0.6457744787814719,0.24596626722539247,6.4021725363591075,-0.1336364882871814,0.2612276838888754
52.15,0.5721988083953486,30.339522107257544,6.29439737899476,-0.6978876399182665,0.4264603278004258,8.764626596037992,0.6267135486838917,0.2371051470686679,6.319010933070715,-0.12736816478724639,0.24783934768626933
52.2,0.5779356048310532,30.389525521127727,6.310731241866157,-0.6800645167324316,0.43130947617500487,8.731858907062248,0.5965155922247714,0.2280645087879924,6.257928266898222,-0.11397504576618497,0.23478458151042492
52.25,0.584506162457003,30.43952632943925,6.348052514848397,-0.6620118536687224,0.42953346945123616,8.686361993463017,0.559976270742435,0.21923031788145303,6.217001003464842,-0.09786345541424617,0.22209201170790627
52.3,0.5918702195942132,30.489522864198644,6.406855007454545,-0.6434417529631917,0.41992702287721745,8.631063794695951,0.522328521441399,0.21102709496264052,6.193606470284208,-0.08357577631476881,0.20965601310389065
52.35,0.6000008706101274,30.539513899439125,6.484396308744061,-0.6241644086813994,0.4026292395240455,8.567837125862274,0.48857145824889536,0.203581795147601,6.184334636891604,-0.07549560056509476,0.19721191734675603
52.4,0.6088785949896547,30.58949905491864,6.575130880758307,-0.6041414112395438,0.3779354331216531,8.497824625544773,0.4629948578191431,0.19631079889686465,6.184546191448916,-0.07750145770022857,0.18402425030350547
52.45,0.61848608942371,30.639478565971686,6.671081646468413,-0.5834249983585137,0.34449617007991934,8.422723023088704,0.44891977089133184,0.18808629316865288,6.189050466794111,-0.09256357798818744,0.1700136789677661
52.5,0.6288127530412644,30.689452687121207,6.764217967289301,-0.5619690421253462,0.30187995155607694,8.345644755077558,0.448568516189606,0.17788392840454734,6.193802841815779,-0.12234349684718461,0.15673642671414115
52.55,0.6398572082650597,30.739421381046352,6.849443599181806,-0.5394960608259985,0.25419498572582944,8.27065231000617,0.462912579828344,0.16535553082979945,6.196330056004658,-0.16697335520431275,0.1463615429697346
52.6,0.651619130084882,30.789384841214613,6.925250287125274,-0.5156184053451571,0.20984242344970602,8.201339030190816,0.491427170326022,0.15067654614113155,6.194574473437528,-0.22515044699132403,0.13997789538484845
52.65,0.6640863909865584,30.839344206983967,6.992775560416239,-0.49002166486902365,0.17788713201910666,8.139981368831897,0.5319373637148535,0.13451321761564897,6.186273000203425,-0.29442080541493026,0.13741002448982195
52.7,0.6772235515041737,30.889301640540978,7.05434853209877,-0.4625472453271787,0.16385024035399587,8.087977614694244,0.5807886493172818,0.11868459177703808,6.169787398758365,-0.3714389787307748,0.13812613329549678
52.75,0.6909622972525408,30.93925979125556,7.112092939048515,-0.4332156431753495,0.16756666160637546,8.046553914327935,0.633326248138017,0.1057135685441582,6.144408554242056,-0.45220589048751686,0.14137888659456718
52.8,0.7051975887599132,30.98922118694822,7.167277650260938,-0.4022235635958401,0.18397147157382382,8.016163084192536,0.684431669219341,0.09644862606931429,6.109653639405217,-0.5323594653825379,0.1456694136072543
52.85,0.7197944878429403,31.039187526209677,7.220294518328809,-0.36986224787208277,0.20542506978051206,7.9957175271282335,0.7290711040610619,0.08877495011899486,6.06552100092366,-0.607449724085938,0.14918791013059338
52.9,0.7346053582099623,31.089158769567074,7.271104045757427,-0.3363465906574687,0.22421913997232154,7.984437477154552,0.7629290417310425,0.08066453216765264,6.013885732989215,-0.6731618420902461,0.15123035310247082
52.95,0.7494887479440014,31.139133269471337,7.320090966764352,-0.30174085742500356,0.23481392306047152,7.98392750013173,0.7828212061759389,0.07370125961393714,5.959284595979063,-0.7256820486880486,0.15309899698026402
53.0,0.7643144593467888,31.189109230191264,7.368361839892755,-0.2661186026862757,0.23517123822624378,7.996106302044385,0.7866862289656109,0.07103431707357227,5.907734407691845,-0.7622614089730416,0.1572890674952872
53.05,0.7789585497443674,31.239086351234633,7.41702216494396,-0.22982462438873438,0.22666591708978806,8.020719968991013,0.7734751163958047,0.07385081355582626,5.864487755115789,-0.7817363598184667,0.16520720000446965
53.1,0.7933005194778414,31.289066279434724,7.466323485427959,-0.19353826001535954,0.21266040333865455,8.055552687404164,0.743230503758337,0.08076280979690471,5.83260752611321,-0.7847298921986334,0.17586704771052364
53.15,0.8072247352652182,31.33905137047032,7.51538280645505,-0.1580285078263805,0.1967301272262587,8.097631787939294,0.6973087278734302,0.08932757589431846,5.812928835216289,-0.7734321938802075,0.18648096894429378
53.2,0.8206238791151705,31.389042804011453,7.563653512673651,-0.12371882089653832,0.1817044929352856,8.14414143997577,0.6385145947107322,0.09799715239354762,5.804927013372961,-0.7511099354858674,0.19401482542757356
53.25,0.8334027590678772,31.43903931393455,7.6137964156362345,-0.09032378632489152,0.17049447292085693,8.192628131912462,0.5709782683975787,0.10709664744693571,5.80774578783891,-0.721572169941149,0.1966561431750827
53.3,0.845478287332942,31.489037921493622,7.671360984838364,-0.057024240212236406,0.16601131981392403,8.240308974620852,0.49960558265377863,0.11810221897697984,5.820978149797595,-0.6888681166155194,0.19448301614847271
53.35,0.8567722423209237,31.53903611659608,7.741150834267032,-0.023038202254055177,0.16806207916795637,8.283157588361137,0.429280352286009,0.13168510313091294,5.845364368134051,-0.6571828704913671,0.18970864621162575
53.4,0.8672086330186355,31.589033078098968,7.825699222704204,0.012035977199159527,0.17308477367012895,8.31639647360141,0.36430935415268745,0.14706298186637742,5.882993673764835,-0.6306087983979994,0.18642646940942215
53.45,0.8767181215421553,31.6390295474432,7.9256987621754815,0.04815760929528566,0.17781233971654628,8.336119636144582,0.3081709291391905,0.16319907193367983,5.936042661891956,-0.6127734435187061,0.18847671018062964
53.5,0.8852413903441575,31.68902748866199,8.040177118591044,0.08486415702812711,0.18162295314419796,8.340187793789053,0.26333178645552646,0.17964277771541065,6.004775130178688,-0.6065244224462641,0.196983570352933
53.55,0.89272753881103,31.73902983919773,8.167001459458133,0.12140674813995886,0.18565468460212878,8.327314783363976,0.23103224782037643,0.19581407232267922,6.0861128581277715,-0.6137023745206913,0.2091071241845338
53.6,0.899131625912501,31.789039728948836,8.303086331802188,0.15697582996622753,0.19058526689543545,8.295249536551335,0.21118206581318652,0.21001013368413338,6.174107627273524,-0.6348566359984946,0.2186635590828172
53.65,0.9044203163011497,31.839058651732472,8.444723397339166,0.19103875048168195,0.19584369715653707,8.240435915116702,0.20260115331753567,0.21978647813308427,6.262728382045801,-0.6688788323942264,0.22043989880658563
53.7,0.9085845767318039,31.88908497518021,8.588875835050628,0.22364657786172568,0.20111441557426904,8.160081919619529,0.20344598087955637,0.2239968026178632,6.347190918111219,-0.7129398917829377,0.2148795116692267
53.75,0.9116427392809766,31.939114271417434,8.733575054965824,0.25539012151805596,0.2073919910702756,8.055027947732038,0.21147928479860054,0.22494758585492267,6.422570232891516,-0.7628935268010909,0.20811305573187613
53.8,0.9136222864521165,31.989141256930047,8.876751858550428,0.2869820712266651,0.2161591415103262,7.930049413103914,0.22406298249280196,0.2270060174346087,6.483637343238197,-0.8138645793305089,0.20773247209706602
53.85,0.9145364135100751,32.03916223451598,9.014797171715585,0.3187353646061902,0.22809196674769677,7.791730144323518,0.2380039081026754,0.23308705494042312,6.526425751493775,-0.8609151891718072,0.2189152444484881
53.9,0.9143740257162724,32.08917635592834,9.142448585026665,0.3503204548881338,0.2430245283484274,7.647274610402286,0.24959988167731761,0.24389148481905154,6.5492614821740425,-0.8996416321701789,0.24307240703327138
53.95,0.9130967181230815,32.139184994057054,9.253859198303141,0.3809293624092438,0.2603006158703915,7.504217060416587,0.25504385478652347,0.2584320639133678,6.554658962015131,-0.9264113171807017,0.27800184261116484
54.0,0.9106374222138852,32.189191003592676,9.343027258317447,0.4095018403224741,0.27740393492046855,7.369300602128303,0.2508573278416774,0.2730936953780955,6.5501424543309925,-0.9385201447565247,0.31787216137326063
54.05,0.9069191966446343,32.239198603690944,9.404480011762061,0.43489823562941327,0.290330745753271,7.246983641609412,0.23416030353867526,0.28208761518941106,6.544472524649946,-0.9345785853761801,0.35420825265888767
54.1,0.9018880580860908,32.28921224504153,9.435416875875784,0.4562652986667604,0.2980099402084927,7.137846145247481,0.202981339118278,0.2791778369231018,6.543885232893737,-0.9146655275495316,0.37845941161644636
54.15,0.895535196818054,32.33923436406507,9.436676675268785,0.4734711967217159,0.3046143517940789,7.038760771022348,0.15673260423053234,0.2598044030022121,6.551776570183038,-0.8800163011131968,0.38494399064559803
54.2,0.8879042685942121,32.38926386173784,9.411264143992595,0.4872742769871236,0.3157820601714682,6.945614254872563,0.09659756702129876,0.22483143003300013,6.570574666405407,-0.8325995036976578,0.3739897041812688
54.25,0.879079834497847,32.439296594765686,9.362398706723445,0.4990632205068574,0.33286187931617034,6.855473185747359,0.025462048425943667,0.18182322327178815,6.602561588534046,-0.774957776082148,0.3524261853663709
54.3,0.8691658385513923,32.48932696191265,9.293477876353709,0.5104624482155634,0.3517148531479566,6.76765408684507,-0.05250023565339301,0.14252032064624162,6.649444007661068,-0.7101984158994454,0.33067943132228095
54.35,0.8582650831469539,32.53935004118299,9.209327965836781,0.5229592340538748,0.36657657592926607,6.6832491094092665,-0.13248828916606617,0.11774781499382661,6.711296964984273,-0.6420273989884597,0.3174524952202951
54.4,0.8464633149663294,32.589364077646394,9.116113748651456,0.5374151063071554,0.37402691193066295,6.603160497356172,-0.20990989775454266,0.11179895625625687,6.784643938944713,-0.5748231865081372,0.3145380551791146
54.45,0.833826313929418,32.63937155335271,9.019884381830197,0.5537336683203727,0.3732199085505577,6.527291708648105,-0.281004434761477,0.12095734476517506,6.862538643122043,-0.5133849483941002,0.3166453065077751
54.5,0.8204099135264168,32.68937815644522,8.925109222102625,0.5709495058903505,0.3634161176631269,6.454945334621813,-0.34309388408979913,0.13668089576914,6.936403157527033,-0.4622787299426258,0.3143412684245788
54.55,0.8062823534499668,32.73938983636938,8.834312619249296,0.5877387826409483,0.3436018430164626,6.385777258424661,-0.39441322665223255,0.1506129165929998,6.997733196393787,-0.4249785861278807,0.2982867857946712
54.6,0.7915513008704393,32.78940944766028,8.749216234597036,0.6031143705772108,0.31439992049176724,6.320652129799207,-0.43372912977265565,0.15777833566047553,7.040554144621468,-0.40307973398187347,0.26588029392277784
54.65,0.7763731147535938,32.83943502613969,8.671993532084873,0.6168753392357836,0.2796852660085634,6.261286156573596,-0.46018170103190065,0.15717657301474772,7.063467013987087,-0.39591476555742927,0.224432799691602
54.7,0.7609363953216236,32.88946129310019,8.60468181148835,0.6293801676313869,0.24515544649756926,6.2088175579546,-0.4736151141126042,0.15072834727631906,7.069051276830745,-0.40085869059049556,0.18771591168307478
54.75,0.7454314309935145,32.93948316162416,8.547508214045093,0.6408685338922717,0.21480331035567013,6.162618663792254,-0.47510938942257597,0.14150964225142332,7.062517023697107,-0.414051868187952,0.16957486322070403
54.8,0.7300211061861316,32.98949816601454,8.498195788811792,0.650982546730384,0.18958532261491232,6.12059640053531,-0.4671818059248432,0.1326859034791124,7.050185637000431,-0.431084801456372,0.1772241108549579
54.85,0.7148248831147286,33.03950685669317,8.4527423268221,0.6587615922913154,0.16818225886294885,6.080890782797232,-0.4535381614802924,0.1276884938713796,7.037534454874674,-0.44755243968226,0.20719487512601428
54.9,0.6999214402329957,33.08951154761908,8.407353599848545,0.6630505744520145,0.14868770118435204,6.043448767611341,-0.4384890001013624,0.13001384971200083,7.028877304847624,-0.4593815065545529,0.24749391448298405
54.95,0.6853641150781805,33.1395149332131,8.359855607640842,0.6628950616129758,0.13035545041512978,6.009355731787319,-0.4263557868294171,0.1410976532754136,7.028332089403265,-0.46301854238419643,0.2836308327293438
55.0,0.6712011486733878,33.18951920884616,8.311102560603393,0.6578395597044535,0.11522348864172062,5.978766476275048,-0.42101777369841853,0.1585468497037548,7.039834864128392,-0.4556195311961035,0.3038942284512171
55.05,0.6574932108721862,33.23952591071714,8.265785924161008,0.6481063509263599,0.10733090494442621,5.950055686462816,-0.42557052792128464,0.17685678385835138,7.065844264813982,-0.43532410159500745,0.3026316290525194
55.1,0.6443216827911926,33.28953654015477,8.229609286906868,0.6343718919408278,0.10802469897405706,5.920998112925854,-0.4420938344614325,0.19038551818755162,7.106297032119093,-0.4015528220350214,0.2815509474444372
55.15,0.6317931789004818,33.33955228424557,8.206633593129098,0.6175193483664223,0.11451324326732021,5.890464940586765,-0.47137778508934497,0.19651037449210043,7.15995258377552,-0.35494233243579393,0.24967310579904903
55.2,0.6200345646478324,33.389573101069224,8.19906816523861,0.598596443639409,0.12232476036400818,5.859003643133461,-0.5126971202374878,0.19628920855519102,7.226160553084467,-0.2970244208062656,0.22027266431751888
55.25,0.6091752935560792,33.439598112233476,8.206698548938299,0.578597926369039,0.1274476393318006,5.828055312406913,-0.5639361200086191,0.19248376705734696,7.3036021712155055,-0.23012292337644633,0.20361872891148047
55.3,0.599331911383061,33.48962621722636,8.22656004139551,0.5582376030954802,0.12818757978768208,5.798706281880414,-0.6219051194037803,0.18702302392979972,7.39015559858865,-0.15718660973236773,0.2024393049330606
55.35,0.5906030617056657,33.53965586062081,8.254367948067545,0.5380109777676778,0.12617336464720655,5.771325953301967,-0.682636398830354,0.1803392900159818,7.485536588873051,-0.08138746147492334,0.21367165400339422
55.4,0.5830716189819132,33.589685562303295,8.285740869885595,0.5182040601293721,0.12492449191035733,5.746152407443698,-0.741835356298292,0.17263537303837723,7.591614376882493,-0.005985259307754842,0.23199829420811227
55.45,0.5768067037537291,33.63971530742681,8.316103883094309,0.4987246088226514,0.12686117250875356,5.724127623368518,-0.7954695831312604,0.16546531179779328,7.710338489406499,0.06561416169228715,0.2516266349675622
55.5,0.5718652092200207,33.68974726450751,8.340561904115729,0.47901642312718257,0.132127407470365,5.707165941600227,-0.8402486508134172,0.1622303426069835,7.841336422160207,0.12994737597498848,0.26633487395187655
55.55,0.5682960317450799,33.73978531810828,8.354305516683011,0.45815627324005986,0.14004196723137113,5.697483955692893,-0.873856111663889,0.16647250925874618,7.98016843791989,0.1837786717273806,0.2700503261535933
55.6,0.566146310677787,33.78983316265373,8.353358868108009,0.4352053390594449,0.15084526157684028,5.697088646374288,-0.8948583654775861,0.17959714423268333,8.120531770323364,0.22474634815081515,0.26049227254394947
55.65,0.5654598056667299,33.83989205719711,8.335027742188288,0.409631713055802,0.16589926868641225,5.707892616488724,-0.9024852401250509,0.19997427962560824,8.257887994025483,0.25208101088618523,0.24132557490939888
55.7,0.5662662814224815,33.88996008127606,8.297617748301622,0.3814707808695416,0.1863953555890848,5.731553920130137,-0.8966044077509117,0.22342825827007934,8.390044717097812,0.2668103079793911,0.2201121796474931
55.75,0.5685694709978262,33.94003309687372,8.24013109862334,0.35120042614617464,0.21193926219843223,5.769200148214769,-0.8778932979154837,0.24491278218091878,8.51589146688178,0.27144665539187873,0.20427081480285755
55.8,0.5723428908416587,33.990107016256715,8.161916253201804,0.31940663545566716,0.23955309350782694,5.8209200137439865,-0.8481363921953518,0.26079424465124657,8.634096054828325,0.26934563457831806,0.1977746532916814
55.85,0.5775354804499769,34.040179890838594,8.062937035035043,0.28649182431574693,0.26413550911061134,5.884999902329576,-0.8103904069974809,0.2701956944029854,8.74263171442484,0.2640326724285623,0.2005677987473107
55.9,0.5840823189468181,34.090252529913286,7.9452873726297915,0.25262762400258976,0.2810889844913336,5.9582898866690295,-0.7687340950314931,0.27467246331701095,8.839721241768034,0.2588019425275338,0.21027932187483336
55.95,0.5919149665126229,34.140327767460896,7.813896697260809,0.21785536162373273,0.2888253843310081,6.037301110908763,-0.7277078029276904,0.27724149024382644,8.925386425413066,0.25658557297216555,0.22466758275554766
56.0,0.600961336112885,34.19040898481202,7.675622629436103,0.18224444268603454,0.28883528977698636,6.1182022359311405,-0.6916716551453744,0.2804934432110504,9.001720087811611,0.25991414901373155,0.24254238694660363
56.05,0.6111367184251506,34.2404992012271,7.537467238104802,0.14597120203101094,0.2833459659953751,6.196130522613997,-0.6642850416868931,0.2844189491444866,9.07089914045802,0.2707198998158045,0.26189438920804403
56.1,0.6223409883898653,34.290600655017904,7.404787309834427,0.109301637756699,0.2733037552684709,6.266032864245805,-0.648072895440157,0.2866789226299223,9.132531819689822,0.2900686154099551,0.27762022878401965
56.15,0.6344725108190155,34.340713838179695,7.280753463613914,0.07265715115349868,0.2586077966165665,6.324475756923012,-0.6440105853764946,0.2850008517972763,9.183664140936504,0.31815715956366664,0.284076339357268
56.2,0.647445244087029,34.39083623732289,7.166518103884554,0.036733604991644526,0.23903875784775508,6.370791350921147,-0.651268450162751,0.27989897232180455,9.221531547868457,0.3545858865793851,0.2811284402261015
56.25,0.6611861773069809,34.440962057519606,7.061603510621549,0.002474479368916999,0.21507437837472093,6.407906881916151,-0.667263166981325,0.2756574658782428,9.24517421010287,0.39855488725205407,0.2754692111628741
56.3,0.6756152389482984,34.491084023107405,6.964717377779233,-0.0292606060794684,0.1894444548070711,6.441323066325907,-0.688169626814463,0.2771534876175673,9.254483277595124,0.4487220209062289,0.2756572517319987
56.35,0.6906253977733309,34.541196835932936,6.874416374694158,-0.05823076947262996,0.1674451883284324,6.476111286538241,-0.7098555692043184,0.285882362896479,9.248988119763341,0.502848860638618,0.2863453282976616
56.4,0.7060729142633538,34.59129952133759,6.789636029691478,-0.08507477175281584,0.15457906542606215,6.515374894963929,-0.7286841969887633,0.2993750983369902,9.22818142894303,0.5577070621523831,0.3062384649815785
56.45,0.7217812793029375,34.64139551547339,6.709518642334307,-0.11120233129241015,0.1532563662618664,6.560233192492632,-0.7419092504688776,0.3129462768270067,9.192572182357825,0.6093760712724196,0.3301820635440933
56.5,0.7375559114302743,34.691490645324635,6.632896794635962,-0.13839010543556837,0.1614921435038237,6.609902427535653,-0.7476726076074446,0.3221656307904378,9.14374372360168,0.6538438845738243,0.35187974151883294
56.55,0.7531987038449843,34.74158979501186,6.557688417439507,-0.168199424336099,0.1734759485295235,6.662344085687447,-0.7446614992880625,0.32440649824527157,9.083136045104304,0.6877520223777773,0.36473979737049883
56.6,0.7685207130689675,34.79169414170762,6.480695861505164,-0.2014723122634479,0.18151772469660188,6.714791297016235,-0.7317445949652801,0.3178073590928803,9.011259748676462,0.7090435047218437,0.3626714098468789
56.65,0.7833609351794406,34.84179970343985,6.399381405547519,-0.23797978544121262,0.1803357894021097,6.764054910294172,-0.7078184579766738,0.30092240952010474,8.928531508783259,0.7173816539157595,0.34295418920099385
56.7,0.7976059475316686,34.891898422405674,6.31359247654498,-0.2765203971272362,0.17037575600009502,6.807855420313202,-0.672046073268571,0.27559326812153667,8.83701415801783,0.7141084688673749,0.3090142525219278
56.75,0.8111919901197702,34.941981356743796,6.22591938446197,-0.3154704519889916,0.1582844266485735,6.84610046509626,-0.6243666519632244,0.2482925061384876,8.740916201725504,0.7017032747903696,0.27055171603352407
56.8,0.8240769357685941,34.99204268457374,6.140138921299857,-0.35351260235982646,0.15300267630023684,6.880471644844801,-0.5660746584792278,0.2276203788245159,8.644321383013983,0.6828866389451144,0.2384135625483064
56.85,0.8361976549590214,35.04208216308673,6.058207387425153,-0.3901177157391368,0.15867737005897406,6.913395791702463,-0.5000701919877995,0.22036610493666725,8.549131893483136,0.6599549064165396,0.21747198257114714
56.9,0.8474445814462527,35.09210418562825,5.979580972452523,-0.4254431426885033,0.1717720039935607,6.946774981629511,-0.430490195183394,0.22763503198631285,8.455378170970878,0.6347396690751979,0.2042513131968934
56.95,0.8576719446377987,35.14211460466222,5.903643957217568,-0.45982196045776574,0.18475484191011765,6.980761072133289,-0.3619205323896168,0.24324493180168003,8.362413718611803,0.6089014093390855,0.1905998124521955
57.0,0.8667355646864324,35.19211738641209,5.8326782138581335,-0.49322606441912026,0.19224934716153808,7.014453066741986,-0.2985055240626547,0.25699867199585585,8.270467597851775,0.5842716220991276,0.17003230866742589
57.05,0.874529472222336,35.24211303071975,5.772162654544481,-0.5250401875561949,0.19342825926842616,7.048858488440409,-0.2432882663652239,0.2617261606219712,8.181463182338247,0.5629379587114105,0.14154878864841602
57.1,0.8810007021539149,35.29209924640276,5.7283722667589325,-0.5542332301728967,0.18977174469670946,7.088662336520989,-0.19797600610793836,0.25787452073285133,8.100109801739302,0.5470464355441045,0.11043177511010023
57.15,0.8861371648007786,35.342073489374016,5.70565964994411,-0.5798698006074583,0.18229116989483576,7.139599882768593,-0.1631993207423734,0.25078222584181137,8.033689582550876,0.5382847100273077,0.08545855234971812
57.2,0.8899446069216471,35.39203624609967,5.704926424587706,-0.6017342618636037,0.17091124035698207,7.204187206321966,-0.13904754756180177,0.24471135802206834,7.987674490618961,0.5370473501958553,0.07223858094461155
57.25,0.892432393902823,35.44199185318277,5.723710698619664,-0.6205110037328635,0.15574598868925082,7.27912799385527,-0.12526589089471346,0.23820199163277775,7.963419963400009,0.5421506558013026,0.06992636405056957
57.3,0.8936186453716435,35.49194615576627,5.7568326095100835,-0.6374008326881755,0.13819833457950045,7.3571704349627876,-0.12088916334096642,0.22529312465243842,7.960257777014962,0.5513983193936081,0.07347932475064875
57.35,0.8935490715539524,35.541903490716116,5.796569809212826,-0.65355207213803,0.11997311462693212,7.432314886458103,-0.12377698241775205,0.20305636960616247,7.977997340173513,0.5623673587163877,0.07750880038953517
57.4,0.8923052593034588,35.59186461835627,5.833435025431405,-0.6695935352696983,0.10174858892804287,7.5040055319467305,-0.13041038162243235,0.17621202828819632,8.017226604192873,0.572908915166802,0.07917205383920722
57.45,0.889997247174832,35.641826537665466,5.85870054589564,-0.6854978902855927,0.08481692554474977,7.578066825276412,-0.1361307715559524,0.15521528517776634,8.077280248575372,0.5811974551178701,0.07879551411129997
57.5,0.8867420065923084,35.69178516929576,5.867599736492163,-0.7009195457591361,0.07325316946060136,7.661884180741534,-0.13609522639300534,0.14882880583511987,8.153430744333658,0.5853793150837973,0.07727177347203115
57.55,0.8826419075122494,35.74173880042106,5.861272859068137,-0.7156667799457359,0.07387553261635518,7.759390707844797,-0.12641920339142312,0.15762247363447962,8.236235877051591,0.5832646386945566,0.07419716530119613
57.6,0.8777765089937671,35.79168897546113,5.845634050039607,-0.7298200401134687,0.09290834548577234,7.8704118757951935,-0.10474210828131658,0.17421312574290077,8.314723701194012,0.5725331607813882,0.07048279329114408
57.65,0.8722004171260773,35.84163922640414,5.8280485805065085,-0.7435490732408964,0.1304384060507006,7.992365870728938,-0.0702350507400587,0.18818042566499452,8.380041499105308,0.5512836678814852,0.07040653116004963
57.7,0.8659479477742766,35.89159315729924,5.8154818909579955,-0.7568723308994265,0.17890044441939376,8.123185764896279,-0.023326231119007175,0.19284090395829326,8.426784538420192,0.518605176962463,0.0793477251543816
57.75,0.8590421699478965,35.94155293264758,5.814158148432222,-0.7695168768825597,0.22674580161145447,8.262424862148258,0.03456075626279639,0.18847105213441576,8.452532421949721,0.4749064800360156,0.10032865680272673
57.8,0.8515052994006432,35.99151974448903,5.828988066175198,-0.7810688416972318,0.26316003026825047,8.409330974243959,0.10101801315137598,0.17932919404895495,8.4568504935852,0.42174814941961175,0.13271528562887588
57.85,0.8433713698355384,36.041495356521565,5.863398944361948,-0.7912441535083719,0.2819347520406676,8.560477479353827,0.17259114100825682,0.1695030411588622,8.440750315818478,0.36143115996554964,0.17271594145757216
57.9,0.8346947148965954,36.09148225550384,5.919073498247968,-0.7999352164005282,0.28294290635024905,8.709819892936265,0.2450834136002951,0.1619657274575401,8.406019122775668,0.2967460289027987,0.21373430242294383
57.95,0.8255491848121367,36.14148244076256,5.994969212926601,-0.8070460259287124,0.27034520686382596,8.850850439992161,0.31425290330584843,0.15861923242635334,8.35468248857638,0.23087833006030276,0.24742960112661075
58.0,0.8160256324628699,36.19149628800362,6.087464562338507,-0.8122893138263237,0.2501233966331081,8.978386507036264,0.37649957162152853,0.15940025802703486,8.289504962136379,0.1672926642293663,0.26701118012601
58.05,0.8062333235176994,36.24152250468962,6.19195246090368,-0.8151283820724746,0.22894648889630909,9.089129780447795,0.42922143690073034,0.1621177902954368,8.214211424824873,0.10941007062290375,0.27052770708364987
58.1,0.7962968930325303,36.291559319710224,6.3025706947037605,-0.8149856499577534,0.21139559020662327,9.181622136372876,0.47082637838697283,0.1638920659691846,8.133133915623572,0.06011569639337661,0.26167020302489524
58.15,0.7863484848963903,36.341606119429414,6.410354448110643,-0.8115928093935545,0.1971505170116474,9.256122725027332,0.5005719333071097,0.16344499599148515,8.050578048885628,0.021286074429760445,0.24741620427539068
58.2,0.7765231007917952,36.39166402791748,6.505146771733958,-0.8050700037019113,0.18357981215532612,9.314389450190946,0.5184668379476925,0.1630969572630008,7.969641370477498,-0.006475452428630131,0.2341326295922596
58.25,0.7669519176807655,36.44173547773078,6.580002702488056,-0.79573570640776,0.16995901707977723,9.358605105159086,0.5252361383285629,0.1677797182375361,7.890821945859158,-0.02391012460018367,0.2251957507902912
58.3,0.7577497420353149,36.49182307764474,6.633799712175463,-0.7838870590827204,0.15992127962114622,9.38966973994158,0.5223119674780315,0.1812631602248648,7.81200556023091,-0.03290424876785605,0.22081183538299037
58.35,0.7490002502960579,36.54192774075668,6.6714453709393675,-0.7695126937250103,0.16036209596311482,9.40640677298371,0.5118881669430158,0.20385169096370748,7.730644301875208,-0.035959395712370036,0.21962926921990403
58.4,0.7407441474456459,36.59204791566654,6.700823718660224,-0.7522251257545881,0.17534808635720012,9.406028834126182,0.49683408236778953,0.2325280317472623,7.644995410964067,-0.03584366722696347,0.22127784925079483
58.45,0.7329795026763148,36.642181086475865,6.729024582708282,-0.7316397804516779,0.2020637217671071,9.385448257108072,0.4803396837162455,0.2617983826854684,7.552153899334748,-0.035724315778363436,0.22713878391367462
58.5,0.7256723271833793,36.692325362290454,6.760601643749472,-0.7077459172077567,0.23209037470485774,9.343253103987683,0.46556639127174343,0.285698826478561,7.446467036949211,-0.03912964837896814,0.23798034105806806
58.55,0.7187742129813777,36.742479097214634,6.797260394137842,-0.6809151574822816,0.25527600110613013,9.281670539481782,0.4555580770762819,0.300797861663838,7.321806197429871,-0.04931537240852063,0.2527391869829848
58.6,0.712243468052053,36.792640090577336,6.838304387310946,-0.6517767905789253,0.26433280270290155,9.207143487509114,0.45313629292716306,0.3077190101373412,7.174151098226123,-0.06867933577897786,0.27001518169445865
58.65,0.7060558014176638,36.84280566901294,6.881723313036064,-0.62113681701958,0.25823396054131614,9.127786776424793,0.46046758839326846,0.3092351617725307,7.003937594942786,-0.0984711185838766,0.28978936069073274
58.7,0.7001971698748675,36.89297347911705,6.9253353626726355,-0.5899498732056866,0.24283659902825874,9.049093776665346,0.47843137059506763,0.3065570238239879,6.818367718920529,-0.13866456144721656,0.3120311508653499
58.75,0.694652654487287,36.943142428719085,6.96694098744986,-0.559312547394518,0.22790943375745715,8.971774760941152,0.5062215084148826,0.2986564021298486,6.628487343144706,-0.18816355118681016,0.33276312312650624
58.8,0.689405939388606,36.99331255169791,7.003263761070768,-0.530327189006868,0.22156768887465655,8.89260331845192,0.5415446652368349,0.28430146197393347,6.443981300840086,-0.24513676208960153,0.3450885033855574
58.85,0.6844444660712142,37.043483419431965,7.029564905217388,-0.5037632362861539,0.22644473595017187,8.80734997681622,0.5813176858508133,0.26428426956789364,6.270839904902604,-0.3071178410689669,0.34294430899732975
58.9,0.6797654441119149,37.093652466448766,7.041328120795285,-0.47969480015793303,0.24025536054059532,8.713467857718515,0.6223682957030862,0.24199342078757244,6.111213485365569,-0.3710106971992225,0.3237233246014267
58.95,0.6753772090742998,37.14381433022486,7.0368502974986455,-0.4573326285182899,0.25908878967071824,8.610443806892432,0.6618531635169305,0.22111936824406817,5.965164664175936,-0.4331905779385924,0.29005235320233896
59.0,0.6712931101567828,37.19396169823761,7.01835100341346,-0.4351968878166816,0.27952073679884426,8.499171723422194,0.697369892538304,0.203690988611937,5.8331462208305975,-0.48982910846410416,0.24940352682598504
59.05,0.6675242569946144,37.24408781867893,6.99055937887136,-0.4116486048597632,0.29783224226001415,8.381183262608351,0.7267488211141341,0.19034557369399147,5.717500893745883,-0.5375243438675479,0.2121119924338565
59.1,0.6640713384070497,37.29418934753489,6.958986758611855,-0.38549661322447226,0.3095838205119979,8.25766059108531,0.747776126585628,0.18054608674826056,5.622007764481704,-0.5740005276241245,0.1872765541435818
59.15,0.660921779399037,37.34426793613665,6.929929744905338,-0.3563397251140498,0.3117383688505044,8.129638348375467,0.7581730187192689,0.1732358764471426,5.5498045481879705,-0.5985800047500586,0.17799104601921104
59.2,0.6580557014016873,37.39432944038754,6.910585161159767,-0.3244839579630451,0.3043306361911282,8.000842552862473,0.7560498295966926,0.16846782342016042,5.5020194242438185,-0.612188184920695,0.1803710511084221
59.25,0.6554513456305928,37.44438126547857,6.907555879133351,-0.2906044356178204,0.28931002794699284,7.8791284338966445,0.7405786771029942,0.16621995823545493,5.477734512414982,-0.6169552362681315,0.18686525165867898
59.3,0.6530937700238468,37.49443012322171,6.925142306227717,-0.2554639895685581,0.26875670991458467,7.772500167411074,0.71223914305796,0.1634132433297251,5.474195480849556,-0.6157750311324456,0.19079541597049288
59.35,0.6509888159724834,37.54447995900087,6.964438565592976,-0.21960251477969128,0.24387947860425296,7.686219126790169,0.6728419484766439,0.15576018041333164,5.487068639815448,-0.611760921315281,0.18913280900922722
59.4,0.6491746557705598,37.59453063716827,7.023747447471419,-0.18308181447882213,0.21534046829288392,7.623262264261555,0.6254653319426914,0.14177024064287405,5.510698076695265,-0.6077008707877904,0.18262478379042174
59.45,0.647722653563761,37.6445783657331,7.0997900969897785,-0.14554486712770878,0.18538265031686615,7.584330713119093,0.5740668672020066,0.12330630779565528,5.538440870998907,-0.6057404247701389,0.17394420354205326
59.5,0.6467246808690266,37.694617184891825,7.188614061844816,-0.10648257424264419,0.15881038626226618,7.567930969375894,0.5229049115198853,0.103989197202559,5.563634654801359,-0.6072964678458171,0.16577063103911513
59.55,0.6462722377778805,37.74464117440861,7.2863027228520085,-0.06552081624718589,0.14047175179149185,7.57109671734762,0.47591133611371916,0.08722898331342853,5.581104533518988,-0.6132057495788031,0.16028101191854535
59.6,0.6464376868253646,37.79464662847095,7.389171165546366,-0.02269922198561153,0.13220027430145223,7.589942095409034,0.4361405702360092,0.074579784524493,5.588391573704285,-0.6239700882420436,0.15929122381858732
59.65,0.6472675926600953,37.84463338696514,7.494073461305627,0.021349471570354127,0.13251568575814346,7.620202856272775,0.4054034239797361,0.06581280231563169,5.586027548371101,-0.6399231726886506,0.16404164529743395
59.7,0.6487885295358858,37.89460509175891,7.599548034005191,0.06540975774304762,0.13912453209078435,7.65701920243611,0.3840190431041481,0.06057179137897005,5.57664816640198,-0.6612484598557883,0.17428767207424228
59.75,0.6510126043479213,37.94456800383062,7.70609901860996,0.10792342542312162,0.1506811300615856,7.694584733634286,0.37085259607628707,0.05951868759604356,5.564069514032202,-0.6877969386728274,0.18762840734539846
59.8,0.6539353556316052,37.99452827070304,7.814528752868275,0.1474508789518708,0.1655221393351348,7.727304636945297,0.3638351690545883,0.06437157364684222,5.553781279588288,-0.7186969658167564,0.20044964060802042
59.85,0.6575354223604735,38.04448918441768,7.9244553491319145,0.18311502312183073,0.18052711084410053,7.751883281698452,0.36067387622694413,0.07756877744065853,5.5531163556685845,-0.7520586274069814,0.20995746590098197
59.9,0.6617773462597849,38.09445078441627,8.034026128664255,0.21470494988824365,0.19162345957130375,7.76849743082232,0.3592636665330068,0.10035140539286426,5.569082627606653,-0.785172223350895,0.2146412364496785
59.95,0.6666169855735573,38.14441152788535,8.141130239384902,0.24251280480633036,0.19596443736910482,7.7791700560096215,0.35762691108430833,0.13019371265423021,5.606083573761172,-0.8150669254414354,0.2133163189719595
60.0,0.6720123544224413,38.19437038096145,8.245428426329168,0.26714296713649516,0.1937637865328258,7.7847540584300035,0.35364307547689083,0.16010209865953445,5.664743943759652,-0.8391502290888719,0.20555716874598715
60.05,0.677937171085061,38.24432848353362,8.348731483066084,0.28932149664472534,0.187176365114477,7.783874809687336,0.3449058004987837,0.18162605778059437,5.741886383670668,-0.8557052150295626,0.19286294261263318
60.1,0.6843878568469525,38.294289088612125,8.453271354539801,0.3098043058874395,0.17774368658613374,7.774599834756092,0.32897819065612705,0.190237184289454,5.832629711556196,-0.8639170668793681,0.17854471335309063
60.15,0.6913797851018848,38.34425612128129,8.55967835853755,0.32938060948307757,0.16512843039203878,7.756608252569083,0.3039467495111751,0.18783459263281282,5.932249456484863,-0.8636373284190698,0.16656195448870342
60.2,0.698936596483405,38.39423301618133,8.666445909566354,0.3488268029176871,0.14853594763305192,7.731380407264716,0.2688411820472671,0.18081047988364415,6.035413834560322,-0.8552446514147097,0.1584133007068849
60.25,0.7070785862514739,38.444221935165125,8.770997544897767,0.36885845459528,0.12956207515651003,7.700456336051493,0.22379862525502633,0.17550535185799288,6.13522171658973,-0.8395515563251102,0.15129299221049802
60.3,0.7158195144985467,38.49422291268712,8.870816967078378,0.39012938870626546,0.11412940786401204,7.664092296816836,0.1701016718556708,0.1747729608475761,6.225497684889174,-0.8176046337258174,0.14217843601704344
60.35,0.7251630832876919,38.54423396279397,8.963569650258188,0.4131830275550636,0.11054055671551133,7.6212884480770935,0.1100001672799127,0.17799541008902534,6.303420005108584,-0.7905627921465088,0.1319008649183828
60.4,0.7350903088645041,38.59425226174334,9.046881365622626,0.4383857269492082,0.12384217261465871,7.5706042914288245,0.04634513537184373,0.18279097580051878,6.370646542507095,-0.7597218900892234,0.1259152323701987
60.45,0.7455453054553142,38.64427533530666,9.118162916994248,0.46577036962471263,0.15252671908590076,7.511215274297856,-0.017806646836603813,0.1869315742980224,6.4326692450074665,-0.726522863618765,0.1314690498641801
60.5,0.7564257737768214,38.69430213223744,9.17479831333573,0.49484625408000865,0.18906446009683883,7.443110513935053,-0.07965119257907875,0.19010742246163947,6.495614702775937,-0.692579979499767,0.151251902101992
60.55,0.7675897762571329,38.74433372213228,9.215227154314599,0.5245971689768156,0.2226750150390406,7.366399238007053,-0.13706606141153121,0.19483932459426895,6.563858283006392,-0.6597131113643586,0.18071862582914708
60.6,0.778878501659167,38.794372914004185,9.24005790149246,0.5536585341572704,0.24471329885957568,7.281363252318274,-0.1887111700957687,0.2052141988425288,6.639199937552707,-0.6298340170367562,0.21071074798515632
60.65,0.7901382342580248,38.84442315356736,9.251614529459093,0.5805422465878839,0.25282086049354974,7.188893052635613,-0.23386214711612768,0.2238436708512302,6.7198578441934,-0.6047159298028737,0.23122292922635096
60.7,0.8012336138133199,38.894487311965115,9.251690898432095,0.6038344567977915,0.24972648412056545,7.090120353081896,-0.27225207579808264,0.2497933420810085,6.800549274733294,-0.5857155522068453,0.23563117925685886
60.75,0.8120494603891226,38.94456603110035,9.23953722753453,0.6224447932659477,0.23916988042949558,6.986578561745309,-0.30380976755280076,0.2783246710912347,6.874216705639188,-0.5733741449160329,0.2239939175449714
60.8,0.8224871478627354,38.99465607526106,9.212462524109966,0.6359543276393621,0.22410709155266384,6.881563839448762,-0.32832411834520236,0.302097399227478,6.934172304567502,-0.5670174663098178,0.20341313076960685
60.85,0.8324619181673761,39.04475022691739,9.168430550282645,0.644834079615652,0.20746882429659724,6.780328141971518,-0.34547667524600756,0.3145057351142306,6.976104670424854,-0.5646681294987819,0.1851560654272051
60.9,0.8418936946702102,39.094839372319306,9.107651441038763,0.6502198039566984,0.19245840075297302,6.688235396145637,-0.3553133732698272,0.3129228551265681,6.999050781352179,-0.5634222444546394,0.17915169320767557
60.95,0.8506927902262508,39.144916282327536,9.031545396359297,0.6532082700498351,0.1812553825661814,6.608204555139856,-0.35887905544665805,0.2982059884740876,7.00505589812426,-0.5602208062775479,0.18926563706345206
61.0,0.8587538857166465,39.1949785987944,8.941024608019807,0.6542375552068183,0.1735221131912712,6.53909082619541,-0.3585707134573253,0.27264033434853224,6.998713276780547,-0.5525769661549828,0.21282690345342287
61.05,0.8659629715130642,39.24502860886673,8.836738903036846,0.6531025065424031,0.16705590721708302,6.476948620562078,-0.35779680503301214,0.23964360143364188,6.986778612376425,-0.5388376330016612,0.24359609542191668
61.1,0.872211896181642,39.295070571760675,8.721966750342657,0.6495010230689028,0.16195632858219694,6.417983681949895,-0.3601403788073805,0.20412766434635712,6.976976318215857,-0.5180432476445462,0.2744172268952207
61.15,0.8774080175218985,39.345108219885084,8.603886004465025,0.6434812203648217,0.16257200946579486,6.361087391490821,-0.3685899093687025,0.1727453945898103,6.975972172275716,-0.4897556147020835,0.2981749099315932
61.2,0.8814679034922913,39.395143960631714,8.489661704055973,0.6353685660912296,0.1717551229219367,6.308235728249734,-0.3851517724857474,0.1521795692903143,6.988184574879392,-0.4540550046971512,0.309153385856421
61.25,0.884313063018438,39.44517876116268,8.383349519438415,0.625585687465558,0.18682512250184574,6.261813678621354,-0.4107434678476276,0.14536426968055502,7.01655192599152,-0.4115059510841455,0.30573696892857927
61.3,0.8858783517869423,39.49521203035057,8.285720518084885,0.6145744734504401,0.20156180488730924,6.2218177016024985,-0.4452113114679792,0.14955597152030797,7.063658094444257,-0.3630402000110403,0.2919545554652348
61.35,0.8861224399864478,39.54524167291249,8.195335205882131,0.6027741659306413,0.2100365150884595,6.185629575693078,-0.48741604868103455,0.15834532923656033,7.1310045420013966,-0.30988955497187265,0.27513635237721745
61.4,0.8850341381832321,39.59526449455423,8.11044703585436,0.5906559444558122,0.20926874467260448,6.150026539966651,-0.5353883474270509,0.16635276803245416,7.216738252887086,-0.2535869753819769,0.26093605426483923
61.45,0.8826307680536506,39.645276879413515,8.029979292638286,0.5786747510292455,0.19975224271293954,6.113384406925577,-0.5865300898151938,0.17217470389506026,7.314524767009804,-0.19592136849048158,0.24956665840631637
61.5,0.8789541161111913,39.6952749244312,7.954363338003465,0.5672841271963882,0.1848912366343901,6.0758654654543,-0.6378258854192749,0.1778592481169418,7.416260697170614,-0.13869468707023355,0.23800354929720055
61.55,0.8740643225244448,39.74525459620148,7.886356635166069,0.5569632874886608,0.16941668931022147,6.0381505738587276,-0.6861249774454594,0.1862543932543369,7.515861745179333,-0.08350848467526112,0.22541434390364987
61.6,0.8680292409680507,39.79521300577564,7.829723650551976,0.5479317828184392,0.15733418411952038,6.0008388505742225,-0.7285414397971627,0.19816487784640519,7.611429988684859,-0.03173878504122814,0.21527230797812055
61.65,0.8609153117127812,39.8451501571208,7.7867705825197655,0.5397126304818433,0.15070242044831378,5.964951393166641,-0.7628944204689289,0.21175375746242672,7.704945724381696,0.015391337553193739,0.21288121819370645
61.7,0.8527821678826047,39.895069972393316,7.756703719914365,0.5309317903706905,0.14881135680533658,5.932769782107913,-0.7880288915862813,0.2241282966482834,7.798618871452435,0.056665407834385915,0.22028883695795323
61.75,0.8436862646532969,39.94497937982916,7.735699199091895,0.5195871094766576,0.1486135880789551,5.908513588721401,-0.803786361288135,0.2331936979515537,7.8926360148671515,0.09098179123045763,0.23408120997067786
61.8,0.8336930341659781,39.994885823660326,7.71880048657831,0.503672785936854,0.14697166017193022,5.897949384261395,-0.8106842347185844,0.23793389511602234,7.9853883506336265,0.11770411529925412,0.24758160973620166
61.85,0.8228901599360386,40.04479477191874,7.702119941970867,0.48180644777319215,0.14280504509102507,5.90653825184543,-0.8095861703510862,0.23749935061246824,8.074358656216639,0.137020630035194,0.2545398706772904
61.9,0.8113976119386571,40.09470826219459,7.683986287441546,0.45361372832961255,0.13790775650690093,5.937249852784796,-0.8015123199196953,0.2307554727147783,8.157659354354733,0.15022399410371015,0.25216895528711053
61.95,0.7993654405919172,40.14462518843557,7.66480751622998,0.41973989793803396,0.1359866049980945,5.988894091416829,-0.7876552369755472,0.21573617968537018,8.234051490447454,0.1595752510983028,0.2412142271889762
62.0,0.7869632593059166,40.19454274146825,7.6458240945512435,0.38154390685535816,0.1404944765401101,6.056626413935463,-0.7694775505131125,0.190805329791779,8.302514533173518,0.16787280721249623,0.2241221666171461
62.05,0.7743715223718386,40.244457902580095,7.627544220257856,0.34071231730292495,0.15167802337564468,6.134306902845708,-0.7487862490350355,0.1587209455221982,8.363826406749533,0.17808043852491176,0.20459022369869673
62.1,0.7617692356579859,40.294369235023495,7.608809651636587,0.29885169785303856,0.1644147148125097,6.2155400180096665,-0.7278099702651938,0.12720601903231346,8.421508832235197,0.1928795926755569,0.18707393900892444
62.15,0.7493239784364462,40.3442784791795,7.587762718049471,0.257156354103021,0.17078536397208097,6.293988579662757,-0.7091092383304393,0.10437818013342764,8.480588672927059,0.21413695331580535,0.17562683383339553
62.2,0.7371893787349244,40.394190461624824,7.564247684816643,0.2163567601750774,0.16621740195588433,6.364211328787771,-0.6952113547228893,0.09464319316460244,8.5460023841934,0.24262433094565522,0.1727258279250828
62.25,0.7255038044070378,40.444111986777,7.540115679911845,0.1767738032820197,0.15238447303646271,6.422324834640443,-0.6882054845228084,0.09773271297519949,8.621144421128479,0.27798235260027404,0.17776805775671384
62.3,0.7143914981355151,40.49405041248594,7.516973746924082,0.13838572761613208,0.1350410183782617,6.46637811283868,-0.6894121298066694,0.11036138938651774,8.70701260992753,0.31886726779576247,0.18723926008617656
62.35,0.7039649097190938,40.544011838036276,7.493935687394999,0.10098206033762852,0.12058481614917521,6.496456409006463,-0.6990506627995637,0.12797719857211762,8.802045808143875,0.3633081173235733,0.19619198267653057
62.4,0.6943252244726749,40.5939994137906,7.467297895477272,0.06442345355019406,0.11375666725055249,6.514335135475109,-0.715963815450365,0.14507561366429858,8.902371442875374,0.4091658321374266,0.1994781765861605
62.45,0.6855658675673674,40.64401195407776,7.432829055966473,0.029022187958419928,0.11647310950712991,6.523189780317099,-0.7375628879148433,0.15709586237560125,9.003258999003323,0.4546333129972743,0.19409946191709349
62.5,0.6777763537520509,40.6940436345117,7.38832862740497,-0.004308797275989993,0.12820811355473724,6.5281610418214235,-0.760059877468111,0.1636986588697599,9.101046447501718,0.4985711143544612,0.18149206323852146
62.55,0.6710367903773743,40.74408638009086,7.333765424703865,-0.034509668657128595,0.1468639134106591,6.536063334323634,-0.7791419296986225,0.16859920766575245,9.193652006869224,0.5402872324522524,0.1673424570497098
62.6,0.6654048190919012,40.79413474819188,7.270267459319231,-0.061213878530343574,0.1692973813707366,6.552316028264385,-0.7911414906880431,0.1754923322056616,9.279512873688837,0.5788211021738762,0.1582997508561532
62.65,0.660907207049562,40.84418946196555,7.200157861619849,-0.08525411209458775,0.19266392132401844,6.578154823480092,-0.7939993824033635,0.18523547014987815,9.356170168396252,0.6124448160601589,0.15780219607012527
62.7,0.6575417137384141,40.89425653171151,7.127177247902309,-0.10841326120096573,0.21559433371271342,6.61102130392146,-0.7873307715285376,0.1961377300355184,9.419840363585418,0.6388966448158154,0.16520042496950077
62.75,0.6552856846292974,40.94434336216538,7.0552340040575405,-0.13273446217741447,0.2373460917968683,6.646844320163076,-0.771811961892692,0.20602586679756213,9.465937356602904,0.6561178542113519,0.17792527871286273
62.8,0.6541032754929654,40.994454403734416,6.987208977898515,-0.15976342162089724,0.25683258325080577,6.681825155017059,-0.7484002868446593,0.21401574456173092,9.48965067619492,0.6630556403332399,0.19291869423636032
62.85,0.6539469607790089,41.044588188252874,6.925054933341235,-0.18996708160525907,0.2721375121524621,6.7128573740323345,-0.7177688379489635,0.22083587084184444,9.486723817896864,0.6602081221325907,0.20704950376010509
62.9,0.6547592931881636,41.09473722905979,6.870750911450411,-0.22258263697734088,0.27998764321279984,6.737819371215936,-0.6801856780189878,0.22836765447674953,9.454877163508245,0.649669037504765,0.21866637780083018
62.95,0.6564775867757753,41.14489069339521,6.826717945177463,-0.25602626822831365,0.27715351515424047,6.756544064292733,-0.635804605456241,0.23866888454300447,9.394886592547515,0.6346515381812863,0.22881991819923456
63.0,0.6590338362580274,41.19503858616316,6.794811581321164,-0.28871485486731663,0.2627392744598478,6.771318738837494,-0.5852131894944442,0.25247336721697267,9.309868041794116,0.618592609003706,0.2398185165020622
63.05,0.6623507712945698,41.245176045670746,6.774545674777436,-0.3199145842266746,0.23816308381078002,6.786416959033712,-0.5300043049060174,0.26819595562489923,9.203101448027523,0.6040815281626616,0.2527468885790916
63.1,0.666345478170753,41.29530518133965,6.762245333058143,-0.3501084808593629,0.2068723096437442,6.807065677431585,-0.47296170529551546,0.2826568032648856,9.076891678982166,0.5922898162674997,0.2665582734307213
63.15,0.6709374908817245,41.345432897944285,6.752439492368343,-0.38060408778631655,0.17512848370308795,6.837846547379519,-0.41762878556818317,0.2928246333771537,8.934271458844469,0.5833448982718954,0.27863008881396817
63.2,0.6760518472329909,41.39556583192106,6.739927964425916,-0.4126066824320933,0.15099119598840324,6.881141507894942,-0.3673717745798512,0.29672727269753313,8.782389001496858,0.5772918837539409,0.2877485505019332
63.25,0.6816154859571989,41.44570624781415,6.720885424145516,-0.44645006507190843,0.14112846234384188,6.936475824673106,-0.3245111191811885,0.2934643891236977,8.63182959437794,0.5745863070653452,0.2961823888825222
63.3,0.6875456424992507,41.495851350842386,6.693031148578506,-0.4814334155625357,0.14767380501799854,7.001374056842979,-0.2899605753063751,0.2834243943125266,8.49140798778354,0.5757859383618155,0.30577056006865927
63.35,0.693743202980225,41.5459946153081,6.655510099572672,-0.5160801350525591,0.16731428169119697,7.073362780685837,-0.26324906922328545,0.26909343374190453,8.364791701131557,0.5810796388431008,0.3141676929165016
63.4,0.7000978636265817,41.59612799298406,6.6087554008056095,-0.5485994884328717,0.19281876153530716,7.151250030764903,-0.242811372031167,0.254733843927598,8.249982459613491,0.5899602092805727,0.3150733862030785
63.45,0.7065025897306374,41.64624416763247,6.554564923451148,-0.5773502709852398,0.21597255424652345,7.234831989216166,-0.22641940794132345,0.2440623223303861,8.142142197701327,0.6012444810402965,0.3024665252673685
63.5,0.7128738990251702,41.69633850537324,6.496606620700245,-0.6012318161953953,0.2311554878483494,7.324881033085359,-0.21165610443186492,0.23937938229126385,8.037980419655984,0.6132454293143754,0.2756361911386811
63.55,0.7191641628149371,41.746411051307774,6.44020353023999,-0.6200750796334547,0.23753777002735726,7.423596664614183,-0.1964357736378453,0.24233998553055908,7.937233745373419,0.6237109470164584,0.24039123117298378
63.6,0.7253511259736618,41.79646701505911,6.390862181314786,-0.6347707014032166,0.2377886436944393,7.53364995749606,-0.1793319498889902,0.2530332381089945,7.841714142046467,0.629865077567532,0.20599786933449654
63.65,0.7314164130847662,41.846514526038405,6.352481052205557,-0.6469329349993432,0.23472634888733912,7.656071420789422,-0.15955808073616667,0.2693296052549738,7.753105192384777,0.628843456178152,0.1799242974888814
63.7,0.7373353164569298,41.896561670103026,6.326590387985938,-0.6583806873443655,0.22965298967959047,7.786548377980654,-0.13689786653371058,0.28576074726568346,7.671361053793662,0.6182694096577918,0.1652544000011299
63.75,0.7430803121154247,41.946612712410676,6.3131124768123055,-0.6704154587247059,0.2232884827859631,7.915130948086809,-0.1112297690963035,0.29377580859482433,7.595554868630361,0.5970087235514352,0.16219514941606622
63.8,0.7486328895990381,41.99666456198357,6.311414653870414,-0.6831402064632717,0.2168743996187383,8.033022938163532,-0.08169940607516886,0.2891363457966797,7.524844704682254,0.5658044682437412,0.1691695590910319
63.85,0.7539859936643388,42.04670770234269,6.320864818521917,-0.6955337173187627,0.21213841364449318,8.136131449725035,-0.04674028664084636,0.2757500075918549,7.458021121793454,0.5270649992767759,0.1820101829030366
63.9,0.7591340532133526,42.096731250796196,6.341023399105975,-0.70623016621731,0.21027878807344513,8.222653817587858,-0.005003125735166333,0.26099967328523876,7.393390081776405,0.4839291563739211,0.1946350807689108
63.95,0.7640653904305394,42.14672876069443,6.37147312914395,-0.7144516620664447,0.21112705740995225,8.290906142783648,0.04365526290974957,0.2499347493926523,7.3291598264318845,0.4392024968336947,0.2009271113043911
64.0,0.7687643689941425,42.19670167693975,6.41026572600557,-0.7206045557814746,0.2122275087002787,8.339434071837255,0.09772147617049765,0.24311160099391535,7.264213539184892,0.39467082293615113,0.19697006640557932
64.05,0.7732212245163865,42.246658586398404,6.4517609105962865,-0.7261775928375533,0.20718949505610154,8.368787144383361,0.1543221345577998,0.23962841326458914,7.199350301425329,0.3510969308132548,0.18325507425829365
64.1,0.7774419145902807,42.2966106623866,6.488004981580797,-0.7329182884881257,0.18836919716551828,8.384017219331962,0.2102119056816505,0.24087050674534816,7.1375255876800106,0.30880341545360285,0.1644242904434077
64.15,0.7814465803533136,42.34656686839756,6.512475595415691,-0.7419462836109377,0.1536288582652086,8.394284653795847,0.26277275217190127,0.24800544886206133,7.082915080650348,0.26829803816602693,0.1462505708475676
64.2,0.7852611857508731,42.39653211420964,6.522423169565249,-0.7534195613941117,0.10997921723133047,8.409075965073052,0.3103423071125619,0.25744950164136576,7.0395917239596635,0.23044112219409316,0.1323339205431557
64.25,0.7889121456477021,42.446507598058446,6.51928263348704,-0.7665895253696403,0.07118894795161629,8.435244375916188,0.3520693292747364,0.2618327270076597,7.010505705545614,0.1962633818414402,0.1225937840086298
64.3,0.7924217013814286,42.49649208096721,6.506047302120558,-0.7800426910109087,0.0495180365912099,8.476779552826875,0.38768670487320656,0.25525334565157914,6.996696907518436,0.16665577366050924,0.1138709266528288
64.35,0.79580756818438,42.54648362031567,6.484748209730907,-0.7920844046103356,0.04897008196814866,8.535800101460019,0.4172971207041961,0.23788073335003704,6.996472626686109,0.14201909963104783,0.10168435782387504
64.4,0.7990896741915021,42.596480971777474,6.4579752416312,-0.8010840461308377,0.06747537994360893,8.612696249112293,0.4411840792701989,0.21617270143208434,7.005474364518848,0.1220359843814366,0.08230551872437362
64.45,0.8022939474256001,42.64648478696955,6.43050142507176,-0.8058151804415339,0.10180189243683084,8.705388687865304,0.4596380024161883,0.1985051338056668,7.018115767856042,0.10556506406876676,0.055304817958857964
64.5,0.805440487308084,42.69649830762975,6.407002126499555,-0.8057537625230722,0.14658177768066133,8.808957962716754,0.472860935954284,0.1897085880764223,7.029405960622159,0.09071482250884562,0.024600070126547306
64.55,0.8085308168482787,42.746526090957374,6.390198312850912,-0.800986585398915,0.1929829186971222,8.916462163593579,0.4811519971785122,0.1889547586732824,7.036758153322465,0.07532956884731178,-0.0031028484566873386
64.6,0.8115488199756379,42.796571052243834,6.38119402207107,-0.7917768377681408,0.2312816384957323,9.020373921423095,0.48528743975670646,0.19203176003842082,7.040477153906109,0.057650296949211095,-0.020758568477564982
64.65,0.8144667424281258,42.846632207229725,6.380838727857676,-0.7781630049517804,0.25484654051367733,9.114325326584595,0.4868459424579377,0.1945423329577101,7.041821860063708,0.03666037874935848,-0.02385822782604406
64.7,0.8172535072415154,42.89670520866099,6.390420541318074,-0.7599599922871255,0.2625348589255564,9.19485456939211,0.4881580064546528,0.1939517530934274,7.0411214882065325,0.011955808101103868,-0.011685870242609116
64.75,0.8198842520779644,42.94678512442715,6.410499545647534,-0.7371744656412295,0.2582691918777482,9.262024457596471,0.49176642225307315,0.19068692687229533,7.0386631272689675,-0.016611975181302766,0.014447622166455497
64.8,0.8223380132527197,42.996869191010646,6.439875459272433,-0.7104155625140256,0.2488972476363836,9.31804356465776,0.4996802617125235,0.18730989826345082,7.036381273874123,-0.0491968142280279,0.05229206127431366
64.85,0.8245838766330715,43.04695820001686,6.475920150884783,-0.6810147617969157,0.2414729681787322,9.364574637084367,0.5127660179559907,0.186087127153213,7.036842063741829,-0.08608255449962383,0.0971568564128663
64.9,0.8265715917418279,43.09705595462986,6.515666457075375,-0.6507886705914002,0.24081699429021336,9.400844126518328,0.5305972860994645,0.1871527721681519,7.041239394401541,-0.12762080897986644,0.14127690188329045
64.95,0.8282343255338676,43.14716666120936,6.556744731116708,-0.621471251203681,0.24771594548770465,9.424109374208255,0.5518820951560187,0.18956041898186615,7.047944840544166,-0.1738964522478135,0.17482397172623837
65.0,0.8295060684334994,43.19729203962338,6.597950560813657,-0.5941294015503247,0.25862773745729695,9.431088612746251,0.5750416924958428,0.19404596194051202,7.05355420810731,-0.22429740084011576,0.19013878623029165
65.05,0.8303414302575977,43.247429924859254,6.639845791588227,-0.5688733385875683,0.26812226509521536,9.418296107173509,0.5985519665181442,0.2032900277585423,7.056100565457143,-0.2772545165014419,0.18728067413772745
65.1,0.8307157563020497,43.297574328935454,6.684876177217443,-0.544899345759818,0.2724555563656483,9.381767859695152,0.621139121727955,0.21838059507862662,7.055553179365271,-0.3303294116885741,0.17375832177515674
65.15,0.830611422490989,43.34771701945583,6.736827425037124,-0.5208216539613022,0.27086092492768243,9.317826961423318,0.6418109960296406,0.23683889272002376,7.051384869431723,-0.3806940010958346,0.15904956832962572
65.2,0.8300104264274705,43.39785005147019,6.799407920184441,-0.495203035061169,0.2648144201383304,9.225155555082226,0.6597088598571994,0.25534540125051214,7.041485447652967,-0.4257513735025455,0.1500855642450558
65.25,0.8288906095340375,43.44796798322479,6.874260970784114,-0.4670805755120447,0.2567752897162742,9.106629092055897,0.6739830163043949,0.2725435930390471,7.024166782601623,-0.46358663525368926,0.1498990280916929
65.3,0.8272234054923774,43.498068995568566,6.96014522592008,-0.43623474138522494,0.2487088403386992,8.969648775409901,0.6837578152837287,0.29025034461357613,7.000625920900363,-0.4932167676960697,0.15878333915021856
65.35,0.8249721355627714,43.54815538039435,7.0537866613124045,-0.4032254335635337,0.24139126381111958,8.82291880239407,0.6879468697269197,0.31136015289163227,6.975551200251519,-0.5147644991445454,0.17614565648425967
65.4,0.8220875287043544,43.59823282046159,7.15190771684615,-0.3691611108749656,0.23514780084405357,8.672174116888991,0.685190322334774,0.3352705287347376,6.955300750308153,-0.5294177856303923,0.20012806523449306
65.45,0.818513850848643,43.64830762527173,7.2534392532251015,-0.335149980427997,0.23154856074428554,8.519380947267852,0.6743033309836333,0.3570358246459683,6.944703140758115,-0.5390615448947493,0.22667991985618066
65.5,0.8142016924030563,43.6983834819191,7.359596351519913,-0.3017534830597227,0.23331468894083343,8.365031427678142,0.6549773531806432,0.37004697425493527,6.944772218382102,-0.5457719009530758,0.25011842581104776
65.55,0.8091196470528347,43.7484597247291,7.471895614064756,-0.2687464661499603,0.24185671604306216,8.21060113010543,0.6282199730123043,0.36936468029042346,6.952624961513345,-0.5513914007649057,0.2644281714801572
65.6,0.8032701604221678,43.798532083967444,7.590451706188835,-0.23530900361955925,0.255439742335305,8.058462701288414,0.5961566425019773,0.3542333039813968,6.962884518170021,-0.5574004644884083,0.2661049510874225
65.65,0.7966986506069692,43.84859462160816,7.713691423481577,-0.2004260671512369,0.26944502789995634,7.911062314997706,0.5615159240852495,0.32868747750564925,6.96938866260649,-0.5649512095567871,0.2563861480807398
65.7,0.78948846165784,43.89864138130708,7.83959848811284,-0.1631870258990829,0.27887831630869264,7.771369565242564,0.5272000677194808,0.30026892494055724,6.966820250488012,-0.5748545171651157,0.24041580103483742
65.75,0.7817472253552632,43.94866794823944,7.966347574045192,-0.12309934701758053,0.28101896894592776,7.642702810057512,0.4958074709736205,0.2771585932282728,6.952573703603211,-0.5875913132041669,0.22533312013886073
65.8,0.7735909765973052,43.998673166439055,8.091044380097562,-0.08047997262479269,0.27588046601750527,7.527378014687612,0.46904993042186477,0.26538413379882364,6.927543517979664,-0.6034681159697306,0.21816347090860372
65.85,0.7651263254132875,44.048659582546605,8.20955177568873,-0.03648245157157917,0.2656121291067082,7.426036722413995,0.4474726616567792,0.2667912752116448,6.8951177517496784,-0.6227018385811091,0.22285044036589516
65.9,0.7564372850813385,44.09863210370298,8.318304855663387,0.007321904304781428,0.2541753731143669,7.33753241342215,0.4306006668165897,0.27778541640185056,6.85933932645032,-0.6453116453445711,0.23820784907720918
65.95,0.7475843165369849,44.148596115579736,8.414809520618533,0.049405773724374984,0.24556318448511066,7.259357124252134,0.41730433576514825,0.2905034052245246,6.823528125431111,-0.6709371787211833,0.25781147380927893
66.0,0.7386155532435819,44.198555672332,8.49664157619345,0.08863075647794336,0.24150829101828442,7.189036577129624,0.4062620626041998,0.29609785965326696,6.790357952354644,-0.6986370956468906,0.2723357559537647
66.05,0.7295882226274903,44.248512327056524,8.561259372947493,0.12444295906410938,0.24151124649618236,7.124923497896405,0.39628695846125395,0.28808870942567033,6.762148206138944,-0.7268567986537666,0.2742708594090712
66.1,0.7205897380378167,44.29846556475338,8.606910886783934,0.15685310042549452,0.24429201668665282,7.066033804664239,0.3863500127947629,0.2648769662123033,6.739358872656575,-0.7537339184799994,0.2608397576516359
66.15,0.7117442841181607,44.34841401250063,8.633827733998219,0.18632410924352616,0.24938462517412915,7.01181075934194,0.37549492829538395,0.23039413952372123,6.7195398193958376,-0.7774353697557677,0.2333901217386852
66.2,0.7032023725193701,44.39835607255666,8.645080659564897,0.21372302500158646,0.25778400182979405,6.961721754291627,0.36282984344227953,0.1922385049316084,6.698988857107535,-0.7963119535575517,0.19704554011722977
66.25,0.6951162313108197,44.44829055828764,8.645828058168204,0.2401807452103817,0.26945870513139747,6.915124488078133,0.34751863363554386,0.15828756572468528,6.674400913293146,-0.8091209152768939,0.16058254180374584
66.3,0.6876146998141666,44.49821761164224,8.64180117886205,0.26679774993482014,0.28097617966147687,6.87158407164651,0.3287555259855099,0.13319955964147137,6.644962871766938,-0.8152307093291292,0.1355999176417501
66.35,0.6807886253492542,44.54813924223575,8.639256149805696,0.2944285854022953,0.2873613751606601,6.831362168720896,0.30580348392839213,0.11661192467286141,6.613921518676674,-0.8146354151155627,0.13305453275652043
66.4,0.6746864061285107,44.598059476844014,8.645638113142722,0.3235752958121155,0.28602672648592253,6.795826901530333,0.27804911303229285,0.1044846769841091,6.5852220531197245,-0.8080157123622307,0.15593129117852603
66.45,0.6693238008721601,44.64798397963955,8.66824415378013,0.3542537437385132,0.27817625388537753,6.767328658209948,0.24506722022468336,0.09236917596266957,6.560789062429146,-0.7967265990834814,0.19672919562200566
66.5,0.6647042280298142,44.697919343489495,8.711330678023533,0.38583245979769265,0.2668573369558508,6.747814581272848,0.20665121179321186,0.07761443900462661,6.541708862863187,-0.7825654306424227,0.24238698839344688
66.55,0.6608383161705647,44.747872282948585,8.773774812257122,0.41698635510862325,0.2538165044665654,6.73684657153202,0.16281309628313007,0.05975930917861572,6.529830916514535,-0.7674275188509949,0.28047469795191887
66.6,0.6577582484389844,44.79784791214607,8.848647225511387,0.44604893983401844,0.23798478521544084,6.731357056894782,0.11401477150336438,0.040292004648219665,6.527741830219778,-0.7528849528132037,0.3032972552315635
66.65,0.6555261789831339,44.84784689706394,8.925701624540888,0.4718169181289883,0.21778744334688985,6.728680108996979,0.061691732544327554,0.02337881492803142,6.537331198321509,-0.7397116554762319,0.3088721058900507
66.7,0.6542290343597834,44.89786341850945,8.995004756514406,0.49421997614294094,0.19457693156738898,6.729590098300511,0.008527317948267086,0.01640481316471796,6.558590349235836,-0.7275769426295404,0.29946893989439394
66.75,0.6539547816360288,44.94788629930613,9.049758779095601,0.5143384131486561,0.1733454121341645,6.736933644946209,-0.0420067898154563,0.026058284300120745,6.590193804596747,-0.7151973459649408,0.28043654075745034
66.8,0.6547662233390342,44.99790392541166,9.088576594804477,0.5337711105815681,0.16109511928579165,6.752664042245669,-0.08673180419018023,0.0534138768324538,6.630822996110243,-0.7010659880739469,0.25912853746834286
66.85,0.6566811660143324,45.047910070406004,9.115793784762591,0.5537503929095013,0.16336446791096532,6.776160287610724,-0.12387545415597284,0.09196095909375143,6.679553350608935,-0.6843903971118025,0.24300254660096635
66.9,0.6596619823229666,45.09790691726137,9.137825416788804,0.5744038487304624,0.17993151993257692,6.804771501045956,-0.15361923519641532,0.13011464308462717,6.734709333284304,-0.6656534931533321,0.23673881422799642
66.95,0.6636279087906333,45.14790426150888,9.158021850355713,0.5944485585649265,0.20360120012818508,6.83658673641587,-0.17790547899467907,0.15814886650807056,6.792184195079137,-0.6465407807190904,0.23966473517538192
67.0,0.6684837541923806,45.19791523764827,9.174542338238282,0.6116554747597138,0.22327370886976106,6.871194992852447,-0.19963020575962345,0.1722484027819362,6.846070807581459,-0.6292064901118638,0.24728710667619805
67.05,0.674149485435294,45.24794977836711,9.182590857365923,0.6239900248949353,0.23082368943012538,6.907256659688269,-0.22151828345196195,0.17370199786094048,6.891162158454518,-0.6150993051403986,0.25534348570451987
67.1,0.680577431891962,45.298009263332744,9.177875110283255,0.6307295825702183,0.2266506560773548,6.941065465188672,-0.24517316546176293,0.1675692849521234,6.925082051360574,-0.6039844506053413,0.26232046748369797
67.15,0.6877406885384018,45.34808515425719,9.157960867184697,0.6329106235747461,0.21818079775792001,6.9679942766753635,-0.27064574429527316,0.1608115717610649,6.949286023845666,-0.5936832877015802,0.26914792961856954
67.2,0.6956030995551425,45.398162443868195,9.121924494106556,0.6328552397610164,0.21408492914136765,6.983973491451847,-0.29681974195121935,0.15943413346138824,6.968509535148449,-0.5807184811871267,0.27687051813882424
67.25,0.7040948487787421,45.44822605529225,9.069489134716571,0.6330255967276992,0.21972281544601158,6.986691268492821,-0.3223741767669697,0.16679359869527574,6.989303292523981,-0.5615639263766539,0.28460627925300014
67.3,0.7131032911359894,45.49826681953135,9.000598272300703,0.634895351617322,0.2354605907227831,6.97705365126048,-0.3466754179262783,0.18319183105161424,7.018289527533668,-0.5339290394914088,0.2895852720752494
67.35,0.722481743697649,45.548284916787274,8.916107103490873,0.6383399375381155,0.25775740727722574,6.959053812058688,-0.3702941184674939,0.2056626928054489,7.0603148279595285,-0.49762455275594714,0.28902284583056675
67.4,0.7320705738099867,45.59828933866275,8.818587162532253,0.6417351183443857,0.2818316495504112,6.938029072748623,-0.39492165360178727,0.22856133796804048,7.117530658902237,-0.45458938583378944,0.2821057196043173
67.45,0.741718450953722,45.64829341261611,8.711832838544085,0.6427103442121406,0.3034780342500444,6.918855548104501,-0.4226555114059024,0.24555499058829297,7.189806543218366,-0.40803226633251133,0.2706151286510293
67.5,0.7512966458241579,45.6983085703294,8.599629161052963,0.6391975370612437,0.3195057146828154,6.905762975364365,-0.45497728290027356,0.2527903198110824,7.27549676946669,-0.36115961874209285,0.25762377403082104
67.55,0.7607039045949472,45.74833913878103,8.48519734100441,0.6303475942567845,0.32802602455689733,6.903264038440116,-0.4918671875697186,0.2509716379489172,7.372082231500112,-0.31608561948686514,0.2453379802908316
67.6,0.7698612427500621,45.79838034989394,8.371931990299386,0.6169966206629763,0.3284194767089466,6.915654250078166,-0.5315179032220274,0.24392707268929267,7.477201634071056,-0.27333146089877175,0.23436732475185526
67.65,0.7787053431897908,45.84842110909559,8.263784021080538,0.6012675102944633,0.32107109645608467,6.944329300108435,-0.5709574003858158,0.2346902446860881,7.589908799467306,-0.23213788812745967,0.2246468473445016
67.7,0.7871908426030837,45.89845009249385,8.163954794213861,0.5854085912918002,0.3076384294604917,6.985922913990524,-0.607250029858798,0.22372996102108633,7.711011050712612,-0.19138678776990373,0.2166495646183317
67.75,0.7952931226715161,45.9484612600347,8.073668304597533,0.5707121553406808,0.29079454263115395,7.033283116898707,-0.6385141427084584,0.21062271412427444,7.841731415638649,-0.1505478229934,0.2112878176241746
67.8,0.8030030735237754,45.99845578975086,7.992268096289477,0.5571196354011206,0.27369560461095394,7.0781870730550835,-0.6642586635051484,0.1963312627416586,7.98202360556399,-0.1101112845499493,0.20880615096917057
67.85,0.8103213440782152,46.048440297929,7.918386208254592,0.5435372136761919,0.25996413722200634,7.114753495577367,-0.6850489410542526,0.18449628450785124,8.12939412274619,-0.07141817903898562,0.20904434877326136
67.9,0.8172494714061495,46.098423317715834,7.851047354256651,0.5285099978545296,0.25292837278839625,7.140696786817826,-0.7019243672346632,0.18025072371622686,8.278299135077052,-0.036092135584706385,0.21149881738591278
67.95,0.8237734407279025,46.148411443585054,7.789196773670595,0.5108893374014748,0.2533412981044346,7.155875181655881,-0.7158138070618971,0.1866632239398003,8.422205854889988,-0.005197511305026674,0.21490758059200663
68.0,0.8298556392551978,46.19840652520737,7.7301797821716765,0.4902417691011228,0.25774696925595925,7.160453959301061,-0.7271214279949824,0.20214641051154833,8.556833368889581,0.021411002448154123,0.218854626703808
68.05,0.8354414680387509,46.24840533728383,7.669915861153045,0.4669067109119642,0.2606385700355548,7.154813776445978,-0.7356566353254459,0.22148084772664106,8.679780802824068,0.04507184763559763,0.22325908208091327
68.1,0.8404732378476588,46.298401745031015,7.604703851268948,0.4417169353610104,0.25869713418705603,7.140776359055136,-0.7409242174156274,0.23927371130897895,8.787719326714699,0.06772277047220998,0.2255369376300799
68.15,0.844905963841899,46.34838991007226,7.53265420705376,0.4155597455707195,0.25278679683516214,7.121317800765364,-0.7426420502424935,0.25237011855818325,8.876834849620131,0.09129044243022325,0.2216833241776637
68.2,0.8487156909034076,46.39836726196496,7.453939489236265,0.3889824984498307,0.24592148015341264,7.098466345766423,-0.7412631908824036,0.25966124918125755,8.945750200414151,0.11727366117250607,0.21011607488990267
68.25,0.8518987912404804,46.44833591528365,7.36955153218309,0.3619551886038075,0.2399863067914537,7.072255672198465,-0.7381439262301033,0.2608955819886433,8.997170898089594,0.14648435592334477,0.19448679751040993
68.3,0.8544643588003792,46.49830174441542,7.28015648103827,0.33393994487119183,0.23434114083584318,7.041900891238491,-0.7352059691072473,0.2569003394762279,9.0369221014284,0.17903411500320124,0.18232100477781962
68.35,0.8564194338953672,46.548272328761705,7.186513524030111,0.3042113775173463,0.22623358280410655,7.007429216201731,-0.7343723859861486,0.24973540177294276,9.069726490955114,0.21434680781798265,0.17860063639850027
68.4,0.8577631821815459,46.59825382935734,7.09076125825649,0.272388030554684,0.21277815326848448,6.971472849204907,-0.7368562214860321,0.24294947996544744,9.096418831674816,0.2514034354050308,0.1825566364239682
68.45,0.8584917014491117,46.64824792489026,6.996887247910337,0.2388885971121451,0.1929245768638907,6.939253598342517,-0.7426276369605701,0.24123932889987146,9.115520182841967,0.2893133514055532,0.19049359808178876
68.5,0.8585991512220195,46.698251782907825,6.909574493730819,0.2048304210515834,0.16757830872277515,6.9151663775721905,-0.7505741804620001,0.24670306265568104,9.126057021004408,0.3276024433879107,0.19929696945626788
68.55,0.8580778908391099,46.74826074028707,6.832382521284999,0.17147557448767378,0.13876915304226195,6.900698577190214,-0.7590951774139528,0.25673770385980005,9.128784580482638,0.36600361942208676,0.2072390241095603
68.6,0.8569241477760906,46.79827135371471,6.766700395482453,0.13965260731591275,0.10929267111146433,6.894776067282541,-0.7667011001389002,0.26581733046835493,9.125927874901583,0.40406090324417343,0.21331829319147544
68.65,0.8551474117105716,46.8482831844806,6.712160503501426,0.10949418961999817,0.0822266043324783,6.895050405699015,-0.772363813232871,0.2689190636072821,9.121002703317105,0.440926489770498,0.21735961042065563
68.7,0.8527746324422988,46.898298483823666,6.668418842492057,0.08063004393385556,0.06000081364022068,6.899697279590408,-0.775474123015073,0.2645995182212179,9.11841590925656,0.4754802318545894,0.2202589271427073
68.75,0.849846883632723,46.94832077143082,6.637538408159042,0.05256065281235213,0.04474917408677335,6.908215671737132,-0.7756455321883062,0.25572467530712095,9.121987017284466,0.5065590221751488,0.22283413980837133
68.8,0.8464110257080489,46.99835329696152,6.623995488784771,0.024873251616530822,0.038431390209166784,6.921509545552876,-0.772510674955181,0.2478506969156812,9.133696913170478,0.5331744405995666,0.22510702709389957
68.85,0.8425054469480564,47.04839783889885,6.631567976497594,-0.0027774316368143707,0.041151693447235856,6.94121980901374,-0.7655843001125421,0.24577580851164538,9.153448504413365,0.5547078857246177,0.2264188377780037
68.9,0.8381577545072483,47.09845510659692,6.659703739515346,-0.031007849832278677,0.05190507750158089,6.96822967204314,-0.7544210141133559,0.25085576941228294,9.178990556109659,0.5709032824226845,0.22478979792559273
68.95,0.8333953488529621,47.14852560424102,6.702019980291857,-0.060850185276543164,0.0694020020499371,7.002060651073657,-0.7388327983543728,0.26143047127236374,9.206485324942737,0.5818018047617869,0.217413572054898
69.0,0.8282513237559237,47.19860863730321,6.749693594408007,-0.09316756119279782,0.09087619185452767,7.0412552679340505,-0.7187823888536092,0.27460912899632356,9.232134990352836,0.5879226710725111,0.20359535041576837
69.05,0.8227685252452265,47.24870110265874,6.795904234134297,-0.1281251725365413,0.11348119736365138,7.083601087844958,-0.694224728352345,0.287504783323842,9.253537465596429,0.5904454185534528,0.18664416928781594
69.1,0.8169982821806203,47.29879824250626,6.83612122543764,-0.1652869073368196,0.1352946144112347,7.126269804382761,-0.6652090778263244,0.29792921741282424,9.26932467007065,0.591016534451485,0.1721718765193511
69.15,0.8109907598404631,47.348895740521996,6.865950242358163,-0.2040454550066413,0.1543729315156158,7.165815133976642,-0.6321337529321417,0.303764914119437,9.277435172401642,0.5912235224935423,0.16457238997371954
69.2,0.8047904602356153,47.39899138847958,6.880983725906194,-0.24392578728488967,0.16949803761466445,7.1982509559149035,-0.5959171042451153,0.3023375319857065,9.274796271873056,0.5922028164853196,0.16475903054380583
69.25,0.7984394304995969,47.44908493558835,6.8782865322300015,-0.2845171362561497,0.18114735841666482,7.220321751594655,-0.5578656414779397,0.29217576777182674,9.259126797471652,0.5946777806114961,0.17051616243775633
69.3,0.791980643329187,47.499176674870846,6.857083012971596,-0.3252710519687403,0.19136372640973634,7.231053738021164,-0.5193262873415593,0.2749185943152041,9.230782069080245,0.5992046740179298,0.17879512043183646
69.35,0.7854547123079896,47.54926616412345,6.819517635775889,-0.36535085271725015,0.20315356095626647,7.232367347741008,-0.4813571667479992,0.25507591572746435,9.192493089858928,0.6062453010354051,0.18771346769390537
69.4,0.7788894545903104,47.59935197870037,6.771218657154994,-0.4036214089321459,0.21869163999449484,7.229278085009767,-0.4445714087156277,0.23893084361268668,9.147440331290229,0.6159709485341388,0.1968158616351995
69.45,0.7722920769847681,47.64943325430613,6.719979243794317,-0.43898107306552564,0.23726502642017905,7.228735751765808,-0.40932701104571184,0.23207305437382197,9.09734574205859,0.627889007762145,0.20656684236816591
69.5,0.7656464746108425,47.69951159025393,6.673511894846508,-0.47080391330305194,0.25489223956716983,7.236925312449115,-0.3760717167895337,0.23534792196598334,9.041991007517408,0.6406389788911261,0.21742942087991293
69.55,0.7589205184753727,47.74959097908677,6.637939923253796,-0.49906962391543885,0.2661933162352242,7.25750159148239,-0.34541661931599377,0.24370571109516329,8.980811800897925,0.6522784108597994,0.22927710365959839
69.6,0.7520884905598896,47.79967615670694,6.617697312225565,-0.5241740721763276,0.26761504816963305,7.291957802700306,-0.3178935183220414,0.24970580820405175,8.914115605023767,0.6607723071850704,0.24178227395335017
69.65,0.7451524844817399,47.849770715094515,6.615906440880334,-0.5465970779202473,0.2588030070005284,7.34096318675066,-0.2936157775966373,0.24839719986054956,8.842027332395467,0.664329684163173,0.2544520384783596
69.7,0.7381482776067317,47.89987568778773,6.633449580018831,-0.5666618645331774,0.24123316264997013,7.405037770726869,-0.2720230689642363,0.2394761775589097,8.762676027134374,0.6616067426503575,0.2659642540672001
69.75,0.7311425965667828,47.94998888825293,6.6675001959318765,-0.584500565250152,0.21722125690390048,7.484787519955431,-0.2517583557408509,0.22613048855477774,8.672620320779757,0.6519967243879702,0.2743144404635937
69.8,0.7242307376300569,48.00010539246781,6.711968095001396,-0.6001507909122996,0.19080970615037457,7.58121667888683,-0.2307795718937865,0.21308846355632452,8.569040509212183,0.6358105099435922,0.27848558127564255
69.85,0.71752910487565,48.050218883141895,6.759361471786219,-0.6136611523892461,0.16795302173374022,7.695254759042021,-0.2067545994322276,0.20454808240990052,8.452599713853008,0.6142040811198438,0.2814890219424874
69.9,0.7111506307272776,48.100323267927756,6.802403555381033,-0.6251914474542855,0.15449605200404398,7.826947708826811,-0.1775755640636169,0.20207900760577213,8.328833633558618,0.5889511751190644,0.2895018992528374
69.95,0.7051752159329783,48.15041551732983,6.836005445848933,-0.6352402105979994,0.1535258036671024,7.974392512571995,-0.14206786591072135,0.20392617234981628,8.204955065288996,0.561792178801139,0.3050769553900323
70.0,0.6996416905907308,48.200498343537824,6.858498188024092,-0.6448896249667262,0.16418578500918593,8.132265875568505,-0.1006016364553931,0.20491815851489723,8.085787225217173,0.5336634442460543,0.32364239351831775
70.05,0.6945669769617184,48.25057951686609,6.870575525844158,-0.6556862360401506,0.1822119961508965,8.293366713067538,-0.05487530039619972,0.19876348141096487,7.973010150914564,0.5045776356225073,0.33713121269165214
70.1,0.6899774965071598,48.300668248460845,6.872909641230969,-0.6691354560152372,0.2008819641158169,8.45228094704508,-0.007069763165771407,0.18328210797413858,7.866991065104446,0.47415815396108935,0.34044286210335417
70.15,0.6859261704532673,48.35077157874975,6.86481587297845,-0.6861577984240267,0.21299058785156322,8.605127052202276,0.04083552647600539,0.16070413484419285,7.768248103945147,0.4422518937238894,0.3349482496069657
70.2,0.6824902976803148,48.400892399704325,6.845079677961103,-0.706751620215326,0.2145587735989452,8.746728453474844,0.08736168273033178,0.1338301962718824,7.6766207939730595,0.4092274816883141,0.3261633160659317
70.25,0.6797598170029404,48.45102900463838,6.813542366386684,-0.729874751488473,0.20689258431720234,8.871364369188145,0.13174220804141815,0.10563073544964133,7.589776994929684,0.37599213022159145,0.31837858855530043
70.3,0.6778230028785758,48.50117600294014,6.77267706946421,-0.7535816032131282,0.19645417609799765,8.975693157400766,0.17403552129605715,0.08015484116584938,7.503138726254078,0.3438172185116858,0.31161309681255994
70.35,0.6767571791429039,48.551326456558336,6.727547313318346,-0.775475388668333,0.1926230559529637,9.060370275149555,0.2148908591562037,0.0628280012175401,7.41094844656501,0.31397032553332394,0.3032631087891253
70.4,0.6766130569776982,48.60147516752927,6.683075474827104,-0.7934287307460698,0.20165191719171555,9.128853150432981,0.2549146381261804,0.05875204809889428,7.308117315030028,0.28720807679733773,0.2909698036515867
70.45,0.677398437762957,48.651621682428654,6.642018513068016,-0.8062554828287318,0.22264800696654985,9.183461158957142,0.2939253456273475,0.06875858474183322,7.191980734921821,0.2633718421698718,0.2737914484815847
70.5,0.6790789911193943,48.70177026205199,6.605092712594254,-0.8138487521230103,0.24919504654487448,9.223814980246338,0.33080720744159975,0.08903921925573438,7.063354631488332,0.24147272367285766,0.2523848579406629
70.55,0.6815896598699631,48.751927079757884,6.572224791759632,-0.8167685542216461,0.2734201018201438,9.248323068263792,0.36406338107663283,0.11361041968813457,6.92656358079732,0.22019653831254785,0.228243484414295
70.6,0.6848511248717267,48.802097405616585,6.54387826801178,-0.8157405974308256,0.2898722344048581,9.255001171416238,0.3924334547464688,0.13575512812206628,6.787951902362137,0.1983799751980491,0.20285224687817616
70.65,0.6887858462856072,48.852283736307555,6.520942860145077,-0.8113026746718534,0.29650122199053175,9.242068136587985,0.41533824830360994,0.1495592356414356,6.654354835720449,0.1753245633328806,0.17794163459681187
70.7,0.6933262741155349,48.90248487843544,6.504452985904701,-0.8035650741832212,0.2926972414943692,9.209741568302396,0.4331559492873801,0.1530233470249239,6.531786399680829,0.15090032518514523,0.15550845690196505
70.75,0.6984187540661279,48.95269657695259,6.49602922030653,-0.7922415039632222,0.2788419148342848,9.162337426921887,0.4472213647276361,0.1510540367704846,6.423880279869893,0.12537073392929704,0.13625431139997876
70.8,0.7040216735236847,49.00291334175405,6.497233764265172,-0.7770227103719427,0.25805058720199264,9.108305418839326,0.4595201889122422,0.15401834031167325,6.332116629620727,0.09911442282268536,0.1190892443424409
70.85,0.7100930078337274,49.053130909918444,6.509684730584152,-0.7579954423138584,0.23724405598334045,9.057437733757624,0.47209349795606237,0.17063488787658843,6.2578632560606415,0.07230541562301084,0.10328036288741158
70.9,0.7165742112299402,49.103348706528294,6.535104375700914,-0.7359682047418775,0.22516842275856416,9.017871733198149,0.4863218456976731,0.20171703639687635,6.202943974110101,0.04454290220921479,0.08996014695583118
70.95,0.7233760998683392,49.15357078090393,6.572927477752547,-0.7125935161387384,0.22672931493402856,8.993691287041683,0.5023994547892878,0.2389325375648274,6.16815122416658,0.014688979053166655,0.08105902333144678
71.0,0.7303821620923698,49.20380418346321,6.619719542969507,-0.6900106804983025,0.24040388646694444,8.982592877596947,0.5192966503182233,0.26693091281283216,6.151435357659952,-0.018868708605395194,0.07791098817082477
71.05,0.7374753804363922,49.25405472417847,6.671127269891692,-0.6699991594016843,0.26052770023856814,8.976994071091104,0.5355106138168545,0.2708505360477953,6.147490498185157,-0.05741847657826906,0.08010238768329642
71.1,0.7445689576044673,49.30432173245775,6.7228031068177385,-0.6530567198211561,0.2799897498916331,8.969064438934652,0.5502638842320164,0.24691028042675084,6.150297574677391,-0.10088090992854126,0.08594091684118486
71.15,0.7516181386841588,49.35459594108678,6.770207103192463,-0.6380714599139126,0.2923669217445466,8.955107483981532,0.5641842665527265,0.20587645064453092,6.155689985633298,-0.1474264941647387,0.09446838071867926
71.2,0.7586076406528627,49.40486268485166,6.8089201150580685,-0.6228762432237094,0.29408771906361447,8.9361445231843,0.5789108437699746,0.16746862848754548,6.160320511283211,-0.19411713171276399,0.10461277042943966
71.25,0.765524578997417,49.455108339623486,6.835356450074019,-0.6053485042739731,0.2858089913958576,8.91478358120644,0.5959344030096153,0.1493043720431226,6.1594229657930955,-0.2381167929796005,0.11353873086976471
71.3,0.7723352591783986,49.50532565732949,6.847479419152274,-0.5843316762469241,0.2720801662152817,8.892422934197372,0.6156120352301174,0.15735763959157273,6.148107422264876,-0.2776894972300287,0.11904482756032214
71.35,0.7789751810219796,49.5555152593455,6.845141080354313,-0.5598987547839408,0.25890723933514975,8.869441996008138,0.636939153351231,0.18526212715714888,6.123982056679353,-0.31250738589277266,0.12175005929436407
71.4,0.7853515162650745,49.605683543124485,6.829790496636756,-0.5330216612566048,0.2507296670369179,8.846231364013695,0.6579385076462858,0.21992816524737083,6.088743705102578,-0.34335437779335676,0.12559900278074376
71.45,0.7913503373460155,49.655838662803134,6.804532340556177,-0.5049035919033441,0.2489319569057603,8.823750264784461,0.6763241336225455,0.24838773841727518,6.0481764203217505,-0.3714692142737569,0.13586070542630774
71.5,0.7968462175004262,49.705986974345436,6.774754403667117,-0.476339264487758,0.25218931797946703,8.80340572859096,0.6900752716121358,0.2635116464424975,6.009128453413357,-0.3979333984155335,0.1539184827288248
71.55,0.8017181271459638,49.75613155602119,6.747986784419703,-0.447436988342026,0.2573034078356784,8.785797192007532,0.6976874559430769,0.2660784450729311,5.97646656626805,-0.42342187881252175,0.17515628019608864
71.6,0.8058652886410901,49.80627221687908,6.732483596837366,-0.4176779074960953,0.2597330297269621,8.769922078765514,0.6983092435379828,0.2623930031349693,5.9531159133112865,-0.4481804412027958,0.19258985582482682
71.65,0.8092182047997605,49.8564060623098,6.735579253407879,-0.3861609843760004,0.2552898290483772,8.753707059655792,0.6918847808001445,0.25993676417021017,5.941972001742971,-0.4720772636572333,0.20233460092382843
71.7,0.8117414990514021,49.906529057925006,6.762705125270794,-0.35201078605881114,0.2424257086988884,8.734202134995078,0.6790045108879992,0.26365189240037296,5.946634544332715,-0.4948146848356724,0.2051088268658783
71.75,0.8134242825874097,49.95663832420571,6.816657681767625,-0.3148169217080198,0.22253819803189626,8.706657265015478,0.6604764510574421,0.27343515972513327,5.969650237778516,-0.5162635577216719,0.20203994791107505
71.8,0.8142702037843815,50.00673330178625,6.8976481013074835,-0.2747715789723115,0.1979558145680694,8.665169295926429,0.6371165708811918,0.2849985290533521,6.009923030898425,-0.5366657393454451,0.1905414492046945
71.85,0.81430623736402,50.05681523561254,7.005307816323942,-0.2324403448646539,0.17096034139755545,8.605945277623661,0.6099291800511261,0.29416836947418945,6.063037660106696,-0.5565533081583535,0.16707990566631803
71.9,0.8136002543652532,50.106886323639316,7.140682818076506,-0.18851424347474163,0.1450337479243878,8.528831914364998,0.5802182202537653,0.2997878402826774,6.12437959545863,-0.5765166054653283,0.133203109001062
71.95,0.8122590742176224,50.15694885583573,7.3051680892973545,-0.14369425453116277,0.12422037024659037,8.436894419710253,0.5495551952109702,0.30389306283718753,6.190800494619385,-0.597000416498984,0.09719836633542606
72.0,0.8104010352515634,50.20700478843219,7.497713181893917,-0.09874752738041409,0.11077230245380143,8.335637530997428,0.5196572252069642,0.30945247537503584,6.259813205495307,-0.6182305281865622,0.0701103269295038
72.05,0.8081299649238235,50.25705677711742,7.711177698918236,-0.05492185043112811,0.1041627634104077,8.231168837301738,0.49198625292437215,0.3171318200988089,6.32849249235844,-0.6403273978913473,0.05961591342541652
72.1,0.8055253836081729,50.307108736849614,7.93140934073435,-0.014013566533340616,0.1006010442912892,8.128301774530575,0.4673967731412418,0.32470239159404973,6.393049745349169,-0.6633885124150348,0.06670841774973844
72.15,0.8026461729930855,50.357163666771505,8.143973685043257,0.022534497089754166,0.0959939678641241,8.03000085700498,0.4462855954988666,0.32915901937169617,6.448706412501966,-0.6872297617140336,0.08616553516173134
72.2,0.7995437233607992,50.407221613751055,8.339944097638766,0.05434296878743724,0.09027306920645015,7.937609505061267,0.42884153398562525,0.3288106310199207,6.489582922208343,-0.7111669146806244,0.1091098100445195
72.25,0.7962709916460734,50.457279794601924,8.515590806453796,0.08210860866552186,0.0865217979124669,7.85091105845031,0.4150372953998571,0.3238052438394201,6.5096508266244335,-0.734121702857605,0.1276505269072691
72.3,0.7928810343971471,50.50733427053911,8.67060768304959,0.10731337904575033,0.08712424167083531,7.768044992942689,0.4044382012116047,0.3150248026458227,6.505018832004179,-0.7548913077286926,0.1389983126187229
72.35,0.7894198733296315,50.55738189546422,8.80696635003436,0.13175920112741357,0.09235884560966998,7.685746261734538,0.3960321604623042,0.30281071052770436,6.476404340414637,-0.7723803498160976,0.14574039498630498
72.4,0.7859233989376417,50.607421595773964,8.927495089512083,0.15705382163338036,0.10096490399940015,7.600217628007797,0.3882258977331412,0.2874731636141512,6.430273191447562,-0.7857712571960075,0.1544082133294418
72.45,0.7824156883675653,50.65745552839649,9.033867369686527,0.1841310476351402,0.10976858092269906,7.508231554933464,0.37890533048166,0.2704629659498679,6.376131227977998,-0.7947961685262475,0.17197018442490586
72.5,0.7789036116814705,50.707489233870746,9.125450902033451,0.21300927373133607,0.11444739711933395,7.407759633974914,0.3656364963679993,0.25427163045923834,6.3221261983445505,-0.799861187745475,0.19942512897875628
72.55,0.7753796278305126,50.757529079188046,9.200568376743005,0.24311514061208214,0.11340486290774841,7.297832556037473,0.3462318395282701,0.2410252918330472,6.274278013108159,-0.8016653123619475,0.23026783276104998
72.6,0.7718333337945052,50.80757857725739,9.258429323722872,0.27395129310778665,0.11012319323993366,7.178174847436694,0.3194537870695533,0.23091763179458985,6.238523209565512,-0.8006534943489815,0.25642463995843234
72.65,0.7682587442590766,50.85763676248986,9.299529108830873,0.30550335070729495,0.11080369797339185,7.049207890841334,0.2853507929840701,0.22201603953451934,6.220930783880052,-0.7968267979448056,0.2734703044515708
72.7,0.7646525263711837,50.90769934674875,9.324730516726126,0.33815421550484615,0.11945535012707686,6.912036885719573,0.24505726299010902,0.211747002636289,6.225873758397288,-0.7899438616495369,0.28072222560488763
72.75,0.76101015635528,50.957761147544346,9.334994022921673,0.37233336668322947,0.13511830471808378,6.768432429291306,0.20031085253428663,0.19871051068948384,6.254042408557466,-0.7798832532382924,0.2786387884453698
72.8,0.7573285761426374,51.00781828976734,9.332130792291194,0.40815088616576106,0.15353592046220246,6.620787824291784,0.15298520031889778,0.1830538175348527,6.301657110709153,-0.7669389664694071,0.26718231600744835
72.85,0.7536147356441448,51.057869043500794,9.31960875016951,0.44523293172200606,0.1709192741705874,6.472083669248024,0.10484459929954697,0.1653722865879465,6.362913097764206,-0.7518393639795813,0.24814563539983578
72.9,0.7498900578508656,51.107913494157295,9.302567204921482,0.4827723230863161,0.18610368475179817,6.326744250614763,0.05749949809007126,0.14681685320953414,6.433049537542271,-0.7355526226043045,0.22713527247974405
72.95,0.7461870495703374,51.157953159759884,9.286640468813223,0.5196128556270191,0.19982387685096997,6.191281259730995,0.01232883975106824,0.1304755516227645,6.509471706015867,-0.7190972242705453,0.21221965833570677
73.0,0.7425368274274957,51.20799107049681,9.276340780286546,0.5542778422120284,0.2126773332953445,6.072549957674822,-0.02974269031721126,0.12002768306134434,6.590998845115941,-0.7034707353968295,0.21042480780650494
73.05,0.738953372248907,51.2580314647639,9.27340908830809,0.5850269138836894,0.2233995426113486,5.975241922345957,-0.06838455522131147,0.11663170947700441,6.675926560369878,-0.6895834776546237,0.22360448304726543
73.1,0.7354325800105048,51.308078041461044,9.276062482320404,0.6101719078444063,0.2289234006966743,5.901064640146329,-0.10368943696841047,0.11880271489618861,6.7615357115045995,-0.6779690149422769,0.24734672812386882
73.15,0.7319668234664137,51.358131591969205,9.280550831980676,0.6286544699349176,0.22734397187233668,5.849619557420701,-0.13577769205035556,0.12415351606081328,6.8445410182838895,-0.6683986618632833,0.27261512412041355
73.2,0.7285617752717458,51.40818889600254,9.283287666855808,0.640437958333862,0.22079610685365608,5.8199304471566204,-0.16451943322094487,0.13053240015867834,6.920748386120559,-0.6597736427526257,0.28884300505577887
73.25,0.7252467859819908,51.458243888139975,9.281246042986835,0.6463879485331959,0.2141968679823312,5.811044111696797,-0.1896578449591317,0.13653898215947363,6.985533528096777,-0.6504218882691021,0.28894438146342083
73.3,0.7220731726164169,51.50829036502755,9.271589876192568,0.647811160034185,0.2119127638253622,5.820177671384844,-0.21124543922648567,0.14018843494614333,7.035494751517534,-0.6386097447150184,0.27301574866157197
73.35,0.7191062721487987,51.558324278733174,9.25206842014439,0.6460571709371529,0.21597360888782002,5.841138365324741,-0.22999542859385108,0.13843475211909273,7.069480063724279,-0.6229858236399903,0.24819653989730783
73.4,0.7164160922438256,51.60834433498884,9.221826901885924,0.6423664968342832,0.225941631958398,5.86712243172013,-0.24723036757132225,0.1305823370780781,7.088607137098874,-0.6027459096445479,0.22506058746715585
73.45,0.714062447737562,51.65835156849372,9.181971232427939,0.6378115495350316,0.24007818701833497,5.89363867458206,-0.2646229700042409,0.11994921807072091,7.095707871874571,-0.5775915416497215,0.21212827200593382
73.5,0.7120802103536101,51.70834844101069,9.135247194462861,0.6332358583641662,0.25676257628133614,5.918516053984554,-0.2839175489374088,0.11191884686715778,7.094648382994048,-0.5476395269968422,0.21244908642721472
73.55,0.7104701471637203,51.75833784433483,9.084646469236102,0.6291915848639801,0.27453327331643457,5.940440960394048,-0.30664946845192154,0.11051209880413489,7.090204841127046,-0.5133230565770698,0.2235661142272212
73.6,0.7091997932728683,51.808322398284005,9.032304491412068,0.6259182715141288,0.29186123623814475,5.957777555987313,-0.33390121626519376,0.11578520168912812,7.087931396498093,-0.47530196362612986,0.23914147266846994
73.65,0.7082155335428743,51.85830375620158,8.978844487140067,0.6234222482973816,0.3065497574859595,5.969102366600913,-0.366097622623914,0.12468915845940642,7.093431871812954,-0.4343771219497057,0.2518012858953417
73.7,0.7074615914593734,51.90828186840697,8.92336339808335,0.6216540920702279,0.31546548171956484,5.974857691035597,-0.4028673791424444,0.13452605327310188,7.111866633210429,-0.3913679430472949,0.2562764152719536
73.75,0.7068986449426078,51.95825477560593,8.86481764709562,0.6206579765260599,0.3170399119343702,5.977945604612724,-0.443043582152869,0.14462485304283917,7.147725223906523,-0.34701306756412864,0.25133649670869196
73.8,0.7065106193146007,52.00821969858252,8.803222710928345,0.6204778169156192,0.31342727891014643,5.982380033484885,-0.4849151774287158,0.1546856840229099,7.204225157491814,-0.302031010162002,0.23945951005522034
73.85,0.7062988398867109,52.058174916100945,8.739926889847357,0.6208598029936182,0.31025899335096035,5.991318940674858,-0.5266559665013869,0.16257900100320102,7.282640601469783,-0.2572868737414946,0.22434017598605147
73.9,0.706271195609569,52.10812120136441,8.676493618422946,0.620974724739498,0.3133184862667404,6.005795921859969,-0.5667384396275432,0.16447763709257174,7.382487609957573,-0.21386237948032272,0.20824183879655364
73.95,0.7064381905488797,52.158061844602116,8.612829980765174,0.6194218972849322,0.323882022243749,6.025176696502895,-0.604115912453159,0.15786254945512224,7.502359484697908,-0.17293134582223657,0.19171368119196133
74.0,0.7068195248746513,52.208001172255784,8.546985256236058,0.6145973180377058,0.3380948670010546,6.048666347781296,-0.6380835335643646,0.14413865857063185,7.64027982350652,-0.1354847503120237,0.17475444100990709
74.05,0.7074507672319201,52.25794222292479,8.476837960218537,0.6052785709653555,0.35054200841967514,6.075869405739538,-0.6680112523685655,0.1287715841688111,7.79354777391035,-0.10195684547573797,0.15725692982483827
74.1,0.7083822421375184,52.30788481105418,8.40176662299678,0.5910933929987371,0.3578919083364661,6.106328708205066,-0.6931595641064587,0.11915093331034475,7.958555031368604,-0.07199439101044813,0.13986938629769932
74.15,0.7096685361614672,52.357825820224974,8.322575258412233,0.5724821196302564,0.35961283926612403,6.13900589657293,-0.7127723070401509,0.12096200809274349,8.129868522259306,-0.04469202959284492,0.12445201198917437
74.2,0.7113526976042976,52.407761372293656,8.240215180964087,0.5502604130711791,0.3562489946051629,6.1717612332442835,-0.726423934995527,0.1353106085175711,8.300370904530332,-0.018955440319577587,0.11256321548539087
74.25,0.7134569636827698,52.457688510573206,8.15507429522897,0.5252569530660506,0.3480698597324108,6.201317160015537,-0.7342681768402431,0.15823301966597192,8.464080515373125,0.006395742658560235,0.10521739717946232
74.3,0.715986029202707,52.50760608453163,8.067087299921734,0.4981240004414973,0.3353896585251115,6.224060782942454,-0.7371071149835428,0.18267077010720795,8.617957271148635,0.0325067751663034,0.1036237206039564
74.35,0.7189362363156607,52.557515367616176,7.975776061200119,0.4692222711547304,0.318816013927079,6.237528109368144,-0.7363593268591501,0.20205639280761842,8.761032173293087,0.060246295758079625,0.10870447844044089
74.4,0.722301901163878,52.60741969164158,7.880451668632664,0.4386787171248977,0.299289314729105,6.24142085436436,-0.7338520932650023,0.2131958285415427,8.892890062842318,0.09008806970555787,0.12011489793625062
74.45,0.7260748925860849,52.657322756946456,7.7811027565028565,0.4066726444730201,0.27846888285824867,6.237441166828841,-0.731414191535598,0.21686880323343177,9.01325212831722,0.12223706783913169,0.13603808325306285
74.5,0.7302396113575995,52.707226937448254,7.679451258756373,0.37371517891235795,0.2583711029277222,6.228844770977413,-0.7304705584487545,0.21730880539348574,9.121725595783655,0.15679909015949273,0.15315611390648154
74.55,0.7347671829418241,52.75713312300308,7.579328604940044,0.34063630928894223,0.2404337210501341,6.219631351572832,-0.7319099968215962,0.22041390761204702,9.216655804177732,0.19369995706124268,0.16622924535267852
74.6,0.7396162414439269,52.80704166916058,7.485356096538653,0.30829011746447144,0.2251631756983673,6.213048359437473,-0.7361673603734111,0.22987506444201536,9.295116695863772,0.23248381430917464,0.17040118758971898
74.65,0.7447390959059877,52.85695258769286,7.40032657464982,0.27731132984737916,0.21191681650003744,6.212075698225665,-0.7431539221460411,0.24507501055315611,9.354790213562643,0.27238328724638877,0.16530366980590494
74.7,0.7500882122817769,52.90686535055016,7.322976249445332,0.2479728052105317,0.19898176109147012,6.221153415657236,-0.7521794881951455,0.26281049418141095,9.395462752273055,0.3125448781762693,0.15600308200844895
74.75,0.7556200568198538,52.95677927494263,7.247791992060649,0.22007969692659476,0.1848177095155086,6.245044105708584,-0.7621614651540707,0.2793940560838762,9.419351054821284,0.35217000040660934,0.15026079762132283
74.8,0.7612888963788959,53.00669377486075,7.167407041239158,0.19308954874999268,0.1690756745545933,6.2869665016933665,-0.7718637485150105,0.2915166603861008,9.430390093743055,0.39060184195034314,0.15380456017082592
74.85,0.7670398605562802,53.05660852290355,7.075429226629546,0.16630889007711455,0.15327201014958458,6.34726354282519,-0.7800827837217299,0.29592405831121993,9.432867460638423,0.42729998083467685,0.1669399673310419
74.9,0.7728110740121318,53.10652364553491,6.968020506809934,0.13901550895744744,0.14076573967970565,6.422777601836516,-0.7857827101525529,0.2891517844425525,9.430014698254809,0.461713862558768,0.18464403309736663
74.95,0.7785413115871467,53.15643929751937,6.844595664098258,0.11065082034131925,0.13458168731081482,6.50935230294552,-0.7880161431924021,0.27013509530356167,9.423451345739988,0.49328488842552853,0.19919785391878952
75.0,0.784178329964148,53.206354955510676,6.708909067437827,0.0810370959416765,0.13606844786203182,6.604147708571773,-0.7858142116962504,0.24212970321493002,9.414071442037178,0.5216070774322658,0.204157520698932
75.05,0.7896837221723095,53.256269648867715,6.5688870630042215,0.050329693532144504,0.14566942059082896,6.70529480349136,-0.778313931034125,0.21112846512134578,9.403000376076157,0.5464763349348288,0.19724114703696807
75.1,0.7950291889798708,53.306183356965995,6.433206636985141,0.018672799248196533,0.16152314958549094,6.810770813061512,-0.7650826034338484,0.18312929272709974,9.391761594012333,0.5677302056943438,0.18076766535168826
75.15,0.8001904374654767,53.35609791699397,6.3083221844996356,-0.014027933145181382,0.1774954415241931,6.918087306690645,-0.7463203769164648,0.16254052244973013,9.382537460319046,0.5851705532443279,0.16111050304356572
75.2,0.8051477808476896,53.40601630077835,6.198995402804257,-0.04803472601588583,0.18664033467669938,7.024862415865861,-0.7227435147035501,0.15170731456164357,9.378452433357436,0.5987406306062941,0.1473246598177278
75.25,0.8098840738056551,53.45594146123323,6.109810407559929,-0.08362531422015218,0.18683536028069864,7.12858458924698,-0.6953678111749897,0.149872478584308,9.382101375748787,0.6086125116990216,0.1471819961759522
75.3,0.8143748508832315,53.50587573399718,6.0445666885798115,-0.12096513771779725,0.1807882113974743,7.2253992840118295,-0.6653692150668769,0.1523047714280749,9.393006207742415,0.6150174574899262,0.16299219939816514
75.35,0.8185839536440614,53.55582017561931,6.0048076031909865,-0.15996102535926537,0.1723821214565554,7.310517077097827,-0.6339013336124297,0.15266509930760408,9.406507837826432,0.618180990938032,0.190071639604678
75.4,0.8224709401448822,53.605773580346565,5.9881871538262414,-0.20014220423800053,0.16337395472935318,7.380437363209861,-0.6018425217965653,0.14780559603127313,9.415019138801052,0.6185370361007768,0.21852220240984307
75.45,0.826009774270934,53.65573163880791,5.988306849127428,-0.24057984635882362,0.1530926089950687,7.434971690298758,-0.5695846919309836,0.1414230766323046,9.411603964694613,0.6170518317008946,0.23936403296048836
75.5,0.8291979032077751,53.70568718365995,5.99819233815021,-0.2798855797267182,0.1417561683152065,7.477284549205911,-0.5369879789370079,0.14207553499740608,9.392950648751222,0.6152765885317562,0.25017265886743956
75.55,0.8320369431488833,53.755632406668965,6.012639101782384,-0.31655350009043504,0.13140579768369146,7.511425484964439,-0.5036553478121666,0.1554869677393446,9.359795344352994,0.6149533145857324,0.255504408508041
75.6,0.8345085841236769,53.805562253912385,6.028157827304461,-0.34955925201946275,0.12394303809554029,7.539864917972431,-0.4694956354701917,0.1796867018513187,9.315578636691518,0.6173646646585469,0.26356256504236847
75.65,0.8365651672083515,53.85547732678363,6.042947304339223,-0.37886134624839335,0.12024374978032006,7.563366303593942,-0.43519003937241374,0.2062978988719523,9.263838536018211,0.6226839667562317,0.28019350823701816
75.7,0.8381356782267739,53.90538389661768,6.056344024274468,-0.40544855004445646,0.12067242224595212,7.5823229838887,-0.4021188604419014,0.22490750538900212,9.20723619647259,0.6299137407677211,0.3044960092954112
75.75,0.8391451676111286,53.955290034235375,6.068129295420231,-0.4307661923645452,0.12584274255901193,7.59819847802541,-0.3716948133785103,0.22864628978472562,9.14937850828337,0.6376318831970134,0.3307304286789056
75.8,0.8395353217998249,54.0052011491645,6.078289610256023,-0.45597490786233635,0.13617773320485957,7.614771022732428,-0.34459239468797825,0.21782185367788437,9.09564980359414,0.6447416775456485,0.3535091088980484
75.85,0.8392730662523846,54.055118479582795,6.0864827567605975,-0.4816205310211888,0.1504036150509348,7.637860810369701,-0.3204799408941918,0.1993922889352895,9.051254316646101,0.6506005432519956,0.37010881434300746
75.9,0.8383461231953544,54.10504031682178,6.091836013573717,-0.5077274344993435,0.1651208938840104,7.672630615008481,-0.29833120042530265,0.18260970610776525,9.018814897211207,0.6547334905704001,0.37930868466511813
75.95,0.836753682886948,54.15496421812059,6.093430406567966,-0.5340803926780311,0.1762167117441283,7.7205508079123275,-0.2769559747950696,0.17324668994593154,8.996184204613147,0.6564114400526981,0.37899364332020447
76.0,0.8345060176550173,54.204887591447566,6.0907698937856125,-0.5603250965313585,0.18113701253889322,7.779496163311869,-0.25516064269179806,0.17109119773922996,8.977163828007345,0.6547002958501814,0.36696619207823117
76.05,0.8316317884782729,54.2548060765443,6.084045827086222,-0.5857728541541273,0.18023643104612533,7.847282140629058,-0.23144757142505473,0.17285922120394248,8.955746823268498,0.6491052411121849,0.34490599610157063
76.1,0.8281818011882349,54.30471337577292,6.074229335779631,-0.6094222656761349,0.17637831011261845,7.9249513398939255,-0.20399383787923667,0.17726017224121116,8.92862290811499,0.6398214743230803,0.31957101162873863
76.15,0.8242198890027825,54.354604366401794,6.062995684600957,-0.6304607490128437,0.17360199548062152,8.015993622816962,-0.17129321148457707,0.18540113569647798,8.894536725698412,0.6272433295596135,0.2995477327566862
76.2,0.8198042458978193,54.40447859617176,6.052600417738219,-0.6488126038677021,0.17583291151819672,8.123308956299358,-0.13290718552656897,0.19711453483890348,8.85229564341069,0.611325054037787,0.29039532380769045
76.25,0.8149757909220798,54.454341024819996,6.045457722737387,-0.6652472728514182,0.18525597968246424,8.246348577916716,-0.0897938856644792,0.2090083511107114,8.800014588009168,0.591428841997579,0.2924753575487834
76.3,0.8097587983334325,54.50419960406922,6.043290684118268,-0.6809763310541899,0.2005198402548122,8.380390716679573,-0.04397441947056387,0.21574809160647312,8.735675383309998,0.5667483552342445,0.3014675747298623
76.35,0.8041740466623074,54.55406093612858,6.046778422957123,-0.6969469627007537,0.2169688732780798,8.520140810950062,0.0024666269715862233,0.21416683841349607,8.657336835546525,0.5369770180445199,0.3102054678696034
76.4,0.7982593533548987,54.60392693842661,6.056269282625535,-0.7132825971935931,0.22926703298715628,8.662553517255853,0.048217759011582505,0.20588890382935376,8.563469833856603,0.5027829833005355,0.31218012563187186
76.45,0.7920819539311433,54.65379463350341,6.0727057750477424,-0.7292242467091153,0.23428731691390162,8.806062711611474,0.09286198919797375,0.19547951293469798,8.453698534101171,0.46581332304527556,0.30462834905952846
76.5,0.7857362883757703,54.70365851991671,6.097522444963351,-0.7435357920311166,0.23211862858533217,8.949042964341249,0.1365069955301161,0.18698939107391518,8.32933483397915,0.428244451769482,0.2898294694310872
76.55,0.7793316262927246,54.7535139324052,6.131854063268687,-0.7550984803290313,0.22501521789553014,9.089485180761578,0.1792745377932264,0.18233549064878976,8.193464745695167,0.3921348234618202,0.2738511843150762
76.6,0.7729739499797765,54.80336005865612,6.175922499472091,-0.7634486778596512,0.21576055356578197,9.225071306343443,0.22084749047965835,0.18076943179743116,8.050223990199974,0.35881841275419557,0.2624333996961713
76.65,0.7667531998280743,54.85320133015411,6.228873462064684,-0.7690335045523377,0.2066393222210737,9.352186454003597,0.26021606856128815,0.17823198444129784,7.903868216168642,0.32855630883150766,0.2577516834726911
76.7,0.7607466457231096,54.90304597717835,6.289133196914489,-0.7729655965326097,0.1991856143032132,9.465198424650753,0.29583923211461893,0.16961916914694433,7.758602208901107,0.3007083383098669,0.25822790683495417
76.75,0.7550301056201457,54.95290204241155,6.355172974160673,-0.7763063900627015,0.19383642286257424,9.557797626326169,0.3262970166466233,0.15379036797480078,7.618544832427027,0.27434905224705947,0.26010327126040433
76.8,0.7496828327024533,55.00277347408667,6.425927401099957,-0.7793684763989983,0.1895740677722138,9.625120321368328,0.3510425235980447,0.1357200746395106,7.4870062227945535,0.24883770189169752,0.2594059407017991
76.85,0.7447846248478819,55.052658560704536,6.500594665850921,-0.7814974688648035,0.18471605362213162,9.665486760811074,0.3708401768543996,0.12445296384841174,7.365768558241004,0.22403703359036486,0.25354329268738235
76.9,0.7404056110314344,55.10255124511999,6.578592919350177,-0.7813579540105001,0.17806366128747647,9.680966982488632,0.3876525703512587,0.12847025136438464,7.2549323559041845,0.20015749431928725,0.24208056393962465
76.95,0.7365933959996237,55.152444570764864,6.659913963879608,-0.7775469338626508,0.16991546445288097,9.675705670725938,0.40390107010041604,0.15040317747873927,7.153239674738358,0.1773184508081996,0.22671943441150075
77.0,0.7333673128550373,55.202334652065396,6.74504725073395,-0.7692915387752786,0.16248931027439004,9.653525750104741,0.4214760775573844,0.18437988735501074,7.058578387668307,0.1550244109839608,0.2109923103766592
77.05,0.7307200919587968,55.25222296177331,6.8340477659461225,-0.7568561408771212,0.15834828700182263,9.617335964869016,0.44116930631384615,0.21792131342477158,6.968366709526088,0.13190534401586138,0.19922268809840668
77.1,0.7286266531366695,55.30211504242722,6.926252847218269,-0.7413161639739578,0.1586191937552127,9.57077563451087,0.46288409444574236,0.23880413310142842,6.879615057334407,0.10604570838583262,0.19407431337511746
77.15,0.7270571165394006,55.35201705039482,7.020686032532057,-0.7239711492023645,0.16277133761573048,9.519777620639031,0.48622029094247293,0.24222144193144726,6.7886173468015505,0.07567852910613034,0.19405474600935024
77.2,0.7259884014712631,55.40193316963328,7.116059578760516,-0.7059152910184301,0.1693576140440871,9.471767945462148,0.5108617134245216,0.23182221875765224,6.6914832827926745,0.03975589183886307,0.19420614090406418
77.25,0.7254110360890312,55.45186462858529,7.210517951056992,-0.6878522774645048,0.17712860073147707,9.433020111110954,0.5365628473553988,0.21600867241501262,6.586085451269621,-0.0017331363810846978,0.18915067046504652
77.3,0.7253275683354646,55.50180940605916,7.301686839424107,-0.6699902595001892,0.1855832346290934,9.406673320953875,0.5630156510502361,0.20353603599903913,6.475118544329121,-0.04759577634837063,0.17682063190648667
77.35,0.7257454931624628,55.551762779692574,7.3870077343340235,-0.6520378836824303,0.19433797861934216,9.392922052534356,0.5898293998802252,0.20058393144852027,6.36693218377035,-0.09563714527695048,0.16118157205248393
77.4,0.7266641636695307,55.60171955118155,7.464067961521607,-0.6334841303147243,0.20239162895117746,9.390048121109208,0.6163915120491053,0.20965716190459155,6.270754913144343,-0.1433798546779112,0.1482024994281185
77.45,0.7280616142666093,55.65167655861059,7.530983840973136,-0.6139748076594799,0.2082462063977599,9.394508650988131,0.6416038396716369,0.22871263055052124,6.192321095106981,-0.18877136500664377,0.1399825196612375
77.5,0.729896172226472,55.70163385553421,7.58684293493404,-0.5935081833913131,0.21090351080600808,9.400547671420949,0.663768731480376,0.25114465966400523,6.132254875112806,-0.23062561466354442,0.13370223327789751
77.55,0.7321268877499602,55.75159322084859,7.6321360235261215,-0.5722350801711741,0.2113193976131148,9.401816494901734,0.6810482137185007,0.26979273975609475,6.086181586388083,-0.26862581758821685,0.1254461387483204
77.6,0.7347303843619634,55.80155484481002,7.668811816824994,-0.5499929314510704,0.212598034701643,9.394045389857123,0.6922896506968487,0.28205583726932343,6.048213570054431,-0.3027638040166253,0.1150432714439469
77.65,0.7376935921792901,55.85151594958586,7.699559662012057,-0.5261578764013702,0.21793967072676687,9.375401038081046,0.6973648840691755,0.2898056690729558,6.014533166875172,-0.3329152458843705,0.10687913262947739
77.7,0.7409955498170975,55.90147199569562,7.7267377847681304,-0.4999403842300927,0.22864488760558518,9.34494239353673,0.6969030474897203,0.29573840406417096,5.985157218869156,-0.3589010547672291,0.1082788300724292
77.75,0.7445903345585035,55.95141876129091,7.751721895127761,-0.47080027634344424,0.24345559598650443,9.301866730554014,0.6918916934570727,0.30103662247782825,5.963215604497022,-0.38076338417002736,0.12499489908146603
77.8,0.7483977912916827,56.00135394461942,7.774955935448249,-0.4387065515732837,0.25879817403734995,9.246324006399105,0.6834262776687271,0.30539467270929593,5.951660739390164,-0.3990606041993787,0.1558295617080064
77.85,0.7523117607792047,56.05127691624754,7.796608589806618,-0.40408456976332585,0.27077533524695024,9.181477270061276,0.6727934753649777,0.3094387154439579,5.95057091038922,-0.41489478200171326,0.19165041681925613
77.9,0.756220398121856,56.10118807882099,7.817350420696002,-0.36768138265054007,0.2778069081246159,9.113423058024836,0.6614245276954246,0.3158351419932388,5.95666789449062,-0.4297599546694256,0.21889885518144817
77.95,0.7600258785121774,56.1510893386063,7.838697178554582,-0.33052523652003946,0.28114068326251895,9.047347851708482,0.650370202690637,0.32574549305265416,5.965238048595981,-0.44543277881966553,0.22677254963913676
78.0,0.7636567071156855,56.20098372708734,7.862177746484522,-0.2937595518559449,0.28256989750084005,8.985419146352843,0.640049001873373,0.3368094675971794,5.973225967844471,-0.4636520249437113,0.21339891978033662
78.05,0.7670702562946256,56.25087346104622,7.888274911669011,-0.25827888038818814,0.28156453523986563,8.928094030381672,0.6305668401334189,0.34521030122545004,5.980942400407953,-0.48559697961377013,0.18667731257711373
78.1,0.7702480352204992,56.300757982500286,7.917358013763949,-0.22431314662503002,0.27519601618370904,8.875907073629808,0.6221695784310282,0.3481884272699351,5.991063703019684,-0.5115059309652168,0.16023893693395264
78.15,0.773188042549456,56.350633572576236,7.952428173932532,-0.1912387103788252,0.262272555526284,8.82970720002889,0.6153452524483227,0.34520675975344256,6.005916362162332,-0.5406506384335473,0.14604468389427988
78.2,0.775898029758295,56.40049552796384,8.000259287686164,-0.1579104074143373,0.24717256119063338,8.789507845253153,0.6103790126100759,0.3373071345236845,6.0255988630462225,-0.5717570042220398,0.14850102368712537
78.25,0.7783859048898145,56.45034179531546,8.068151145504059,-0.12341628945147767,0.2361591308324172,8.754057336582502,0.606771550593597,0.32563977839994446,6.048317357243056,-0.6036547396380103,0.16413913597443308
78.3,0.7806531558213332,56.50017459893271,8.160196939728714,-0.08755558297853581,0.23101867759975017,8.722022746685292,0.6031685061022367,0.31138147361461704,6.072169303288009,-0.635597282374803,0.18542896884765017
78.35,0.7827013115588687,56.549998972631776,8.276988801089985,-0.05068614261620035,0.22887033385910874,8.692572744075452,0.5977527438275703,0.2962442539460234,6.096604559962467,-0.6670850550761804,0.20496279157151961
78.4,0.7845432450725965,56.599820256705335,8.41731509086058,-0.013284457894761667,0.22582752521454239,8.664165566991343,0.5886500194630324,0.28181497974829967,6.12255993957146,-0.6975383835731235,0.21806209569836263
78.45,0.7862096102134075,56.64964241716702,8.579659332675424,0.024380189232490006,0.21980821502904405,8.632566693138367,0.5741701030058508,0.2678849932455783,6.151752711667438,-0.7261248025608642,0.2236964794939069
78.5,0.7877503097514674,56.699467276991825,8.762156290041686,0.06235612030904261,0.2107261755187679,8.590694310967976,0.5530722253231122,0.2529043391533736,6.186106319522035,-0.751719977632851,0.22357492278922805
78.55,0.7892318388339957,56.74929514158835,8.958316350038585,0.10052560726258186,0.19715474275859968,8.531239426589268,0.5247859628383651,0.23730344338290335,6.227556228469538,-0.7730575653861332,0.21982276768673426
78.6,0.7907349487833999,56.79912533470789,9.15431868414174,0.1381814012200303,0.1760974665834526,8.449594602975393,0.4895970302464964,0.22530803833112448,6.277843397331788,-0.7889145193296042,0.21340683193969817
78.65,0.7923488018797751,56.848954716811406,9.335741127621084,0.17477869246065045,0.14901290470292183,8.345317244641969,0.44895196277220645,0.2228128906920995,6.337883819823773,-0.7980842087116473,0.20443740230778354
78.7,0.7941537874024197,56.898778445337584,9.493610064288564,0.21042688993264042,0.12321745439593319,8.22161921646666,0.4052166485134932,0.23292193248810142,6.407200046615613,-0.7996589186679517,0.19287586742385648
78.75,0.7962032748121142,56.9485936311364,9.62444681303439,0.24545515286189518,0.1072110261115882,8.08381374976488,0.3608512611786966,0.25302128388261774,6.48432023860026,-0.7936125266766975,0.17903027213877862
78.8,0.7985141750723926,56.99840214829409,9.728579932679352,0.27991780716547615,0.10558743248322566,7.9379170120910585,0.3176722666864782,0.27539013244672356,6.567517620812414,-0.7811672032843202,0.16415577122461453
78.85,0.8010709425184991,57.048210868421975,9.808207581674962,0.3133891461847916,0.11680256046640966,7.7895478483895415,0.2765292325266558,0.2906272674493928,6.655508319706378,-0.7646850467746886,0.1508999982542036
78.9,0.8038430380205553,57.098029341237705,9.866508647886274,0.3451279002421677,0.13594264386842436,7.64318528780274,0.2374519304863192,0.29187168072071534,6.748114847426092,-0.7470627557346258,0.1427721948244112
78.95,0.8067990280163378,57.14786628920742,9.90754500819853,0.37450514623978554,0.15854908911949886,7.502123945129504,0.20012372116816932,0.27736184768977734,6.845655094636453,-0.7309618638705828,0.14197398105493145
79.0,0.8099089010917669,57.19772680341825,9.935114393461056,0.4013458488803602,0.18101483996422058,7.36899744020404,0.16434699638105607,0.2509989505698506,6.947820989987962,-0.7182144655895827,0.14756972178041922
79.05,0.8131431201499143,57.247611231434725,9.95134868055002,0.42597184945908645,0.2000732896171792,7.246191255427348,0.13026258219583997,0.22143765517404113,7.05289171238515,-0.7095655942927747,0.15517817962071212
79.1,0.8164727717640721,57.297515833476375,9.95662605836512,0.449056485908261,0.21346842766788976,7.135173230912743,0.09826588795649448,0.19864591937557796,7.157584739001704,-0.7047780447659832,0.15904855965569506
79.15,0.8198696673827124,57.3474343225374,9.950580749581299,0.4714683431083303,0.22091987805094082,7.035352039483475,0.06877765092137382,0.18899708330667592,7.258752603749451,-0.7028637677775862,0.15658023355680134
79.2,0.8233017489030999,57.39735973073536,9.933243907120827,0.49406362228888306,0.22458903938121913,6.943852247329353,0.04200512626785388,0.19254095265276608,7.35486190783382,-0.7023416666199388,0.14974261496682661
79.25,0.826725566561513,57.44728658901206,9.905369500082351,0.5173709345241362,0.2277154779736932,6.856448053502811,0.017693992097316966,0.20375472836373534,7.44581646293581,-0.7016101968767671,0.1427639966012138
79.3,0.8300852567187862,57.49721268907153,9.868253386198583,0.541344629326074,0.23226672134306842,6.769755887111514,-0.005024345689693501,0.215430697868092,7.5321891402512895,-0.6993359755257166,0.13957883798377035
79.35,0.8333196722729024,57.547139303465585,9.824163005098757,0.5654145121898294,0.23847382238993944,6.683149920192138,-0.027528222907846386,0.22242573164603638,7.6143283810048095,-0.6946704689187814,0.14255136807414043
79.4,0.8363699206974866,57.597069554735775,9.777103299391925,0.5888180860114495,0.2462093599548099,6.59860555155147,-0.05133699383889018,0.2225948255986062,7.69190613107081,-0.6871865811265239,0.15289750079097472
79.45,0.8391812373602558,57.647006491612345,9.732341622763085,0.6108657736536934,0.2553867113381088,6.51895443364637,-0.07775519182480733,0.2162528219904809,7.7640110433355325,-0.6766786915256359,0.17099053682244175
79.5,0.8417001875949947,57.696952160258334,9.694471956275382,0.6309339330655623,0.2650695732489886,6.446363599225942,-0.10768904928018018,0.20508995224519355,7.829088602766894,-0.6630347551215918,0.19534976331794493
79.55,0.843873850764658,57.74690699279166,9.665400379215814,0.64839594785317,0.2730888993055735,6.382031823400894,-0.14149679755542183,0.19128429050122844,7.885322629426653,-0.6461179923863605,0.22232370905550894
79.6,0.8456562197114886,57.79686903795092,9.643872803770565,0.6627173110021588,0.2772703256585145,6.326285392708844,-0.17885156687154485,0.17743957499460117,7.93179862517321,-0.6256080909047238,0.24773345196252888
79.65,0.8470175656338921,57.8468338043942,9.626755708496784,0.6736209451735176,0.278032233216929,6.278376290758817,-0.21875035648439922,0.16631677921676644,7.969256448630696,-0.600961849975618,0.2687860033734006
79.7,0.8479431629256313,57.89679526561018,9.610145475634805,0.6810824023235175,0.27927767660933245,6.236718523123587,-0.25971937217017005,0.15962735425386923,7.999343751892363,-0.5716386851778602,0.2844092800657459
79.75,0.8484206120574669,57.94674756690435,9.589632908020072,0.685197697720603,0.28559736273999464,6.199766702155621,-0.30016187082080087,0.1574340490373698,8.023069450761206,-0.5374888696338104,0.29442404928086197
79.8,0.8484295105800267,57.99668632928752,9.561037048003161,0.6861493492348242,0.2991846641452473,6.167345777478171,-0.3386659096436615,0.15893412103227608,8.040254327480918,-0.49898453018542926,0.29906169770379903
79.85,0.8479403867498402,58.04660925448273,9.521854704168351,0.6842516767932643,0.31930505737210085,6.141176713933958,-0.37420555069581746,0.1629334209495889,8.050447504521756,-0.4571741220668397,0.29919552038775193
79.9,0.8469169429860228,58.09651623231169,9.472586953835798,0.6800068331459518,0.34224136600243765,6.123247873107054,-0.40629930852361684,0.1676552182469431,8.054109228490457,-0.41348934470584553,0.29653902197304355
79.95,0.8453185171802016,58.146408895067154,9.416777679651757,0.6741108982052741,0.361463796123762,6.114128923545813,-0.435050296596739,0.17117533243520158,8.052704861973526,-0.36953216623084256,0.29286176893181376
80.0,0.8431103512258192,58.19629004867262,9.35897728696333,0.6672415036837572,0.37031326751666954,6.113235178692916,-0.46102150731426067,0.17243256247100716,8.047867024772518,-0.32690960280161235,0.28866663998373115
80.05,0.8402802393505202,58.246162892592835,9.302893890866322,0.6598885281106933,0.36549616699437726,6.1202639802603604,-0.4849815693214186,0.17232204516582075,8.041037431339147,-0.2870318473459663,0.28328773190927153
80.1,0.8368471233227155,58.296029997240396,9.251081972331738,0.6524026630004728,0.3483776721031275,6.136267404965516,-0.5076214880674864,0.17336460099717108,8.033817057892236,-0.2508662323637237,0.2764060180945233
80.15,0.8328562849821222,58.34589266123599,9.205366502401468,0.6450854577236441,0.32424176389320625,6.163350555856606,-0.5293956394999182,0.17778784751179066,8.028083525321223,-0.2187778806859042,0.2685289442604958
80.2,0.8283650865924137,58.39575092053213,9.1667524276127,0.6381552736362824,0.29992167181073937,6.202982332183087,-0.5505564531501307,0.18590920540622946,8.026123346560102,-0.19048527811253863,0.2596908854314818
80.25,0.8234327353695865,58.44560372721179,9.134797351640636,0.6316468145956304,0.28084871535395495,6.254315648650554,-0.5712417409438945,0.19577414160036904,8.03200213035661,-0.1650271989283891,0.2502285862949542
80.3,0.8181220121982609,58.495449560446154,9.107704777552796,0.6253460957006863,0.26932395570295115,6.313827681042681,-0.5915691544920375,0.20423230499884606,8.052049550154024,-0.1408933811089014,0.24285410702980093
80.35,0.8125013941085101,58.545287860357355,9.08319249631349,0.6187269446039237,0.26467819932806114,6.376354374604379,-0.6117852921741397,0.20889820322937833,8.092102356321645,-0.11649261033998806,0.24021667294978039
80.4,0.8066427312114218,58.59511973770434,9.05946656741842,0.6110118990964414,0.2650096435317331,6.436787088680185,-0.6322579639310563,0.20954545908857217,8.155267025562107,-0.09051063199328807,0.24083999007775092
80.45,0.8006216147654338,58.644947241823346,9.03564731614931,0.6013664659508349,0.2688861618992118,6.491733353991573,-0.653240240338595,0.2080876873145639,8.242979711760604,-0.06189453643460614,0.23982388194736382
80.5,0.7945206015346183,58.69477281171982,9.011191927391106,0.5889723787438366,0.27511870137390004,6.540484751905416,-0.6747053456695412,0.2075497586320774,8.356327048352842,-0.029871227237080748,0.23285614880748998
80.55,0.7884307858588574,58.74459980157516,8.984178461224623,0.5728654223191914,0.2809178138065245,6.585006441721817,-0.6964092307718301,0.2109055731341941,8.495577623496327,0.00584941450400547,0.21859643993422134
80.6,0.7824521915493794,58.79443265341299,8.950226564073152,0.5519128277023537,0.28186941681350636,6.629341319235552,-0.717947415556021,0.2201440170355888,8.659274295819744,0.044982032292999144,0.19825346167031968
80.65,0.7766947000259142,58.844276527812205,8.903812517612494,0.5250915846708207,0.27477276226546854,6.678159272887003,-0.7387917262092277,0.23508374266755688,8.841192239210763,0.08644469807505648,0.17289524668686324
80.7,0.7712811760125073,58.894135720616696,8.840465888349895,0.49196270445376183,0.2602244918656965,6.735041779528576,-0.7582152394036358,0.25270197088866764,9.028664116279103,0.12842640217778417,0.14345010329858882
80.75,0.7663461000801286,58.944010286692944,8.757431243519395,0.4531886202142686,0.24280605496314114,6.801687006378393,-0.7749766934628707,0.2680166465782149,9.20848259741806,0.1694982831141437,0.1147581176136166
80.8,0.7620183231008271,58.9938953569498,8.652886662406416,0.41049957593366326,0.2285871404569317,6.877522214714959,-0.7874058524057066,0.27548766558908416,9.372027291666733,0.20933728319314798,0.09453243635442547
80.85,0.7583998107068193,59.04378420349103,8.525940369390973,0.3661482382731577,0.2218478163144175,6.960206790547413,-0.7939881147166894,0.2713236614956078,9.514195299011945,0.24829657091423316,0.08758520019938004
80.9,0.755559526617998,59.09367172251603,8.377588248374257,0.32229574558220303,0.2241343895867603,7.047111333755073,-0.7939327090643573,0.2565331949727023,9.630830059668504,0.2866528889470222,0.09298787045965654
80.95,0.7535372039688935,59.14355651413908,8.211110890711149,0.28052653910993286,0.234881471162721,7.136271979313673,-0.7874752484964418,0.23730116177140848,9.71819100590898,0.3241285304235886,0.10634927896083896
81.0,0.752343721797789,59.193441099254244,8.031243531785188,0.2416330498131443,0.25084400799512563,7.226610976662035,-0.7758249174170286,0.22198068508256932,9.774651288285181,0.35988226932397466,0.12450813143786577
81.05,0.7519565346537304,59.243330253408075,7.843054185926687,0.20575505625397242,0.26547921271185243,7.317364175385702,-0.7607920647910309,0.21675880988073404,9.803137751904828,0.3929526024750392,0.14883376382039756
81.1,0.7523163403564764,59.29322862431294,7.652155091247776,0.1727355094169951,0.2717817004682397,7.407487876056326,-0.744295869642046,0.22293865287597936,9.81112522423991,0.4227902989267866,0.18276708757691756
81.15,0.7533321538197252,59.34313942574243,7.465397998239671,0.1423367913524961,0.2670478972878299,7.4960390310268075,-0.7279917711258223,0.2372479087475888,9.807195438825682,0.4493591572146823,0.22567686349385577
81.2,0.7548947140302802,59.393064551399156,7.28936575144993,0.11413144617880819,0.2539570587446001,7.582999454343036,-0.7131032063189794,0.25398284324249926,9.797747871223748,0.47283022295494515,0.27028276373529153
81.25,0.7568945854349338,59.44300486452488,7.127265474741434,0.0873447100408001,0.2372750459385267,7.669397101173609,-0.700377967700151,0.2679904525396703,9.78631051156596,0.49340024587747483,0.305300363480414
81.3,0.759244127960577,59.49295948820175,6.978357577609499,0.06105995873099996,0.22137243569475382,7.756420794890503,-0.6900007461392489,0.2768988148551735,9.774893249263258,0.5114974682934085,0.32140866551149966
81.35,0.7618937122770818,59.54292505759887,6.841139453533316,0.034629637903223494,0.21087755010264497,7.843894819518404,-0.6815417230228024,0.280677567866764,9.765227829349413,0.5279850011270059,0.31661073529398565
81.4,0.7648304633025376,59.592896763146044,6.716042327398522,0.007751015648306666,0.21077152587123077,7.928648776338254,-0.6742312386353131,0.2801926384824828,9.758762342550694,0.5439684958441663,0.2964747616045332
81.45,0.7680602233896237,59.64287015317887,6.604979213523272,-0.019748404292861958,0.2232369276662597,8.004543853782465,-0.6673370944112115,0.27755453937035207,9.755929311734397,0.560366665064062,0.27058149006000465
81.5,0.7715817113500625,59.69284208840078,6.508547760282862,-0.0481202524258662,0.24307021842418147,8.064797898019439,-0.6602612722189147,0.2766904943278669,9.755826337779027,0.5776201977797317,0.24872722904359057
81.55,0.7753692439481521,59.74281032361224,6.423900397235299,-0.07771821571095527,0.2576961981777612,8.1050866415556,-0.6523152102736345,0.28246351226737115,9.756615737017503,0.5957408639813621,0.23802315368941346
81.6,0.7793764035408611,59.79277201529352,6.347502520629875,-0.10871999864193513,0.2560120870801721,8.12526445906826,-0.6424115043575016,0.29877787884980056,9.756120088226268,0.6145911787759415,0.2415108201351938
81.65,0.7835435887094898,59.84272349919222,6.278282983052647,-0.14100491497119538,0.2360501668180069,8.128772826052385,-0.6291197437144951,0.32574422717592705,9.752258974412602,0.6339741345235592,0.258034982838896
81.7,0.7877997099023331,59.89266157721041,6.218511371915695,-0.17426979853111357,0.20538187178380443,8.121111221615912,-0.6110615859632335,0.3580829348621867,9.743441768212827,0.6534894818485343,0.28321796663900983
81.75,0.7920637272185205,59.942584989350195,6.1728721983245425,-0.20822203854100246,0.1761988558349248,8.108463520345905,-0.5873460270790576,0.38651562973670095,9.72908780078293,0.6723870405915316,0.3116998913975116
81.8,0.7962499604910955,59.99249574740199,6.144883319660629,-0.24289831268501078,0.15782459992961265,8.096475854845018,-0.5579458206597129,0.4013235632188686,9.709470215392633,0.6894190762495357,0.3393163692063919
81.85,0.8002770677004031,60.04239905695758,6.134250952934691,-0.27875042044953763,0.15184530659501427,8.089302492454435,-0.5238165233992095,0.3966813785894835,9.684590971579253,0.7028481434774033,0.36354513515345577
81.9,0.8040797072654247,60.092301171107174,6.136667905272562,-0.31631749894717864,0.15206721490789202,8.089090712236228,-0.48659323859433373,0.37331984653377603,9.653777489771583,0.710890553960333,0.38303451515572134
81.95,0.8076241158551821,60.14220621955122,6.146105471316071,-0.35569068069304133,0.15013351357778032,8.096212902496227,-0.44794925477689523,0.3375830913014807,9.616659448364652,0.7124815131966737,0.39756644487201126
82.0,0.8109104368900595,60.192113728311575,6.15843786726066,-0.3960746918397076,0.14210101386761673,8.10979726369536,-0.4089891956897717,0.29804619587974585,9.574275978476944,0.7078891715025438,0.40659349690105545
82.05,0.8139567943627831,60.24201897277458,6.173700751261201,-0.43584530882866807,0.13079659241009753,8.127970585062005,-0.37014331624319163,0.2618288446198087,9.528032721822944,0.6985360229761166,0.4060803625838297
82.1,0.8167869704080867,60.291915482311715,6.196081874082366,-0.47300314676562427,0.12397565763070821,8.148448441562877,-0.33142581091663437,0.23220335612787624,9.477432458564381,0.6862164732749834,0.3894393595339542
82.15,0.8194296979230862,60.34179743347099,6.231257168938533,-0.5056868275492881,0.1285752703887585,8.169765164368897,-0.2927111103024796,0.20951269197033726,9.420833959704872,0.6726080097773803,0.3537076405408582
82.2,0.8219210645163553,60.391661873511126,6.282614069812643,-0.532756985167725,0.1452581789305116,8.192332584189884,-0.2540622910552171,0.1943924638151001,9.358054419572687,0.6590623157874782,0.30372678690770166
82.25,0.824299952845209,60.441510077890825,6.349012778530207,-0.5542131784302136,0.1672620328701463,8.217884073964932,-0.21600591697203841,0.1885541563160198,9.292700611574476,0.6465800115151962,0.2518931571849905
82.3,0.8265939856944378,60.49134780381576,6.425314815833329,-0.5712573822517685,0.1839430472589893,8.24797744578975,-0.17960043512492516,0.1921749791720458,9.230609427002367,0.6355922877404312,0.2126461338509867
82.35,0.828813596166885,60.541184063799996,6.505127724250653,-0.5859546931568073,0.18751349495169836,8.28426190587401,-0.14610595705389726,0.20289823305374396,9.175116226367566,0.6256243005759852,0.19464628146401686
82.4,0.8309591150469217,60.591027497243815,6.583600517251187,-0.600420458542868,0.17741423636851666,8.329519245236327,-0.11628699652370655,0.217633441621051,9.126683905939,0.6157477846004374,0.1983872223443094
82.45,0.8330277602984555,60.64088283441653,6.658499834306108,-0.6160387364437582,0.16004096123150716,8.386917420322716,-0.08993454410644323,0.233403513522427,9.085216340454034,0.6052681001883051,0.21903767863763413
82.5,0.8350123988486094,60.690750141790815,6.7300738237844175,-0.6331824135686892,0.1455814632406697,8.458826115724117,-0.06587222014660098,0.24658538721895212,9.050318229052094,0.5938496316414719,0.2486285682553529
82.55,0.8368967581359329,60.74062633395487,6.80031240463827,-0.6513585496732097,0.14292624811683807,8.546264910981721,-0.04233768666648051,0.2525063150677443,9.021408512005724,0.5813880512687006,0.2777823743819609
82.6,0.8386592074071015,60.79050770821979,6.871212529156243,-0.6696371531434183,0.15473698381518083,8.648542926313958,-0.017593791300160925,0.24716894566461858,8.998133777141513,0.5677834158994951,0.29842873007360865
82.65,0.8402889585330128,60.84039232289115,6.943204743553433,-0.6871817288287799,0.1763688016167342,8.763991995934479,0.009629774358232326,0.23052189621123648,8.979486595280985,0.5526012772706171,0.3060062018642904
82.7,0.8418008261149873,60.89028147665541,7.015197414506408,-0.7036191176981383,0.19872988892081794,8.890717110965952,0.03991498707252573,0.20719624222683194,8.96254054773039,0.5348370887953205,0.3000587267872204
82.75,0.8432446924698522,60.940179833401125,7.085966273407635,-0.7190887969072476,0.2134177720169025,9.025348323823748,0.07297948256165047,0.1838003948930203,8.941673218085366,0.5129391336279164,0.2842529878967095
82.8,0.8447050472849199,60.990093127724975,7.155174581206014,-0.7338935386946486,0.2173734432242344,9.16179099234918,0.1078670974670817,0.1662210742658792,8.908903542688698,0.4853256439666557,0.2654961923473313
82.85,0.8462785395984235,61.04002385049056,7.222992965836127,-0.7478605730226857,0.21329713115999427,9.293182813706407,0.14378939633779106,0.15865555603139816,8.85647755387702,0.45138295716546906,0.25109435062601027
82.9,0.8480415917703382,61.08996864830328,7.289339892683734,-0.7599779936885505,0.20676695679282597,9.41390877267333,0.18075359617766493,0.16241020926889543,8.77961144295319,0.4120722431401709,0.24604310143665273
82.95,0.8500264477051791,61.1399196783817,7.353623655774019,-0.7686828840609002,0.20330908606094936,9.519208776163833,0.21932436195759644,0.17463278518289663,8.677255051379166,0.36964748655553065,0.2515034399389168
83.0,0.8522160338845688,61.18986863554451,7.414818969972445,-0.7725756611704924,0.20647537581688585,9.60473782520048,0.2598839816542559,0.1899358975856081,8.551245886721455,0.3267871957360976,0.26442114715871784
83.05,0.8545534385264131,61.239810232294545,7.473394489889761,-0.7708861165887446,0.21698979317815112,9.667497136985913,0.30210450707196024,0.20413191046286774,8.40525423347223,0.28575062369497023,0.27924193956092214
83.1,0.8569571768545474,61.28974393639875,7.5331166804298935,-0.7636179202817882,0.23287395828433488,9.707208978332268,0.34485622788949466,0.21666244768634624,8.24406276312089,0.24784872644760558,0.29092980345629965
83.15,0.8593352249900111,61.33967440792424,7.598719161624093,-0.7517317475794945,0.250171539827482,9.72676129439302,0.3863649596582939,0.23007374390001992,8.072882725166469,0.2132319364990007,0.29648871431297064
83.2,0.8615924187403113,61.38961018135915,7.673410892169687,-0.7370399223005677,0.2643251432272033,9.73082376980922,0.4245277126638374,0.2466299816163524,7.896629715193005,0.18103500304776446,0.2950915147932301
83.25,0.8636380841618196,61.43956085480375,7.7576294461273,-0.7217931809174775,0.27186260504113663,9.724019217839873,0.4573513438920326,0.26552905753120226,7.71916997773014,0.14982529305941403,0.28779314117592164
83.3,0.8653967687363643,61.489533199668564,7.847799566331929,-0.7081288430455218,0.2722774846199171,9.710081434206732,0.4835518621359882,0.2832480530052741,7.542728555674192,0.11828698926957394,0.27656929897524773
83.35,0.8668126663341693,61.539526848718744,7.937866600172998,-0.6971888561163627,0.2691512832590184,9.692111885030386,0.5032533377092863,0.2960644480210148,7.368353696172637,0.08602646753889254,0.26311502446956214
83.4,0.8678456454945647,61.58953258307887,8.021730058111894,-0.6885061888859337,0.26757332158053543,9.673147220390478,0.5182486771188457,0.30266279918011485,7.198510666659013,0.05402564415953232,0.24992366763110635
83.45,0.8684657686029277,61.63953572128312,8.093463237493546,-0.6804307325912116,0.2701489880063854,9.655900053970605,0.5313277096378338,0.30486505408927234,7.039081108918888,0.024175641114082453,0.24234059149301646
83.5,0.8686424554028702,61.689522889559086,8.147960787087795,-0.6711955612601571,0.27642491089235177,9.642175720317798,0.5450371674487272,0.3060401972253824,6.896885044753384,-0.0019451406092220313,0.24507738454011022
83.55,0.8683317950603602,61.73948738936539,8.18307851634197,-0.6597278153466886,0.2849902002584537,9.632628516964687,0.5607124135798487,0.3089312827831399,6.7762860821625335,-0.02407592722312998,0.2567299752819091
83.6,0.8674774967155533,61.789430532624216,8.200523681898767,-0.6458925907414117,0.29507090007570586,9.626989237819876,0.5782319468904911,0.3147367375282548,6.677933180382077,-0.043537743690021204,0.26968704840804886
83.65,0.8660259042094834,61.8393591624514,8.205371059584298,-0.6301941970683349,0.3075483488410196,9.624713881692225,0.5964693406484617,0.32328862784128976,6.599540059292105,-0.0627676893291664,0.27488032158260545
83.7,0.8639404997681435,61.88928133050519,8.204692146210597,-0.6132023136708388,0.3243079012886398,9.625313931272002,0.6140161593238519,0.33340623297923677,6.538845229765455,-0.08437264361161914,0.2675773215172631
83.75,0.861206178832791,61.93920310537183,8.205002275393928,-0.5952141218477768,0.3456036708576207,9.628211962054888,0.6297031553414013,0.3430824941909159,6.494752734222455,-0.1103672803809239,0.24896441797819982
83.8,0.8578257274111922,61.989126898745596,8.209858470148925,-0.5761911668599797,0.36830791543120006,9.632926653358266,0.6429425570969735,0.3502852681303121,6.4661536595824005,-0.14175862116119514,0.22285834448737138
83.85,0.8538183570519511,62.03905064191626,8.21886151019262,-0.5557557682305078,0.38639609561672345,9.639151234241666,0.6538868048570967,0.3542570534543414,6.451285651414299,-0.17835628326870825,0.19302658609800433
83.9,0.8492269268611418,62.088968398747895,8.22904070075749,-0.5332159643404053,0.39415111331902103,9.6457989871282,0.6631919278308589,0.35581185603178356,6.447854965543141,-0.21891537350598209,0.1635873187272131
83.95,0.8441231861446967,62.138872426921736,8.237789100926834,-0.5077015973905242,0.3902994223817883,9.650525355428021,0.6715807945468037,0.3570381289232865,6.453278341166681,-0.2615393933323147,0.13872035325441195
84.0,0.8386008212952079,62.18875593388267,8.244189842668789,-0.4785276350111078,0.37885078518399,9.650923480053958,0.6795161351696826,0.3611387604161836,6.464500147736878,-0.3042155173032343,0.1210121712932607
84.05,0.8327584339824553,62.23861572694892,8.248332282462668,-0.44561111238111833,0.36524769765046766,9.645669419704967,0.6869644612547735,0.3711439147117046,6.47805397515365,-0.34536933429463657,0.1112557971653771
84.1,0.8266776065778343,62.288453502384165,8.2505424027799,-0.4096160314827506,0.3514022976285472,9.63489741268608,0.6933375171178481,0.386319326523963,6.4912624918240365,-0.384182678769456,0.10964702838532336
84.15,0.8204130850931913,62.33827529252147,8.251659944664079,-0.37177185756410375,0.33447816205938985,9.618842499416989,0.6975296714631236,0.39886682695235387,6.503994045816566,-0.4205622872691778,0.11727569758391224
84.2,0.814008960145497,62.388088900042625,8.254028576025744,-0.33337418384878087,0.30971745243481436,9.596451100755635,0.6981739943861724,0.3976698006288326,6.519333122384857,-0.454765946135489,0.1363218952875422
84.25,0.8075250102338615,62.43790041503468,8.261831712617166,-0.29523705162976527,0.2752356820271718,9.56746304819063,0.6943505827047758,0.3770571604558553,6.541595842066426,-0.4868928377808728,0.16657865671434097
84.3,0.8010502489661532,62.4877129972321,8.280442725436833,-0.2575954146372071,0.2354351007717711,9.533450759570405,0.6859496931738956,0.33968842405976235,6.573579382157803,-0.5167197528988654,0.20197953043212835
84.35,0.7947006799363583,62.53752844155952,8.314307210359617,-0.22051561270005102,0.19907861677003358,9.495134815242045,0.6733279351278497,0.29326022173261135,6.615563348323519,-0.5439709914277391,0.2316368469626534
84.4,0.7886099277080116,62.58734878562404,8.364684685298458,-0.18426353538592183,0.17347854861499107,9.449975685564212,0.6568550406288813,0.2472602941587312,6.666160258701948,-0.5685850161572015,0.24488593658151633
84.45,0.7829179921143627,62.637175850398755,8.42994322523622,-0.14913272451650122,0.1608697990045829,9.39330620714805,0.6369511105792026,0.21040282166529,6.724358111020421,-0.5906165361829883,0.23718247118706895
84.5,0.7777611059830624,62.687009784877674,8.507463777859098,-0.1150568193630983,0.15897372155064268,9.32163713005297,0.6144645111697734,0.18910171837443956,6.790709533172276,-0.6099823630912685,0.21237906091822742
84.55,0.7732595654684522,62.736848691787465,8.59500040521096,-0.08154175686830739,0.16363727414768445,9.235250414500646,0.5908277855775208,0.18675291087253984,6.8663178545797425,-0.6264182219827416,0.1800022313828931
84.6,0.7695017319477853,62.78669059133207,8.690821384652342,-0.048096036045471025,0.17151088728894018,9.137440844130351,0.5676217343874755,0.20096962741421043,6.950599809065764,-0.639818799582818,0.14984670055886593
84.65,0.7665378717272623,62.83653643018179,8.79249276945153,-0.014829304565412604,0.179895165319775,9.031910893905653,0.5458163711994242,0.22341194945840115,7.040152239697065,-0.6506951130982362,0.12776104863234727
84.7,0.7643919567908467,62.886390708409735,8.896173506062,0.017492246191657856,0.18508585055999077,8.922545497675962,0.5254927150191699,0.24564614758039457,7.129855590261236,-0.6601887936671867,0.11510349462912746
84.75,0.7630804486890997,62.93625857279823,8.998211077685722,0.04810156356971503,0.18432815121439683,8.815055143996542,0.5063277994878599,0.26454748920369203,7.215202812238941,-0.6695074466592853,0.11075914284156888
84.8,0.762620993330602,62.986143157412634,9.096794585831121,0.07678602924157503,0.17859960349132437,8.716481848035789,0.4880404609841233,0.2813491037217656,7.293714661329927,-0.6794415400307888,0.11338529755143083
84.85,0.763031876856466,63.03604527558335,9.192882374963084,0.10398668801729061,0.17390217807850317,8.632452605511475,0.47033610145348326,0.29747996690178996,7.364539520480511,-0.690292837172225,0.1222014335805711
84.9,0.7643221396965173,63.08596435692329,9.289302348473017,0.13058141532146078,0.17887165482643536,8.5650491775896,0.45268389033933093,0.3120059377204839,7.42767925395269,-0.701975624939143,0.13626134756198158
84.95,0.7664759263156015,63.13589945661965,9.387727304574154,0.15749388066160364,0.19815296006893673,8.51251329522363,0.4342448462176873,0.3218466419395932,7.484065223953637,-0.7141101972493581,0.15395556311709174
85.0,0.7694483638894744,63.18584926621402,9.486599286185003,0.18544625068939227,0.2279814438915209,8.47043555205911,0.4140542544113285,0.3244971645113179,7.535686319777595,-0.7260384675221206,0.17351164414223494
85.05,0.7731753190512134,63.23581187372944,9.580572345807893,0.21483453339808703,0.2571108493878268,8.433045792985956,0.3912461064004151,0.3203111213720808,7.584808231338056,-0.7369082805567361,0.19334041702848181
85.1,0.7775924071379168,63.28578475180442,9.662940215293665,0.2457762598478692,0.2743437682118329,8.393324680512155,0.36514979729007585,0.3118480232149385,7.633061631924084,-0.7457973705437778,0.21174952011527387
85.15,0.7826477938934279,63.33576468356372,9.729694346727614,0.27835708040879337,0.27641470178239425,8.342828231981994,0.33536363355871,0.3011548956987872,7.681419702059946,-0.751780818661087,0.22688463301862016
85.2,0.7883008819278432,63.38574833373553,9.780409184942513,0.3126797732728466,0.26797934764052017,8.273109715182564,0.3018190949191586,0.2886602757453325,7.730514910355503,-0.7540837568752451,0.2373499191156463
85.25,0.7945153004112697,63.43573307390821,9.816042458843164,0.3486495641955266,0.25632600657239557,8.178542130682182,0.264821762680871,0.2751776959289136,7.780668882978475,-0.7522551990755437,0.2430272560641183
85.3,0.8012495124858398,63.48571726192947,9.837108532652875,0.38580054026146393,0.2472561066610805,8.058511229247374,0.2250636712171885,0.2639423725462895,7.831844729220061,-0.7462287252002162,0.24509247541280382
85.35,0.8084465281673959,63.535700050826584,9.843770297327266,0.4233317691424146,0.2440890732507675,7.917496766235108,0.18356377314966837,0.26010135498235804,7.883614881100221,-0.7362845508650843,0.24529347477274627
85.4,0.8160226924733144,63.58568113201988,9.836755727048482,0.460221721640893,0.24871855979676247,7.762730804156926,0.14151833502822794,0.2663673715412536,7.9352518414144555,-0.7229847093328272,0.2454541291664644
85.45,0.823858791082533,63.63566039628035,9.817756570909927,0.49534953809897164,0.2624455449038689,7.601987741207164,0.10017535362460499,0.2790383914098142,7.986051603667042,-0.707081414492371,0.24728173954398866
85.5,0.8318037628826597,63.685637615994814,9.78859324103131,0.527573426204443,0.28476026991097836,7.443869157522294,0.06077061762449485,0.2909358062295539,8.035399906436654,-0.6894031338232776,0.2515986292142541
85.55,0.8396912611734377,63.735612594825305,9.749801228402774,0.5557126085536492,0.31195799870268254,7.298276613863058,0.02435952401210664,0.2973448599891761,8.082251440582903,-0.6708131357832415,0.25734264403103935
85.6,0.8473579147801432,63.78558519727203,9.700873522122015,0.5787150926957508,0.3380838537170199,7.1743004463626,-0.00842147459323037,0.2970204805839403,8.125294428163132,-0.6521160348993772,0.2623934136966923
85.65,0.8546601415512015,63.83555426604261,9.64278178488432,0.5961671474641119,0.3587009170735403,7.077732159273225,-0.03737577265356247,0.29008391794888755,8.164009444016354,-0.6337784915635725,0.26605234458498417
85.7,0.861484373223447,63.88551691102035,9.580368541052785,0.608678812941049,0.37425187890759093,7.009412840142005,-0.06272111045356607,0.27609578558637793,8.198915228215887,-0.6157888835930572,0.2701869296261357
85.75,0.8677440645989214,63.93546995055113,9.521405512452834,0.6176116784282015,0.38798405691354243,6.965332192380176,-0.08519990934302826,0.25354656929445035,8.23062683924981,-0.597928560775742,0.27778042280352766
85.8,0.8733731230185425,63.98541185005447,9.473040074866924,0.6243714140819662,0.4013057875320357,6.93998447539117,-0.1060541236846206,0.22289563700596415,8.25858773804986,-0.5801489342561164,0.29012699528826624
85.85,0.8783225244084415,64.03534333221334,9.439052244591847,0.6298628922317774,0.41185391909856855,6.928980324853153,-0.12685069127245888,0.18851582960803687,8.281196869570776,-0.5626622947523988,0.3056294176108525
85.9,0.8825622117342019,64.0852663222166,9.419511805147229,0.634459950770827,0.41481396911319174,6.92856453337103,-0.1492241455738393,0.15745937782462294,8.296987109993061,-0.5457162349711682,0.3211824009646401
85.95,0.8860846473741522,64.13518150046575,9.412235009916325,0.6384350353696937,0.4066229086216267,6.934363506105213,-0.17446400704172374,0.1372751637085836,8.305416168240074,-0.5291827058802588,0.3339819200198181
86.0,0.8888998474901119,64.1850866434159,9.414013371536306,0.6422886264172706,0.38777508741491323,6.94184465882525,-0.203123393622121,0.133037722162995,8.307329880379893,-0.512252116300544,0.3416738040868752
86.05,0.8910275321561737,64.23497730390918,9.421081873345027,0.6466778202791571,0.3625330558144356,6.947800517956699,-0.23496247493412545,0.14541797165142556,8.304699143012021,-0.493562396986367,0.34212497993615865
86.1,0.89249150501254,64.28484840078772,9.429761684314364,0.6522053369923283,0.33718177140787076,6.9516854772604475,-0.26915432317892307,0.17147061921209636,8.299966428957285,-0.4716087281223736,0.3344375136375712
86.15,0.893311622688328,64.33469629245464,9.436855570451561,0.6591009750208491,0.31769536686995226,6.955803704722958,-0.30467899642373936,0.20573956002625665,8.296272392252456,-0.44517545400864694,0.3193214187728682
86.2,0.8934994854477462,64.3845209830204,9.44010735677883,0.6669429083123127,0.3074200887814431,6.963704307137117,-0.34079528767306927,0.24065038314053624,8.297831637993756,-0.413740566642203,0.2989983860419998
86.25,0.8930641227976999,64.43432695667336,9.439316711038568,0.674693037182487,0.30680048825680517,6.978150553238757,-0.3773060959295021,0.26759799840538095,8.309133939966332,-0.37771167018793306,0.2769979795654099
86.3,0.892022750723501,64.48412238822164,9.436045713955355,0.6808528245767167,0.31445225413644295,6.999757245297014,-0.41452835844640884,0.2790544886452841,8.333835170472165,-0.3383373995030422,0.25672642183133954
86.35,0.8904110800031009,64.53391702645922,9.431596940984011,0.6836810455255806,0.32707429333571825,7.027414291663172,-0.45293830039870775,0.271645654435645,8.373891452650406,-0.297347394738405,0.2400532589337313
86.4,0.8882870498972661,64.58371904616666,9.425435295714808,0.681621649914761,0.3392449744008308,7.0605513761711,-0.4925315213392953,0.2478622904869308,8.429116525907041,-0.2564193779158042,0.22671645047212546
86.45,0.8857312494746112,64.63353248397296,9.414224583635903,0.6736811242037698,0.34489513403496885,7.100430835143608,-0.5323526403388427,0.2145782924120458,8.497541200276224,-0.21669963178579593,0.21486388226283995
86.5,0.8828503909858968,64.68335625066757,9.393053272922565,0.6597456311011283,0.34081719103160035,7.148720660164709,-0.5705147707281194,0.1799680582814768,8.576025234259857,-0.17857651871713046,0.2028684742404597
86.55,0.8797721729204645,64.73318504869151,9.358413206082334,0.6407546080587434,0.3285384184797406,7.205385904359703,-0.6046192294461605,0.15041209716378648,8.660659269730946,-0.14177655609792095,0.19071115124340554
86.6,0.8766281138682955,64.78301204003748,9.30856992644547,0.6183406223564373,0.3119324911673002,7.267921049555702,-0.6324028729590839,0.1290758785469929,8.747494092240261,-0.105715118323697,0.18011025799978053
86.65,0.873535151001174,64.83283173019281,9.242303712385025,0.594245104242942,0.2939052300939423,7.3323098758008705,-0.6523268059766842,0.11660050642774288,8.833114533695742,-0.06993632122103809,0.17392110237055364
86.7,0.8705834236070806,64.882642293841,9.15932709095848,0.56988799615964,0.2758082874651716,7.394956029757307,-0.6639673807905798,0.11225146405520663,8.914916609667706,-0.034449997290552495,0.17434344433034155
86.75,0.8678297436780756,64.93244656615862,9.061530417231943,0.5461477182627532,0.2583556574556495,7.454179141692797,-0.6681240567459905,0.11438827542486152,8.992610933133394,0.00032794353018447404,0.18112410032574738
86.8,0.8653005983313493,64.9822510426576,8.953947641947787,0.523429057190984,0.24326174496912203,7.510332635817022,-0.6665935531688831,0.12055471445180331,9.069033591742919,0.03385607596199494,0.19176133311527907
86.85,0.8630026532197389,65.03206426630936,8.844903500027135,0.5018222123561485,0.23405708038426642,7.564788842307419,-0.6618132142873074,0.12786487801463106,9.14812632445018,0.06554741511209017,0.20265238162104654
86.9,0.8609311824156799,65.08189533423749,8.74389291637641,0.48116171863448515,0.23316556231830518,7.619078490430213,-0.6564862358081797,0.1343989512275129,9.23310279424582,0.09485081703413376,0.21032249218434307
86.95,0.8590803328360171,65.13175242152465,8.658413576144278,0.4610511916333476,0.23897414379185272,7.674314087803768,-0.6531963614008028,0.14026148306589967,9.324949635913873,0.1213484471075765,0.2127966138945031
87.0,0.8574544262153426,65.18164094848721,8.59239646182194,0.44101713131864745,0.2469814577488934,7.730487086229474,-0.6539482623251449,0.14639458443217512,9.421117622910238,0.1448458987916698,0.21091824605509335
87.05,0.8560710099126139,65.23156139933327,8.545862075291812,0.420732712226859,0.2535018204417719,7.786117328883219,-0.659676811926427,0.1527721850148754,9.516980451669584,0.16576523149137248,0.20827667984145992
87.1,0.8549556885523141,65.28150889571653,8.514937488160127,0.4000617466710754,0.2579914904236921,7.838337857617642,-0.6700860631910812,0.15778716094857767,9.607764525361278,0.18538162286508633,0.20879714717536207
87.15,0.8541341516660927,65.33147465307697,8.492591971473983,0.3790200158592889,0.26183451818658426,7.883925810758292,-0.6838170274004823,0.1597753948053469,9.68952254072966,0.2056278273267187,0.21476975480792884
87.2,0.853624524624093,65.38144787293244,8.469315552853955,0.3576523591546562,0.266219832653073,7.92063134663757,-0.6987770205532787,0.15943679859324522,9.760536666099703,0.22882228769215887,0.22692734228832712
87.25,0.8534282994050931,65.43141832885617,8.434674497530695,0.33581177549115243,0.27122110329371524,7.9484203015860135,-0.7126299817258412,0.16052180654949272,9.821589749814034,0.2571675986574464,0.24463592811755713
87.3,0.8535230918431135,65.48137980816212,8.380504185067188,0.3129431402699679,0.276528858015971,7.970132134117361,-0.7234184109930022,0.16792297838373055,9.873885005333758,0.291859508290834,0.26508268444667865
87.35,0.8538614242151082,65.53133271246273,8.303244080328263,0.28792972199771627,0.28322365470030175,7.989556978012038,-0.7301730935535191,0.18398981221501395,9.916523115975346,0.33229404807538065,0.2826939244368081
87.4,0.8543756754314298,65.58128304595246,8.203913132378716,0.25933626658795755,0.29348656256791283,8.009553641047171,-0.732963946789787,0.20666595241945884,9.946502710773721,0.376177474479246,0.29151784672197184
87.45,0.8549868985768023,65.63123820603259,8.086119072920315,0.2260297046159987,0.3073540034788004,8.032234685298176,-0.7323003642525054,0.23100428678520282,9.961274386528812,0.42055502398141137,0.2894130377353816
87.5,0.855614188187824,65.68120264718878,7.953899970584739,0.18776436507587602,0.319706095607986,8.059699119602964,-0.7284353334134296,0.25185217028931234,9.960856315536299,0.4629171625683721,0.2806286149462484
87.55,0.8561838580727588,65.73117550490846,7.811629082406152,0.1454885835128892,0.32203477750918086,8.094150329935946,-0.721035937663769,0.26618642680566296,9.947779569805727,0.5018034672454589,0.27434434969609367
87.6,0.8566367948671879,65.7811514050342,7.665810829966717,0.10116421419741795,0.30962124552905074,8.137269802824216,-0.709394482306608,0.27416429259851494,9.924808427077568,0.536673470166988,0.27833044119290007
87.65,0.8569312359790292,65.83112406560711,7.525918040539954,0.057084168840545964,0.2871862505824892,8.188869495141232,-0.6930780988149499,0.27787477796981064,9.892919218523295,0.567290466341295,0.29322942772767346
87.7,0.8570354776914407,65.88108997490605,7.4011675915084405,0.015010618385820946,0.2646745699940901,8.245427595981761,-0.6725849523715904,0.279433749711988,9.852050565215904,0.5932592751088085,0.313146340223629
87.75,0.8569187600095034,65.93104896701954,7.296861655760398,-0.024207516971078924,0.24880638593570423,8.30063076838766,-0.6493460017409257,0.2807269060592382,9.803747677301347,0.6141543908958739,0.33114863951519524
87.8,0.8565472642155357,65.98100217568836,7.213525313469787,-0.06041628118365615,0.23916945351730723,8.347577097214655,-0.6250980878791347,0.28285766327653605,9.752808938660081,0.6299579464337156,0.3440371517947442
87.85,0.8558859040205374,66.03095017965907,7.1482596535586795,-0.09378094520259972,0.22999503908745608,8.380694349498743,-0.6012604855240494,0.2851533636721646,9.705907232593972,0.6412502494141336,0.35199762750240693
87.9,0.854910075761135,66.0808920858896,7.098033351571589,-0.12446797858792266,0.216181198266487,8.39712264586722,-0.5785752220203174,0.2861464882095228,9.668672169853556,0.6491186854105453,0.3552911787950275
87.95,0.853617717769341,66.1308257662848,7.061779760742051,-0.15258381596731632,0.19751848379579787,8.3969064763783,-0.5570776450926839,0.2848001222556295,9.644046855220783,0.6549001710009646,0.35290351687016636
88.0,0.8520349878684232,66.18074896272648,7.039913425245433,-0.17835135608487093,0.17865273585807082,8.38222030213949,-0.5363280614973454,0.2810865667923879,9.632648311259754,0.6598581011088095,0.3441645943526483
88.05,0.850213211196284,66.23066050317426,7.032565046276802,-0.20232534810188488,0.16594742245723967,8.356903773516642,-0.5156889139745571,0.2764495534219655,9.633744810538841,0.6648663357044238,0.33119841266499994
88.1,0.8482126472845569,66.28056144197905,7.038434796945028,-0.22551984112195186,0.1630777052827348,8.32612978561998,-0.49456697519911463,0.27254162100221724,9.64533460599041,0.6701161428742207,0.31910401368724534
88.15,0.8460816859622176,66.33045555904835,7.055444621141957,-0.2493535191079267,0.1695432225921511,8.295799651191741,-0.4725779592131751,0.2690311397816419,9.663044897499695,0.6749763306716767,0.31194728903900526
88.2,0.8438485359648756,66.38034774748506,7.081999569568029,-0.275265106514178,0.1822050877039122,8.271906983145195,-0.4494327396897463,0.26365847520520513,9.680186681570666,0.678364977835852,0.3092789598481715
88.25,0.8415335448136219,66.43024074181069,7.117011206561341,-0.30412608222387205,0.19673940157104017,8.260155191283642,-0.42459507414598324,0.2549211360937768,9.690507926771193,0.6795843273914152,0.3085864879327239
88.3,0.8391671959964871,66.48013371509661,7.1589253762529,-0.3360050530841159,0.20863477006480483,8.265098094344326,-0.39727243286364256,0.2443608855967387,9.690050582932315,0.678715104634803,0.3087142120356585
88.35,0.8367939445171059,66.53002399575489,7.204568870150084,-0.37042709300914595,0.21313770244636596,8.28871948564187,-0.3668472460325074,0.23536572551896634,9.676610410845228,0.6762603992266638,0.31016830547642804
88.4,0.8344657422323633,66.57990935028042,7.248748994102308,-0.4067116205511446,0.20546819965346153,8.329848708960169,-0.3332317056382221,0.2300543198868319,9.64878544208824,0.6726637718410686,0.3138880792762221
88.45,0.8322405191876502,66.62978849461298,7.286557100096046,-0.44400836261774906,0.18443636815656445,8.385273444669302,-0.2968135824907251,0.22807553709189962,9.605585563959565,0.66817402362206,0.3201077154619697
88.5,0.8301812421238375,66.67966036434531,7.317098169463894,-0.48108821282367026,0.15507424349829485,8.451605884496548,-0.25817870861401215,0.22764208918378065,9.546724147328465,0.6629515716021218,0.3283642934800039
88.55,0.8283504415397414,66.72952396444303,7.344990395474843,-0.5163046800632736,0.12693553437975288,8.526569347926282,-0.21793263500368393,0.22690340754029026,9.473229873459461,0.6570992626249528,0.33833462368028144
88.6,0.8268020172782286,66.77937979910119,7.377611740911778,-0.548052539558072,0.10953800714916315,8.608844314625868,-0.17684082380367608,0.22462578206405226,9.38709850433865,0.6504135118070554,0.34962336258180243
88.65,0.8255699116631164,66.8292315168292,7.420150177109977,-0.5754067130739313,0.10641190358776927,8.696813489951829,-0.13609419143117893,0.22003607250924484,9.28999351499394,0.6420959508140219,0.3607434558975247
88.7,0.8246646720502487,66.8790850976933,7.4731308653545785,-0.5982885287359512,0.11327532868139666,8.78812800786048,-0.09715228201565872,0.21271752320245205,9.18251315171456,0.6309159852049823,0.36891222027972964
88.75,0.8240853367867257,66.92894510312226,7.53392949501236,-0.6169754129114642,0.12262381681665328,8.880561330797233,-0.06108605547628422,0.20356613218683314,9.065867839697923,0.6160377064278361,0.37161348901395036
88.8,0.823834421544512,66.9788114641081,7.599849770386149,-0.631536149192557,0.1299083508662683,8.972614497067962,-0.028026423885337343,0.19515568029447372,8.944706861654886,0.5978336289979941,0.3685609469696171
88.85,0.8239236418363525,67.02868031789211,7.669597872408606,-0.6418377314152347,0.1356126568913545,9.064447426516345,0.0028335377188559692,0.19149109770352116,8.826645206516728,0.5777049066670167,0.3613070285639083
88.9,0.8243679097407309,67.07854793952119,7.742395932055691,-0.6480675233527561,0.14251016329383753,9.158195033479299,0.032680812486079236,0.19680600960323105,8.719579250869888,0.5571598154875784,0.3518016094855411
88.95,0.8251722008050177,67.12841475743801,7.817040198332151,-0.6512525029613274,0.15208851214146596,9.25582398551147,0.06223652089431939,0.21215257018964073,8.629379409230431,0.5368864626276764,0.3413341457800733
89.0,0.8263257591743898,67.17828620449394,7.891692575227514,-0.6532509051749629,0.16284562764092744,9.357854718787022,0.09144024863476194,0.23406784725445162,8.558568332022416,0.5164206753454353,0.33013047322208944
89.05,0.8278108605398488,67.2281699082311,7.963895105965846,-0.6561715240653067,0.17075683700334135,9.463486318603014,0.11984866276186933,0.2566155159996135,8.506630466126806,0.49459942039179766,0.3180037287693334
89.1,0.8296189835345601,67.27807153002995,8.030835673726555,-0.6616178333266474,0.17185355393151602,9.570804711869737,0.14726902621527363,0.27447675594014753,8.470912999297694,0.47034771916959206,0.3049524723687083
89.15,0.8317629747518663,67.32799163109314,8.089779405120513,-0.6701456418265018,0.16526634220288616,9.677618888292177,0.17425875463268262,0.2854448551734563,8.447025330081438,0.44328410638657456,0.29111888357046195
89.2,0.8342769514511418,67.37792549142044,8.139569630335574,-0.6811436265901278,0.15522097508642071,9.781088045373371,0.20204075644410333,0.289382602126955,8.429116834603487,0.4138327053031508,0.2768478229970073
89.25,0.8372040541523944,67.4278658389109,8.181365583515925,-0.693196785687392,0.14947877949355864,9.876638970571667,0.23187371988505848,0.2857644661657327,8.410752515718135,0.3828840287350087,0.26281731946393
89.3,0.8405816585237657,67.47780563421186,8.216970696684063,-0.7046210538311759,0.15393621627559967,9.959630197175152,0.26465214989649444,0.2752452534985834,8.386241431398432,0.35141584205988363,0.2505946994622679
89.35,0.8444283273742034,67.52773982512277,8.2476942863893,-0.7138874802087543,0.16891007424026666,10.027884662450065,0.30081283621197585,0.2618395877762299,8.351903984959662,0.3202488446888447,0.24286188489903585
89.4,0.848732947104699,67.57766708999746,8.274617415196275,-0.7200067454810717,0.18972182821813255,10.081883452906132,0.3401002160654607,0.25136730913986693,8.306431822463772,0.2897660123822439,0.24200058664161295
89.45,0.8534514898848644,67.6275909587202,8.29897679950937,-0.7228028490638277,0.2099438722140623,10.123239532862376,0.3813192231462077,0.2479635046497505,8.249943257780206,0.2596417559553012,0.24830677125233966
89.5,0.8585134444575284,67.67751892986807,8.32242303143738,-0.7228181671051233,0.22458496835544942,10.153087645148672,0.4224279620004053,0.25178496679687895,8.182630771212954,0.22886010671449258,0.259439766056645
89.55,0.8638363427430938,67.7274592329083,8.347494932553426,-0.7207805362598162,0.23250399396056082,10.171486033365667,0.4610914322098095,0.25953221441086427,8.104210680602076,0.19619701116300117,0.27126177038547367
89.6,0.8693406733847674,67.77741653204104,8.377241526272119,-0.7169817087253706,0.23714331454902646,10.178038475375079,0.4955000683762614,0.26729799709745183,8.014568477813519,0.16098730735955474,0.2796496765167154
89.65,0.8749530794971809,67.82738952207129,8.413219911404644,-0.7110591984397422,0.2434838891622698,10.17291088004823,0.524954114442036,0.27298964261812103,7.914803139436458,0.12360119139335643,0.2821598062699229
89.7,0.8806015203459558,67.87737178268758,8.454635214109985,-0.7021738319156624,0.254295451154997,10.157086919414295,0.5498615029770425,0.27649395845599045,7.807909500463595,0.0853141563505561,0.2792519517194864
89.75,0.8862111954673482,67.9273550006444,8.498720475514768,-0.6894850582890117,0.268887871416095,10.132076552596,0.5712566867773818,0.2784853814490071,7.698229789054379,0.04769972071686755,0.27423004409816726
89.8,0.8917015418568112,67.97733267059546,8.54139535562791,-0.6726734720695144,0.2841157187540283,10.099379529214616,0.5901235027587566,0.2795528490539957,7.589427387706701,0.011904129605765687,0.27031386647357425
89.85,0.8969862273503794,68.02730215956167,8.578814598266339,-0.6521044148143483,0.2961814660169582,10.060124178771844,0.6069258808671547,0.280288051089261,7.483639895331775,-0.021706707916828986,0.2676239383829154
89.9,0.9019789149981091,68.07726425611874,8.608645199430278,-0.6286092937831032,0.3016655030832483,10.015052194263001,0.6215864368858187,0.28132449664612086,7.383400711768195,-0.053354389852480415,0.2646988711260327
89.95,0.9066018505251736,68.12722137720235,8.630118314465946,-0.6031762834625378,0.29846562553833406,9.96484367023577,0.6338021252416042,0.28275887200780453,7.292950270812218,-0.08351219397569623,0.26180175829936264
90.0,0.9107884533418892,68.17717588272035,8.643528458956991,-0.5767256240639861,0.2869420865955599,9.911451966167718,0.6435253613857999,0.2842803804644012,7.216264275964971,-0.11275296371584287,0.2597992230188468
90.05,0.9144834464331005,68.22712875835083,8.649368125684267,-0.5499540235511344,0.2699276151334593,9.859691757351003,0.6513891171223368,0.286633571363147,7.155237171985737,-0.1416212329336266,0.25801065690410596
90.1,0.9176442197904335,68.27707973335438,8.647941191582877,-0.5233274038430831,0.2517793781702853,9.81623237341124,0.6585291871090236,0.29162713373849525,7.109369876448426,-0.17067134262033304,0.2546646640500699
90.15,0.9202390084169803,68.3270285268502,8.640047331919854,-0.4971648422322347,0.23736120511154798,9.786088020281717,0.6658616261220113,0.2997413582169611,7.076241545453935,-0.20060458434192419,0.2485348967070383
90.2,0.9222427265261648,68.37697541566783,8.627370438526576,-0.4716781522993331,0.23046259982386846,9.770062990073468,0.6735613129693804,0.3089636017796791,7.052879901668181,-0.23213711474624654,0.23983939235171978
90.25,0.9236327431578092,68.42692064805253,8.61216393483354,-0.4469053222168181,0.23183521205413057,9.764964814135741,0.6811150973734449,0.31599971750846206,7.03650963888171,-0.26571176073077024,0.22962277274608342
90.3,0.9243891079112578,68.47686288885845,8.597229536474064,-0.4224708024776852,0.23885914113069676,9.76615192136214,0.6879203590827139,0.31840636263415556,7.024997714297422,-0.30117097436814094,0.21904481495520822
90.35,0.9245023677431748,68.52679808562269,8.586490766155723,-0.39741582682348314,0.24847667152861824,9.76989609132462,0.6938484226965025,0.3160287918537698,7.017998653534978,-0.3375572634195489,0.2094053428294968
90.4,0.923977830273103,68.57672084250228,8.58478606591102,-0.3705158162458887,0.2600408165911701,9.77307945535936,0.6990456118171109,0.31067872030861426,7.017389504223541,-0.3733699207379359,0.2013432083306931
90.45,0.9228283747454006,68.62662808581206,8.596074156419554,-0.34102307352700734,0.2735762211729923,9.770977131573124,0.7031494533678286,0.3040727481617397,7.026091976850101,-0.40726954021650186,0.19377042789789445
90.5,0.9210687761872778,68.67652127872331,8.621828481632237,-0.3091323869084378,0.28673378336195243,9.757330856618024,0.7050126438098643,0.2965763815643564,7.0460829579738276,-0.43862159764692527,0.18415300420743994
90.55,0.9187224395039854,68.72640468762312,8.661203372604215,-0.275691986220436,0.29485331268957715,9.726962220314967,0.7032814122969405,0.28887668479877476,7.077907714755328,-0.4673665271647517,0.1704451226724265
90.6,0.9158312716569086,68.77628202927994,8.71222586400022,-0.2415621169424037,0.2933367169820006,9.677384399824332,0.6970924447192169,0.2833758365360779,7.122178665450644,-0.4935205298226703,0.15357644541095705
90.65,0.9124577860055098,68.82615444715807,8.77267024744833,-0.20721192445623826,0.28029366753244,9.608975696998654,0.6863981778219496,0.2835461524680242,7.180734865365544,-0.5168381811195761,0.13785829753208276
90.7,0.908675231084926,68.87602108680441,8.839866461041854,-0.17282595290117458,0.25770646915863415,9.523867712518662,0.6717747577151723,0.2915570673370271,7.255141425913739,-0.5369729323441187,0.12788962499014916
90.75,0.9045530109541291,68.9258810998019,8.910339072254754,-0.13862764862961713,0.23077356005562785,9.424329568632212,0.653957792341916,0.306341591813465,7.343683589527535,-0.5538983802256845,0.12391794849367148
90.8,0.9001516833053184,68.97573426681447,8.980615182076804,-0.10486073516524969,0.20634109369132286,9.312597219636507,0.633685845910016,0.32452946898021684,7.440912855492569,-0.5679890040580398,0.1210849239732419
90.85,0.8955282192381749,69.02557970980948,9.047941658228764,-0.0715084155268428,0.1905898806523886,9.192399013149293,0.6119795057253634,0.34295248811830875,7.5407934702486585,-0.5797326708808478,0.11514813090828761
90.9,0.8907387623110817,69.07541525756893,9.110900652262611,-0.03813696961433264,0.18627260854017322,9.069909224311374,0.5902645526352491,0.3595342434710594,7.6405700206851845,-0.5895482198253958,0.10938206742777434
90.95,0.8858316919025875,69.1252388113885,9.172347018814158,-0.0038458247817213242,0.1928355412961349,8.952536354220692,0.5699742302034588,0.3723855013639506,7.740724066917426,-0.597924589892292,0.11333026324899763
91.0,0.8808369571720495,69.17505129646614,9.240027327222661,0.03228737052005848,0.20838650086837834,8.847157935139913,0.5518469741051278,0.37952920583405314,7.84091862954724,-0.6058270046897495,0.13345591789419212
91.05,0.8757628158696137,69.2248592028524,9.32153448796116,0.07029161365655365,0.2287084448368731,8.758739772065436,0.5353518861794773,0.3796894904737345,7.937650124913121,-0.614979419684213,0.1667557646008997
91.1,0.8706090852755249,69.27467274642478,9.421370571048175,0.10923481461514356,0.2475675206823995,8.689514671163128,0.5189118869898095,0.372927567630949,8.026481775398471,-0.627333968626585,0.20315259432038413
91.15,0.8653924797036396,69.3245009412927,9.540483582319396,0.14783747436757919,0.26047244411977327,8.63927706439426,0.5008097678761415,0.36002547641897825,8.10606964604619,-0.6440099089550835,0.23232407370382782
91.2,0.8601656157698417,69.37434798039138,9.675730703653018,0.18497046870084513,0.26748020603576744,8.605756647275712,0.4799329466453519,0.34086296589119697,8.178768591198523,-0.664681382656965,0.24845752520060035
91.25,0.8550201870309607,69.4242119793141,9.821635332856278,0.22019599535488912,0.27229684259335457,8.58507214258458,0.4560738824776196,0.3151526702194391,8.247019274838323,-0.6877019117000311,0.2507920672150099
91.3,0.850074205612161,69.47408655218386,9.970619343591302,0.2537533841072734,0.2768455212680814,8.573503989059537,0.42984808339198566,0.28551819350549973,8.310521729976415,-0.7106686968705587,0.24144059199833723
91.35,0.8454560303234704,69.52396435222586,10.111300576870336,0.2858931763814771,0.2771106565171576,8.568635715547858,0.40224769426901624,0.2579347043406319,8.36720430616112,-0.7310458262115843,0.22421472676965357
91.4,0.8413012549650658,69.57383935788015,10.231358279832694,0.31665804833660477,0.26874331126467443,8.568186585074846,0.3741469382266402,0.23901337416125532,8.415390110212487,-0.7465339748858822,0.20440957425975592
91.45,0.8377451486080397,69.62370751731518,10.322950096682897,0.34621139612211205,0.2538674880814249,8.568139548470851,0.34598422763678605,0.23245704424716188,8.455772260956325,-0.7552064822729895,0.18858433562101762
91.5,0.834902570549102,69.6735677185763,10.384977732043438,0.3749731686100913,0.2401024769659956,8.562620487051994,0.3175755305480771,0.23744570158469278,8.492278112853747,-0.7557613905292989,0.18381771988977877
91.55,0.8328466815090027,69.72342335558433,10.422044584653209,0.40335023977446577,0.23563821875043284,8.545605514269546,0.28801378451450527,0.2503734628285031,8.529617038437626,-0.7480339043890919,0.19369019395152612
91.6,0.8315948749297953,69.77328266914571,10.4412029021386,0.43132067986193534,0.2443035043243335,8.512688085042143,0.2558126477830946,0.2668891367970679,8.57094702968262,-0.7332379403751558,0.2152726704937069
91.65,0.8311136099675879,69.82315696724571,10.448168714766133,0.4581947313149798,0.26321024497664874,8.461840088614231,0.21935025826261798,0.2827867921808505,8.617071976183754,-0.7137054915003569,0.24042506629281174
91.7,0.8313426504414286,69.87305628143913,10.445442361625085,0.48297389731403817,0.2845995763677659,8.39334948903901,0.17762675564564898,0.29502740770026703,8.666265809066788,-0.6921369618400193,0.2600748777587951
91.75,0.8322225406548972,69.92298401198411,10.433011099304071,0.5052273305816345,0.30022792548706617,8.309501160601567,0.13108643884039492,0.3025217106412369,8.716070392902807,-0.6704982787459103,0.2692782038577875
91.8,0.8337117596903877,69.97293501810209,10.410544774128857,0.5256541029908931,0.30582486577718127,8.214143608140796,0.08182518620543301,0.3061253158712803,8.764892873670622,-0.6493932283616515,0.26861430016266846
91.85,0.835788719687575,70.02289853141076,10.379058585257386,0.5458506968444622,0.30283069006915997,8.111567176449812,0.032915313264477324,0.30816456643906887,8.81227135378901,-0.628327870081406,0.2626040316124399
91.9,0.8384370060175464,70.07286392771914,10.340277744031539,0.5673207159732635,0.29665974105987397,8.005018315280283,-0.012785428285527482,0.31096476887565705,8.858455970552745,-0.606584557440944,0.25674208228998974
91.95,0.841625553259849,70.12282673530845,10.295038584293161,0.5903632164284908,0.292640451675494,7.896560479175872,-0.05371359391657714,0.31495212828295865,8.90291645865383,-0.5842679556776349,0.25404690432174604
92.0,0.8452980099239217,70.17279073460178,10.243217183515279,0.6137937278802243,0.2929098646080131,7.787214130567205,-0.09000671626783566,0.317581145182339,8.942807065470372,-0.5627479349727973,0.25359511417108244
92.05,0.8493775110869584,70.22276394606803,10.185217598079035,0.6357532614072527,0.29708972329438577,7.676643841176789,-0.12295395925372783,0.3147026966879344,8.97291339932905,-0.5440050881999127,0.2514662686923717
92.1,0.8537832979798151,70.272751473542,10.12363700269289,0.6550224054808987,0.30475112042535485,7.564185598338679,-0.15377769770031063,0.30376418356425294,8.98771117046883,-0.5293228985647236,0.24434064573260242
92.15,0.858442734510731,70.32275111145665,10.063433833513615,0.671762583630499,0.3163063226663173,7.44991532394669,-0.18280475009046954,0.2855417578196439,8.9838037594253,-0.5184226610157392,0.2330437332358976
92.2,0.8632894846129407,70.37275481912866,10.009439833956195,0.6870182937723985,0.33099509856659876,7.335062335410065,-0.20960547607355318,0.26401104075105103,8.96092478083859,-0.5096303521263934,0.22275930966844093
92.25,0.8682518354176221,70.42275362333994,9.963982735336533,0.701694238421877,0.34451865016101957,7.2216543493890635,-0.2337223298836973,0.24441243319807576,8.921918635831489,-0.5006690721471686,0.22057271071067117
92.3,0.8732399153026755,70.47274182007611,9.92749817860817,0.7159869902023678,0.3501584891331295,7.11119496685486,-0.25534487655374094,0.22989236581428296,8.87197697752243,-0.489448064496312,0.23125491796969933
92.35,0.8781464227622632,70.52271827186671,9.900406055348604,0.7293715577946046,0.3428224702879766,7.005221421691032,-0.2754417059996863,0.22130680097827451,8.817453656926386,-0.4744920942062636,0.25376250604997946
92.4,0.8828605379824334,70.57268531813715,9.883771047395035,0.7408500052384482,0.32189906665496953,6.907715226530538,-0.295402123381237,0.21970403615798198,8.76528958232414,-0.454971206955117,0.28167985968241477
92.45,0.8872780481593786,70.62264695614545,9.878257024062647,0.7491758514696171,0.2910567319388142,6.825338158474935,-0.3165900166916953,0.2249840640628346,8.722798083957423,-0.4305789284168364,0.3074333343273572
92.5,0.8913128195646165,70.67260745410549,9.881085638688266,0.7527859937300225,0.25756913262363956,6.7652261690517115,-0.3400730027875971,0.23305773774770303,8.696625117126173,-0.40150977395953324,0.3265420283644698
92.55,0.8949094657024407,70.72257026476822,9.8839476550895,0.7499051291103314,0.23021555527681947,6.733423182400231,-0.3664609005118835,0.23748827405282574,8.691065415603173,-0.36844154828977366,0.33863121590693734
92.6,0.8980409788483654,70.77253572021012,9.876669834783199,0.7395529161947697,0.21524722893950535,6.7344106958473215,-0.3956065128798585,0.23370464790814713,8.707133926780632,-0.33218055096545385,0.3459606821609552
92.65,0.900697578036827,70.82249921805747,9.852101285563062,0.7224069576111004,0.21489795944957976,6.770370638798264,-0.42644309682393194,0.22102870898537574,8.742715996273141,-0.2932411040629078,0.35079940365891854
92.7,0.9028765445071096,70.87245244777532,9.807406897223412,0.7006018437880757,0.2279083671977501,6.840080270381399,-0.4573404483452955,0.20204145325883463,8.793194735200833,-0.25186362289362085,0.35299650434587915
92.75,0.9045751351007879,70.9223866215174,9.743431821720309,0.6769626886142303,0.2498512312276348,6.938312722900154,-0.4867188290454927,0.18003375031999283,8.852967448574649,-0.2083118222087013,0.35027002442665295
92.8,0.9057915155559036,70.97229553237322,9.663591641273026,0.654201859848574,0.2741439724755496,7.056945451316122,-0.5134957813991445,0.15680997536402932,8.917449364219033,-0.1631197490915795,0.3407074860338199
92.85,0.9065369261613009,71.02217716673073,9.572543314862024,0.6343024229509198,0.2947162827008432,7.187756217248906,-0.5372342233508,0.1337789811187627,8.984145424705963,-0.11719472889652773,0.3249601898680592
92.9,0.9068460901238864,71.07203383769642,9.475917818296823,0.618266113425584,0.30946732178256386,7.324857443772977,-0.5580709833950407,0.1136516334051356,9.052423047837255,-0.07179117092919099,0.3064024003367413
92.95,0.9067719318715944,71.12187199326782,9.380482948703106,0.6060623708600702,0.32095134732051867,7.46513986299589,-0.5766574712199917,0.09996325993966723,9.122292198702391,-0.02849420274681442,0.28881420692821336
93.0,0.9063679120324646,71.17170159654727,9.292572488286062,0.5965925927489054,0.3323100566906424,7.606927598943044,-0.594123052648457,0.0954025524497612,9.19377526100495,0.010928263135947386,0.273952300424577
93.05,0.9056784444407455,71.22153357764935,9.216038796686451,0.5879638917432839,0.34363230812820406,7.748173509289374,-0.6117643950910525,0.10044872779750297,9.267818360842874,0.045066199545917576,0.2620371826742884
93.1,0.9047426887080585,71.2713759634027,9.151640240543752,0.578179899481094,0.3518154389689428,7.885624145220886,-0.6304576544934448,0.11308148774689217,9.346468837674268,0.07349322420368103,0.25350963384624103
93.15,0.9036003718817374,71.32123120346986,9.09791426945747,0.5658505421371479,0.3527398801041466,8.015059276856109,-0.6501815717387756,0.12928754886113894,9.43109232921079,0.09700938088162088,0.24818240142164236
93.2,0.9023004162200585,71.37109550385905,9.052693754480638,0.5505896771034342,0.34439316041809587,8.132176929752116,-0.6698455560663288,0.14419203970610336,9.521807054776222,0.11759478024528812,0.24509039790745135
93.25,0.9009106148534656,71.42096040531267,9.014106483793773,0.5329107389490964,0.3283897246032716,8.234211560813145,-0.6874989935972188,0.15428431120987085,9.619032812944017,0.13812261220413125,0.24484936163392737
93.3,0.8995152132404755,71.47081677516813,8.980811279104431,0.5136282878534701,0.30924765598658843,8.321206843360413,-0.7009911163779525,0.15923568459411724,9.724008883585581,0.16157502590361872,0.2501772531601455
93.35,0.8981984096652263,71.52066026049833,8.95196965651083,0.49304289863503126,0.2919208351157146,8.39528865332831,-0.7089654791883175,0.16127933039884848,9.837388230085685,0.18987292860387356,0.2631916246206661
93.4,0.8970240331580803,71.57049545724657,8.926919467734997,0.470315611424053,0.27904163872594806,8.458596083167217,-0.711676628226909,0.16273079984837635,9.95721038291002,0.2229603129158235,0.28118069859891204
93.45,0.8960293135198255,71.62033521255489,8.904665640202554,0.4435672132470454,0.26998150064892706,8.51212434203328,-0.7109397592576744,0.16434070957914715,10.077286444367521,0.2587502774336621,0.2952854522631994
93.5,0.8952444300133349,71.670193962675,8.883700917948616,0.4109315890595755,0.2618188224240274,8.556304390689133,-0.7089935082665565,0.1656701800276971,10.18934714050126,0.29436856423635244,0.29732457701084614
93.55,0.8947155036652376,71.7200792826798,8.862217541794843,0.3718874511767987,0.25165356729206967,8.593460254240421,-0.7069270582024818,0.16757958921475352,10.287348416755105,0.3279950479159541,0.28690436496696803
93.6,0.8945073844557886,71.76998858164688,8.838154739257206,0.32772103005903425,0.23891544143231222,8.6292572169441,-0.7040071086414817,0.173890683426402,10.369055928796403,0.35972491555168074,0.27056868359941316
93.65,0.8946837639202505,71.8199133149884,8.808997566708586,0.28078023486806064,0.22559853226650695,8.669582306919088,-0.698563027927434,0.18769004115133212,10.434900302500084,0.3909203126362211,0.2564951065751073
93.7,0.8952837138990357,71.86984594565907,8.77170430847874,0.2333006075437049,0.2146227183275633,8.717708433717327,-0.6893544140233678,0.2077006225860638,10.486061354105322,0.4229020203424117,0.24991385530669843
93.75,0.8963138249052975,71.9197846053665,8.72307066757505,0.18661185482204526,0.2084753139919268,8.773684913667816,-0.6764558821532981,0.2288623732012486,10.52298226723748,0.45592798886693914,0.2513798908180248
93.8,0.8977567528682688,71.96973286807727,8.660560094260111,0.1411511328702429,0.20888875990125197,8.834489431449887,-0.6612874416227104,0.2456771940205972,10.545285455428573,0.4890737804168945,0.2585843317511365
93.85,0.8995812848922753,72.01969556956581,8.583236096370419,0.09711822943546926,0.21644307428236015,8.896072071319354,-0.6457314612416561,0.25606243176900534,10.552705938977459,0.5209506106129692,0.2692852543859912
93.9,0.9017426999521918,72.06967511458834,8.49270740438002,0.055073219696735724,0.23049468107333132,8.954974743750505,-0.63121557010838,0.2615044128870707,10.545607542201273,0.5504457770259719,0.28207294466082344
93.95,0.9041797099231601,72.11967022373462,8.393109901721012,0.016052157722121665,0.24995385972957604,9.008381494762459,-0.6183364463443164,0.2647242294028126,10.525004535516972,0.5770661158186985,0.295680421829086
94.0,0.9068130102270946,72.16967662333553,8.289376715313493,-0.018759974334394174,0.2728922927484673,9.054417276612462,-0.6068753694757438,0.2681290652426728,10.492374048899473,0.6008564975503077,0.3090958683759613
94.05,0.9095491297396985,72.21968921003631,8.185240906390476,-0.04860543074773357,0.29612908330120197,9.092215654195256,-0.5961372635515227,0.27309531841450807,10.449796140967551,0.6221055712490147,0.3222253468886134
94.1,0.9122846515080159,72.26970479399559,8.080844433980966,-0.07380788287695472,0.3145152445001635,9.120800483311385,-0.5855215184856328,0.2793127166194934,10.400416907988458,0.641048264702459,0.3356522507637727
94.15,0.9149107697725251,72.31972313649177,7.9723545158264,-0.09588382441082238,0.3214833251236614,9.13819099952895,-0.5748313902532566,0.28460373923616555,10.348020179675135,0.6576978592142129,0.3494441131492453
94.2,0.9173298228585641,72.36974469003718,7.8558493517922034,-0.11677608476008228,0.3145611536239965,9.142178386053196,-0.5639393410270034,0.2867929153432941,10.296147457847031,0.672088327708061,0.36249851237044917
94.25,0.9194671131080902,72.4197681215075,7.729806445401021,-0.13814008862092336,0.29842360688528047,9.131779466271452,-0.5523316640506335,0.2858371574877348,10.247533168852007,0.6845592480615067,0.37249163475826536
94.3,0.9212640572010998,72.46978992002575,7.594908237601404,-0.1611052826897544,0.2816195768163546,9.107963497419442,-0.5390041976469119,0.2836608106387193,10.203745473808501,0.695703948023324,0.37619166917256347
94.35,0.9226649969871201,72.51980553823536,7.453359406254787,-0.186274252708432,0.27010120627431783,9.073646714435478,-0.5226658858251912,0.28276793238345277,10.165278492109556,0.7061242054674362,0.37096360552295393
94.4,0.923612113741016,72.5698109286692,7.307780266664825,-0.21388471456085084,0.2631588771175919,9.033606599922585,-0.5020701586378888,0.2857118348831286,10.132100970487723,0.7162153071193965,0.35627579253747366
94.45,0.9240522118672623,72.61980312657337,7.16211501658546,-0.2438946553205593,0.2575201897781357,8.99451107051671,-0.47623281943901746,0.29496682241581984,10.103982857863098,0.7260846008096635,0.33403473223215097
94.5,0.9239419201989332,72.66978042040589,7.024839115053289,-0.27591416855894163,0.25350740426404833,8.964101271259802,-0.44463158311768125,0.3119741205862135,10.080219978694485,0.7354722031254771,0.30797113946376137
94.55,0.9232387914133223,72.71974355998704,6.908306832763774,-0.30936756682131483,0.25275756495502183,8.94908758743966,-0.4075932573915276,0.3355893597070389,10.059329055678988,0.7435646780822888,0.28248236864495646
94.6,0.9218964764751147,72.76969686280427,6.823756412041083,-0.34387748490141745,0.25315234963432504,8.952977840882156,-0.3665686645499481,0.3610127569105212,10.039002174630543,0.7489162410742843,0.26181014085586246
94.65,0.9198782118526487,72.81964642566251,6.778951570237641,-0.37919704661655657,0.25014286331977686,8.975631838673046,-0.3237592449715666,0.38153871083853036,10.016563183314924,0.7499325350115418,0.2492325876916605
94.7,0.9171749346701875,72.86959639380268,6.779283942217514,-0.41469724556268694,0.24119049634850126,9.0144281394157,-0.28129597584160176,0.3923273099802662,9.989889092611095,0.7456920753990508,0.24576204960682324
94.75,0.9138117360774656,72.91954701984041,6.828049028413599,-0.4491618048604957,0.22709986332603632,9.065483224032427,-0.24066771937887635,0.3916473957254192,9.957827266924921,0.736321965329392,0.24969602395390608
94.8,0.9098429307539599,72.96949561243095,6.925015095393365,-0.4811298291852541,0.2097607014400475,9.124155732680538,-0.20266967614760936,0.37923203978965103,9.919917640800511,0.7227810117226035,0.25743381127844717
94.85,0.90534619483027,73.01943854682303,7.064299214721022,-0.5094094812028136,0.18801591051859384,9.185574740403124,-0.16758710576479927,0.3559091276643059,9.875629760394974,0.7063741174717159,0.2651530286772231
94.9,0.9004258979115722,73.06937251478037,7.233532579579063,-0.5334142298176645,0.15726541681452474,9.245586799914797,-0.1352939149370609,0.32475607278852886,9.824025871422,0.6883837648743188,0.27074500432418636
94.95,0.8952230805082793,73.11929480182572,7.416922824744139,-0.5531649029043175,0.11574699332593957,9.301631910078907,-0.10526599061319941,0.29178941388044616,9.76435463916827,0.6699804092044376,0.2743727848418696
95.0,0.8899124991384054,73.16920390522975,7.59941448064198,-0.5691812551654675,0.06897845420584559,9.35279103201629,-0.0767514822887149,0.2647191917694502,9.696842957142739,0.6521030137142678,0.2780969760342344
95.05,0.8846756558840154,73.21910054114919,7.7683933265879705,-0.5824821894906681,0.02806397488033645,9.398499360349554,-0.049115832011438244,0.24908616269935643,9.623214329795347,0.6352528592114542,0.28475105012919694
95.1,0.8796632258486762,73.26898759899264,7.914463705711378,-0.5943943311711717,0.004592874336230239,9.437745174104656,-0.022003757089038088,0.24560534826009642,9.546192823920478,0.619425698407402,0.29547853465368457
95.15,0.8749730422971087,73.31886859114347,8.032418382534663,-0.6060700605585411,0.005279654032040864,9.47028911984631,0.004915125734795848,0.2517612338018912,9.468377806644654,0.6042535003501585,0.30874033139998663
95.2,0.8706484189600202,73.36874565761413,8.122012448008538,-0.6180142626649671,0.029480684436395455,9.498034708462752,0.03231538141927278,0.2646548557548717,9.391851921786213,0.5892917163379063,0.32177102338212654
95.25,0.8666871352219622,73.41861887920695,8.188547665248963,-0.6299316190167399,0.07113634400004601,9.52424286669815,0.06117426311995709,0.2813072806065287,9.318557951361507,0.5742086044277799,0.33229898832798177
95.3,0.8630589910615912,73.46848737360037,8.241854344177925,-0.6409790068229465,0.12203949560079308,9.552585099520714,0.09245202880191124,0.2989066013818643,9.25048259810629,0.5586894042484567,0.3392910258062949
95.35,0.8597232197062573,73.51835141702009,8.292846519467888,-0.650307755243395,0.17263230089612133,9.58747094846664,0.12682365856883016,0.3159534239487393,9.189445091973086,0.5421570529125371,0.34268328789245434
95.4,0.856642354144211,73.56821461818267,8.350141658854163,-0.6576697859133387,0.2129318399700139,9.633327471105314,0.16432177046449295,0.3315119770677911,9.136680813954394,0.5234981325492117,0.3426978738612839
95.45,0.8537991275117539,73.61808490396187,8.418331811837342,-0.6637710520134162,0.23546459688912627,9.692413854685418,0.2039434844661972,0.34363833266209887,9.092228677615365,0.5010063713149407,0.33884214415075786
95.5,0.8512110042508776,73.66797232105773,8.498317248072723,-0.6699011332407638,0.23785415266050408,9.763786265401666,0.2438455284905502,0.3492322896465311,9.054378343758161,0.4728383428768441,0.329447602899227
95.55,0.8489380248307189,73.71788392162257,8.589188283802663,-0.6769454216121692,0.2241000231695927,9.844138308963162,0.2822334444189608,0.3455727605606979,9.019702181239278,0.43792342503698145,0.3127989865774909
95.6,0.8470826764180326,73.76781944260999,8.689300775836115,-0.6846004943918891,0.20331074122267406,9.929826609770338,0.3183672429707741,0.33286435155898914,8.98429925678831,0.3967748189386987,0.2889253802093872
95.65,0.84577417536463,73.81777165458267,8.795569445842489,-0.6914924891205226,0.18529627727501757,10.01794325516382,0.35276540398957645,0.3144495146854445,8.945735443853016,0.3515334922748248,0.260721998118674
95.7,0.8451393186133453,73.86773108509422,8.903034254534873,-0.695983351469999,0.1761537066780412,10.105134771508407,0.38638941165942475,0.293635560784254,8.903604992029267,0.3051257883618192,0.23307117507990416
95.75,0.8452779514901222,73.91769077495636,9.006493905529037,-0.6968357881831141,0.1774817947733732,10.186634704537083,0.4197361955767283,0.271604202645521,8.858651171581863,0.26025507461378694,0.21025444612855876
95.8,0.8462573955774751,73.96764837093549,9.102241768804678,-0.6934933688604563,0.18803455841932196,10.257507546565769,0.4525600475843168,0.2491617471980774,8.811929260423923,0.21880266118441985,0.19464084651853683
95.85,0.8481192535537065,74.01760606618193,9.18805451946734,-0.686195220855567,0.2058759247506293,10.314176273702543,0.4840239044428787,0.22882211576204028,8.764298972201754,0.18157018909948866,0.18773692052597646
95.9,0.8508839900613965,74.06756935310631,9.261967217683164,-0.6759669275534661,0.2298275261973213,10.355196055559224,0.5129967019048487,0.2152994592594334,8.715545029583996,0.14821616243994887,0.191011350810279
95.95,0.8545430945556112,74.117544856574,9.321843486243399,-0.6642485072936933,0.25858865785325164,10.381623752769878,0.5384618556720272,0.21460582985226473,8.663327398955014,0.11748449242406363,0.20488890524562675
96.0,0.8590427998015241,74.16753799094121,9.3655691233465,-0.6523430656409183,0.2885860687026581,10.39610154870196,0.5598607688869535,0.23079575498281185,8.603685330139758,0.08776912292181412,0.22713574105423662
96.05,0.8642771767314755,74.21755001933151,9.391822272389796,-0.6408130287613877,0.3143214963167241,10.401360272547738,0.5774441383748414,0.2627866601326516,8.533464559740422,0.05792761015173786,0.253542341590911
96.1,0.8700998855779818,74.2675756742225,9.402479918806323,-0.6289034182073662,0.33197114926930993,10.39942115831692,0.5924901898358755,0.3042894963817563,8.45222883306957,0.027867782721749487,0.2805254054750702
96.15,0.8763440471293333,74.31760533827844,9.402991361300206,-0.6148617132618406,0.34157453916747316,10.39166050901387,0.6068973716655701,0.34554966613508087,8.361159669114393,-0.0018247548588328395,0.30587698241130334
96.2,0.8828383321609653,74.3676310106859,9.399209729846488,-0.5972176918340658,0.3457720713928092,10.380138790803063,0.6223588026993823,0.37654138673013027,8.258879180168877,-0.031019218072869077,0.325423224812533
96.25,0.8894238975240545,74.41765012245303,9.394338719715098,-0.5757571483776687,0.34696386058610973,10.368378507591276,0.6397351314289027,0.39177462666981117,8.13993765836237,-0.06063645230392687,0.3322045311500298
96.3,0.8959761436069335,74.46766449156931,9.388397784716076,-0.5514534848281362,0.34616068209384254,10.36033807418877,0.6589669971779577,0.3926987268466847,7.999426804645375,-0.09212546312465526,0.32322456251544907
96.35,0.9024101585458761,74.51767739733931,9.38011512603473,-0.5257501520387364,0.3440322497816538,10.358863986982444,0.6793443913216715,0.3850851687705895,7.836745775938298,-0.12671561578791937,0.30380548759805076
96.4,0.9086593167087387,74.56769075542252,9.368887643040912,-0.4997856501335034,0.34145408281883205,10.364715493527331,0.6999054647010157,0.374526701262496,7.657079242040299,-0.1647880880629053,0.2845083074491149
96.45,0.914647755578567,74.61770392431511,9.355227080328268,-0.4740424968248355,0.33915221416385033,10.376788426904978,0.7197367964658383,0.3641736101299331,7.470241386588472,-0.20560994015490536,0.2727420052225747
96.5,0.9202842797408822,74.66771471919475,9.340720951783593,-0.44845735165088296,0.3380964138456569,10.392793375831772,0.7380087327618613,0.35455118159001975,7.285922574472356,-0.24775321476090126,0.2669905497930232
96.55,0.9254782743530388,74.7177200415128,9.328107764292966,-0.4225331018839297,0.34001981510969476,10.409438977384513,0.7539930974971055,0.3441457417827162,7.112704976488191,-0.2894506879822907,0.2615846378502106
96.6,0.930154573569291,74.7677158284472,9.320554739589957,-0.39546791049408403,0.34663874347942386,10.423079477995604,0.767191568552736,0.33111815844421394,6.961396212298484,-0.32861765601290577,0.2543678248041471
96.65,0.9342520762174087,74.81769912642473,9.320193213209715,-0.36665475095874317,0.35717878929100777,10.4308329544081,0.7771792450302742,0.3155158983511156,6.844474625836166,-0.36332409143529026,0.24595278281298857
96.7,0.9377207124969089,74.86767101264806,9.327502127609327,-0.33617819605176025,0.366831056976755,10.431039248814455,0.7832270317041375,0.3000209270446993,6.77165876570487,-0.3926360593776765,0.2359901744014747
96.75,0.9405302177658617,74.9176367288778,9.34224541765865,-0.30476511486195135,0.3697092649382388,10.423059765162156,0.7842928283135245,0.28848026375783803,6.748073422334755,-0.41689906394625076,0.2236241348000702
96.8,0.9426789683304634,74.96760345175412,9.364422163704837,-0.2734098828541936,0.36326823617161685,10.406529463026954,0.7793744852655646,0.2832927860117458,6.775066615062453,-0.4373687914873522,0.2089553142928431
96.85,0.9441933212537085,75.01757766883917,9.393725891817658,-0.24305677505591108,0.34920974054082843,10.380781157920497,0.7679117568854592,0.28418058968719284,6.850407339094074,-0.45567100998344534,0.19260749429579369
96.9,0.945121850240799,75.0675632378756,9.428256763005729,-0.21437082391829948,0.33123832043833334,10.344280339103177,0.7499790384888729,0.28843394598288985,6.967850827116104,-0.47335764397448565,0.17475751552309682
96.95,0.9455298149062069,75.11756008323414,9.464396055952834,-0.1874428415826607,0.31308644052489826,10.293684218069249,0.726258179105389,0.2920950965077008,7.116833473437816,-0.4915499026950352,0.15391982508685245
97.0,0.9454967822443584,75.16756271188552,9.49788156158714,-0.16142734123490987,0.29792026050991366,10.224736742029654,0.6982692457512564,0.29257634062314103,7.283500465409509,-0.5105429645764537,0.12743192006602375
97.05,0.9451133883579144,75.21756052202609,9.524078231312643,-0.13463724557467863,0.28697121017178423,10.134586605292814,0.6685328439501234,0.29026814919286215,7.4537908261747114,-0.5296990248038358,0.09516419158948394
97.1,0.944473845630967,75.26754092328882,9.537843206683636,-0.10517375474522409,0.2784214553213599,10.023937996153645,0.6401949792955376,0.2892702185084578,7.616360407109028,-0.5478423817155832,0.06170771549918817
97.15,0.9436627751045621,75.31749379388411,9.53495327637995,-0.0716098830649944,0.2692573625139909,9.898222929343852,0.6162821065781486,0.29582481212097994,7.763637874594128,-0.5639588727243444,0.03492780147638233
97.2,0.9427330318372064,75.36741622031103,9.514742236253273,-0.03355034224775238,0.25780992207813164,9.76524048272286,0.5985590682123149,0.3125475295104743,7.89192529933102,-0.5779161584206487,0.022380754068454318
97.25,0.9416933166586604,75.41731407212558,9.483231957567515,0.008353170917711556,0.246785313170164,9.63133537507882,0.5867137432248327,0.33560394646690933,8.000830321963937,-0.5906510515467502,0.027142637353925244
97.3,0.9405132155982026,75.46719976131719,9.45184727219712,0.052617370571651154,0.24293099570369475,9.500633958199467,0.5785450582195476,0.3579084507587249,8.092388977844625,-0.603764267709917,0.04586521583027953
97.35,0.9391333773192885,75.51708855342926,9.430803414193651,0.09699573719798571,0.24963569704958638,9.376686832965879,0.5708344392201236,0.37349924117184813,8.171079992994182,-0.6188783594053219,0.07150099970458192
97.4,0.9374870430000263,75.56699311141311,9.426491469284592,0.13922049516060672,0.26415351234940826,9.263209012934183,0.5605421911268377,0.37957598546882537,8.244116258515819,-0.6367768514069687,0.09846502100518348
97.45,0.9355252552940568,75.61691869021935,9.443333880566078,0.1780589206249909,0.28226512490382377,9.163265228200375,0.5457645876633712,0.37618646202043887,8.319883455256202,-0.6567676293484054,0.12433229719026986
97.5,0.9332266400102,75.66686269697696,9.484020160740886,0.2135113257650376,0.3009337915273366,9.07812459389582,0.5259081478926594,0.36512917812579965,8.404694887942217,-0.6768771236550322,0.14773955610164666
97.55,0.930596130999835,75.71681810367814,9.548589799230157,0.24624292136953027,0.31745875611156954,9.006751058793554,0.5012227847991085,0.3487420197668294,8.500764034732025,-0.6946857126334556,0.1667592491196489
97.6,0.9276618442060173,75.7667775748851,9.63363753479002,0.27688748174606936,0.3278565065406617,8.94613513138216,0.47220552020175743,0.3292390427400487,8.60694041270661,-0.7080993698782878,0.17911183318863463
97.65,0.9244770654996237,75.81673566716042,9.73206014844902,0.3056840596391782,0.32708758037771474,8.89209747755986,0.4393117971249673,0.30861420255259703,8.721098766758695,-0.7156595642527733,0.18416155075651852
97.7,0.9211270801776089,75.866688622749,9.83545139810141,0.3327454843258725,0.3130612362320706,8.840451948040926,0.4030852153092362,0.2885879357679951,8.841535541223942,-0.7165306799605858,0.18447917531215688
97.75,0.9177233951918933,75.91663403301537,9.936996472010463,0.3583976038738125,0.28870553791836434,8.78850566928972,0.36433165935595796,0.2708177211446974,8.966102240074054,-0.7105610391310505,0.18425641833767403
97.8,0.914384240924336,75.9665717096351,10.031683215076692,0.38303345552739887,0.25942258037626714,8.735883223781924,0.3239836616337388,0.2568672723818457,9.091435902515991,-0.6984176385005133,0.18645400734075163
97.85,0.9112181611558792,76.01650398260071,10.115740476681065,0.4068990348850294,0.23067133743680918,8.684176839687833,0.28289455116675083,0.24749581471764778,9.214224597080431,-0.6814558824076302,0.19249621430095945
97.9,0.9083151819483011,76.06643475984612,10.187131372649905,0.43014533251011505,0.2077571660989162,8.635718969483484,0.24176210172848311,0.24212091916239506,9.331997556803632,-0.6614197540079924,0.20257889754783193
97.95,0.905742781671596,76.11636876737015,10.245523078405663,0.45286950656774844,0.1954558738227655,8.59175311511982,0.2010128002645417,0.23888108449218248,9.441587565110048,-0.6403504209094246,0.21478764414911153
98.0,0.9035497315557928,76.16631051002031,10.291681867125389,0.4752025646795203,0.19711086243980522,8.551193446872254,0.16078166003880362,0.2356720739860669,9.538351192205669,-0.6203892574301251,0.22588628093342447
98.05,0.9017713731214331,76.21626237146442,10.327172082373206,0.4975611793295468,0.21364169337545588,8.510468271965959,0.12113344871243446,0.23141681110198387,9.618485935291638,-0.6031160125479273,0.23406127060737633
98.1,0.9004271095851897,76.26622404795069,10.353900209240106,0.5206470293719657,0.2420764280517047,8.46429739695276,0.0822154818644609,0.2260369982700887,9.680571211741043,-0.5891612485817055,0.2398982654369982
98.15,0.8995156712309365,76.3161931100968,10.373824625234432,0.5452371414395163,0.27559987955763954,8.407920645345817,0.04435528426468984,0.2204279928879387,9.724970239191128,-0.5782809206747552,0.24519877354208308
98.2,0.899015942708903,76.36616585376669,10.389238537230533,0.5719866145348993,0.3061888073501592,8.338849759263931,0.008053524195734406,0.21677861819927835,9.752798428357956,-0.5695920470006482,0.2513549516256811
98.25,0.8988913841753505,76.41613902640489,10.402813069054632,0.6011303406041629,0.3278007463557348,8.256203711859708,-0.026324818480116568,0.21722961100154592,9.765318097918637,-0.5619503422381352,0.25833468112041136
98.3,0.899093473097153,76.46611170654216,10.417183253770789,0.6321585424317259,0.3381833570142142,8.158748930134236,-0.058920667815599924,0.22065233744326365,9.764125731264047,-0.5543163483856808,0.26504041396001493
98.35,0.8995682323450451,76.51608560128327,10.434423766181329,0.6637832579429563,0.3387539209220677,8.044617184937092,-0.0904078142939187,0.2222901929041193,9.75194874817916,-0.5458542397631091,0.27088822802045404
98.4,0.9002668852963609,76.5660634199857,10.45617748306884,0.6943704927752756,0.33337839286114407,7.9135117595113025,-0.12162500249403911,0.21845046593036618,9.733231030785946,-0.535741043797948,0.27668547625884105
98.45,0.9011502453952298,76.61604720306886,10.484191963028413,0.7224709703003361,0.32681573680496984,7.768715266680428,-0.15318281259896027,0.21057817389252784,9.713544808161014,-0.5230210856080214,0.2836014796573847
98.5,0.9021824789470153,76.66603803614188,10.519860991113447,0.7469716767210145,0.3224649052196991,7.617704693256053,-0.1852668985957072,0.20464577113383334,9.698270603479099,-0.5067388547322501,0.29235444050574466
98.55,0.9033192116761832,76.71603736166138,10.563085367053636,0.7668232612814995,0.320623863125656,7.469661561114932,-0.21782345991179494,0.20505409490788556,9.691618714856022,-0.4863097850732256,0.30350376367699156
98.6,0.9045064099647101,76.76604851511684,10.611390423019692,0.7806996057237514,0.31873042459765943,7.331657094324328,-0.2509862072166087,0.21018748750946675,9.69591496526399,-0.4618894175852406,0.3171462302075333
98.65,0.9056950722360386,76.81607573780182,10.659533927870063,0.7871483236682372,0.31223874804009843,7.209074934957406,-0.2850232462046759,0.2164148550359669,9.710980853659851,-0.4343081769725926,0.33239454215765557
98.7,0.9068539183730469,76.86612032321322,10.700881453579894,0.785444163494122,0.29701842347780144,7.107972780675672,-0.31970455537017795,0.22306560188601396,9.734233281712523,-0.40443927735656776,0.3474663325757564
98.75,0.9079683155129099,76.91617788938028,10.729790680703298,0.7762736003554781,0.2739254247625769,7.033557170909044,-0.3539512079297032,0.23001847074291917,9.761258861826631,-0.372620630883747,0.359425254520096
98.8,0.9090373817527045,76.96623965916228,10.741597143618451,0.76142390415143,0.25042526629996215,6.98754461345191,-0.386202278400808,0.2346310466672955,9.787087986351567,-0.3385958755771218,0.364397613374024
98.85,0.9100745746813247,77.01629610970735,10.73178093372312,0.7430644244692812,0.23692226885981563,6.968400785561109,-0.41506399117336545,0.2331366431407222,9.80777347453528,-0.3018998976041595,0.359744081602348
98.9,0.911100663784825,77.06634037954498,10.697114184446121,0.7232915974550236,0.24082770958783992,6.9733522742887155,-0.4398147929076521,0.22359655940962478,9.820875734133061,-0.26242113659852845,0.34600307389290996
98.95,0.9121325684673127,77.11637038772018,10.636467467766803,0.7037200308922229,0.2629825711838103,6.999309956286604,-0.46070736300487614,0.20706458078623652,9.825224490462013,-0.22082194259269808,0.3270452883853709
99.0,0.9131746744398215,77.16638897423489,10.550450209575443,0.6852481169853955,0.29771864712844187,7.042186642905487,-0.4789672347857409,0.1859030429138283,9.820886449172953,-0.1785471542450941,0.3091655972415555
99.05,0.9142144370084592,77.21640203584968,10.44112457679856,0.6682262561226476,0.33534946706350627,7.096401773332331,-0.49641104308351264,0.16190501766402457,9.808413778470236,-0.1375135426318397,0.2985848362740737
99.1,0.9152264538409622,77.26641522896382,10.312041916912342,0.6528717134275396,0.3661417831030831,7.156140403556039,-0.514754695298123,0.13703473480887354,9.78761752432515,-0.09959459512702773,0.2984114535178674
99.15,0.916180134114956,77.31643062076894,10.167932325658663,0.6396178127730197,0.3839856555214719,7.217601876665558,-0.5348911727682534,0.1149513755392675,9.757226201267915,-0.0659870183396072,0.30720003009426944
99.2,0.9170439985653985,77.36644491511802,10.014652341050748,0.6292685444553191,0.3887228344626584,7.27992856975668,-0.5565089519280372,0.10036107126753328,9.715776501017489,-0.03673242222178572,0.3200975048302842
99.25,0.9177844215369434,77.4164507575493,9.859231092132067,0.6227853697571455,0.38502612793437835,7.34426429718796,-0.5783304249841531,0.09674694627854562,9.662990482306775,-0.010777809556203765,0.33193864302759746
99.3,0.9183566691933864,77.46644106442865,9.708267574021184,0.6205272554496641,0.37747964361110997,7.411946427309935,-0.5988946228501941,0.10370892102152457,9.601150272050226,0.013449656435474267,0.33928019917602087
99.35,0.9187045293805368,77.51641286260428,9.565878776930205,0.6215180490646038,0.3678105201757519,7.483881341144417,-0.617252198517477,0.11642679660596138,9.53592821338566,0.037440635515204955,0.3413687069290575
99.4,0.9187762052882494,77.5663681595092,9.433856258834554,0.6234565817675843,0.3565564677722621,7.561457768587319,-0.6331606919973889,0.12872537704949064,9.474393781506988,0.06210739280401029,0.3401609230847604
99.45,0.9185369426443825,77.61631236952199,9.313404670591868,0.6233771909199333,0.3451639291119216,7.6476260706477435,-0.6468687346940584,0.13714764350339173,9.421750272351247,0.08759250576238845,0.33786247491159366
99.5,0.9179725708671974,77.66625152781356,9.205759894736913,0.6184055421293555,0.33565198096047594,7.746006690548527,-0.6587615009145671,0.14209057417027546,9.381356664145676,0.11367301202620973,0.33618110904695503
99.55,0.9170844934525416,77.71618967313803,9.111673984967119,0.6063283064861579,0.32890608609150374,7.858290310318391,-0.6690843371732915,0.1453316637401914,9.357490266516374,0.1404621336775389,0.3373186595116349
99.6,0.9158782450625113,77.76612798267182,9.030595851889947,0.5858103492252913,0.32342160260863406,7.98368315208368,-0.6778022227677656,0.14766205539765334,9.355473809637784,0.16858822588355213,0.34205211629990123
99.65,0.9143627468814889,77.81606532332839,8.959703504361737,0.5563277749980005,0.3152905341692938,8.120988204925641,-0.6845241360606402,0.14907420810578678,9.378835140627194,0.1987837640911214,0.34804956122493047
99.7,0.912562583151453,77.86599855618563,8.893888897489084,0.5181602967266731,0.3001235158138379,8.269885602968582,-0.6884924319918145,0.15013848627820675,9.42784111818433,0.23160930020630632,0.35118364975942123
99.75,0.9105301131121561,77.91592301408498,8.827318336721985,0.47243979701368427,0.27616237943258326,8.430173564754762,-0.6887639191095951,0.15178557049787308,9.499790242318227,0.2673632558296175,0.3479706921908027
99.8,0.9083537901925994,77.96583357019024,8.756151764334037,0.42112231525875166,0.2475185682283928,8.60033316229119,-0.6845592160444152,0.15456767728513388,9.59015641899088,0.30601345539308683,0.3378703054679904
99.85,0.9061530188890068,78.01572664628901,8.680829040915363,0.3667231344861068,0.22440660748374755,8.775698269037843,-0.675806631308519,0.15803198316780043,9.693824473733201,0.3470474710304056,0.32344126188204947
99.9,0.9040506321239332,78.06560263946557,8.605111232948005,0.31172225716120916,0.21691330370971681,8.948958443131001,-0.663470922773229,0.1606176155057621,9.805147378379093,0.3891938639027803,0.3076648252835609
99.95,0.902147146893615,78.11546612552836,8.532911470985214,0.25807800443624607,0.2276405376455859,9.113912670929048,-0.6491827410597713,0.16190053813532818,9.918069546141297,0.4304822101682318,0.29209499423151586
100.0,0.9005141505012134,78.16532375576979,8.466154417523656,0.20713906170624882,0.24985807341046495,9.266826541680686,-0.6346673210715957,0.16305257553162814,10.027470166712911,0.4687886474951646,0.2779522499509053
100.05,0.899200161506364,78.21518152423033,8.404979588727116,0.15989500202253748,0.2712929411299277,9.404207186507652,-0.6214285964912156,0.16472419193882112,10.130163723621376,0.502492950473634,0.26706698131924933
100.1,0.8982445829475642,78.26504198758614,8.349485175832083,0.11738445229020275,0.2809413294481962,9.521700345855212,-0.6104278704300876,0.1671114042992736,10.224915225700094,0.5310282758836592,0.2612373995697858
100.15,0.8976900548374815,78.3149031662418,8.300363679244658,0.08078076152271368,0.27417951684515623,9.615858549309563,-0.6017085657791716,0.1714632558065826,10.311792683979291,0.5550093216428462,0.2614200486825067
100.2,0.8975837598150598,78.36476076969262,8.257782757101259,0.05093092756255456,0.25280714048124925,9.685511596338499,-0.5944984648673284,0.1798303056063408,10.391294952447167,0.5757291129266353,0.2675575946271646
100.25,0.8979685806310229,78.41461150570893,8.220593686291002,0.027817984247717628,0.22226454081170513,9.731938265512035,-0.5876410758132742,0.19383992518004686,10.464188356967545,0.5945267856271098,0.27885095628434814
100.3,0.8988709948986092,78.46445504129959,8.186706367162426,0.010305465306543287,0.19004466366816425,9.758797571897732,-0.5799359724249593,0.21327734365136478,10.531637457378421,0.6123980646344005,0.29403996882063227
100.35,0.9002944047265234,78.51429491887257,8.152637418882277,-0.003977123284655227,0.16498968374639142,9.77150840391259,-0.5704582820393181,0.235417790466914,10.594769842203839,0.6297509806150582,0.31092051533713666
100.4,0.902218734285599,78.56413830932605,8.112859731291586,-0.018397978714107806,0.1544637635365323,9.776327438951315,-0.5587611645593094,0.25621432037215996,10.654195575506762,0.6463884180453532,0.3259202540447166
100.45,0.9046017652733741,78.6139936865522,8.061534402437635,-0.03646077962522303,0.16051068051801926,9.77915256983272,-0.5447661037193684,0.27169582645344065,10.710030356116084,0.6618429573374257,0.33538102739268927
100.5,0.9073864228576548,78.66386739685433,7.994729575227923,-0.06085320221366597,0.17977085356429826,9.784348467239665,-0.5284185776126117,0.2784945558864274,10.761768345565427,0.6758164027231189,0.3372509697915617
100.55,0.910515615038631,78.71376063773099,7.912001852024538,-0.09276941747741015,0.2074015475729891,9.79490032290004,-0.5092169272409197,0.27502837128116403,10.8081138204738,0.6884921441613282,0.33216162709213237
100.6,0.9139434284593798,78.7636683347979,7.8178837938568035,-0.13155259984543327,0.23969892231045825,9.813768531935805,-0.48595694959930924,0.2641184000495055,10.84737043980634,0.7006420362263335,0.32378446606981615
100.65,0.9176307470215996,78.81358226047644,7.7204471394942855,-0.17515559365964775,0.2717149153567244,9.844689085341392,-0.45721165465871116,0.2537040817050019,10.877996474254651,0.7132538364382505,0.3173085864009546
100.7,0.9215322884494443,78.86349722368696,7.627357616390577,-0.22141437230685815,0.29612669023592986,9.89049715531711,-0.4224724086787546,0.251920997264343,10.899006698008074,0.7267207584423538,0.31660542240069484
100.75,0.9255894070780988,78.91341510975349,7.544086187456447,-0.2690216670201207,0.3066119632572469,9.950778741641644,-0.38297238089969915,0.2613242158891603,10.90932276203481,0.7401805653395228,0.3216678895912678
100.8,0.9297355737332594,78.96334322461496,7.474245699772949,-0.3174337160609641,0.30083280804583024,10.021848276218478,-0.3413290561269883,0.27812977988851506,10.90708721681023,0.7517209462095259,0.3286822782361164
100.85,0.9339135268727807,79.01328854645918,7.419450512373159,-0.3660920606330858,0.28076236786009706,10.098421420290757,-0.3003345192733603,0.2955498647775608,10.890758499306408,0.7594798859325562,0.3337213042699901
100.9,0.9380918337730689,79.06325291585978,7.378932312009455,-0.4138116779494832,0.25170836085094417,10.175302760109297,-0.2618775074273861,0.30785207037394174,10.85965308431557,0.7625380315327079,0.33595053016525417
100.95,0.9422669417836098,79.1132319106833,7.350473850546865,-0.4586750950991,0.22089747870028115,10.248041341564921,-0.2265801709253922,0.3127625406545685,10.813248418945651,0.7610599521966633,0.3374843666147981
101.0,0.9464482429402779,79.16321711495418,7.3321583557801295,-0.49839011174181835,0.1955969610106827,10.31252123112483,-0.1941608386897209,0.3113681046882117,10.751053819479228,0.7559660416286553,0.3409237585057514
101.05,0.9506359440940418,79.2132000954703,7.323241292992039,-0.5309379068446162,0.1806063013280315,10.364132573905966,-0.1641408683114728,0.30576861649073506,10.672754164125763,0.7483143096571182,0.34741965917225176
101.1,0.9548065150264754,79.26317497057865,7.324467382373175,-0.5550354396480179,0.17654116971455183,10.39765303133572,-0.1362286638927499,0.296766104083642,10.579173265844354,0.7389564433000719,0.3574325708333642
101.15,0.9589118316335471,79.31313922817534,7.33800282567348,-0.5703458623964629,0.18009043630565172,10.40823050472645,-0.11033989065050921,0.28423364177996063,10.473275048043952,0.7285102583088251,0.3712406702898741
101.2,0.9628852756560428,79.3630944175434,7.366210747941837,-0.5777062959077357,0.18581732820613736,10.39265215274795,-0.08661302052603587,0.26888493269470193,10.358733988974572,0.717087940843972,0.38648768934273325
101.25,0.9666548797678801,79.41304471554166,7.410362009329298,-0.5789729562374621,0.18852462807120943,10.351486382787499,-0.06505458744490407,0.254888835507555,10.237871270772516,0.7042278573427435,0.39764698980895613
101.3,0.9701561521829994,79.4629941177057,7.470151276868412,-0.5765122136422252,0.1853136725257843,10.289901188764953,-0.04511445294589494,0.2501522814050417,10.11125032623192,0.689258694117877,0.3982645251689749
101.35,0.9733327554951757,79.51294493429587,7.543857151674762,-0.5727539351723077,0.17649045494105034,10.214457674050054,-0.025813895068545693,0.2602618815010299,9.979728435983734,0.6718270283254464,0.3843962917047339
101.4,0.9761336418641752,79.5628968890242,7.629163716548099,-0.5697533516783383,0.16497865635964967,10.13077650422087,-0.005872375089000275,0.28382731949597423,9.846332079975946,0.6522633008161898,0.3577346162748253
101.45,0.9785143800099628,79.61284697858633,7.7240470584717205,-0.5688993292877462,0.15479496212543617,10.044291847414932,0.01632121252244923,0.3143732313009724,9.714877106118617,0.6313484954577033,0.3257705372998115
101.5,0.9804359120013173,79.66279077115053,7.8272618885430685,-0.5709473707137349,0.1494493520195366,9.960646007316695,0.042372087470931456,0.34447919531247123,9.588389963029062,0.6098558862027155,0.2989988449108659
101.55,0.9818560923485502,79.71272491201084,7.93857233957274,-0.576301343108967,0.1506906979024758,9.884833355694443,0.07322003895644619,0.36825883916543817,9.46870333420445,0.5881495355167562,0.28585169372051716
101.6,0.9827227691331574,79.76264868622317,8.058250021355086,-0.5852095832734556,0.15727081269475027,9.821070620668797,0.10883382473869385,0.38297491261644073,9.356156455723495,0.5659835977109516,0.2883898182107852
101.65,0.9829756327956948,79.81256323459539,8.18622087363173,-0.5976407764292601,0.16441380154272184,9.773556208746324,0.1484844423295192,0.3897758770536173,9.249818816775493,0.542697134524684,0.30186437162593216
101.7,0.9825585372009533,79.86247017903175,8.32192071750558,-0.6130812968391468,0.1658279702176263,9.745970196662727,0.19103102799838023,0.39187960456703497,9.147999965504265,0.5175352787761837,0.31713646276816204
101.75,0.9814411544240393,79.91237047640192,8.46492114365866,-0.6304143566019544,0.1578888459597605,9.739927631308127,0.23505876927155941,0.39201688392122575,9.048934652540755,0.4899651856372475,0.324455851264417
101.8,0.9796383147131289,79.96226344861849,8.615547829031287,-0.6478925968756671,0.14248738008087786,9.754528399159966,0.27909568915974664,0.3913849877772985,8.951766999633703,0.45997314301161535,0.3174120407040593
101.85,0.9772127485236174,80.01214636178197,8.773948022573135,-0.6633362981908871,0.12576338899291833,9.787916201929573,0.32196743925912324,0.39035409371315766,8.857186207494761,0.42818715024446796,0.29538059225326047
101.9,0.9742631606088397,80.06201493883918,8.937874632820948,-0.6746569346195954,0.11499437155941826,9.839725624242172,0.3631473754209123,0.3894965370737517,8.767698801468251,0.39574568740008154,0.2643483347021862
101.95,0.9709031536919251,80.11186691721677,9.099968059773762,-0.6807978049131295,0.11330951049065965,9.911604609590201,0.40242295074567636,0.3891320774328957,8.68693253201844,0.3636147752105918,0.23485691826920962
102.0,0.967236736698808,80.16170559185127,9.248725263762594,-0.6821459311886509,0.11656255301725917,10.005476033064722,0.43922592095112634,0.38797714809836337,8.617335121380627,0.3318051716497708,0.21616175379566538
102.05,0.9633525145176819,80.21153839846616,9.374806792912194,-0.6797886106837214,0.11948971212675168,10.121063056192456,0.47253631307056687,0.38287007608951984,8.558170835473579,0.29940441658504097,0.21096451790618623
102.1,0.9593342146605705,80.26137262335004,9.474513971317105,-0.6746093854662534,0.12114259334304024,10.254478562618843,0.5012802262806236,0.37112677397171806,8.50539282994184,0.26526047859313256,0.21463596249143307
102.15,0.9552708488783829,80.31121151091561,9.54855662729942,-0.6667601305319388,0.12419884282478913,10.398498875069107,0.5248943312891926,0.35303995514922015,8.453485062181517,0.22877222131728184,0.2189484204150358
102.2,0.951259057790213,80.36105283777566,9.599732998114579,-0.6555707517135749,0.1317943488954344,10.543318972949228,0.5436438252637543,0.3317103098181252,8.398200208349742,0.19032648553360984,0.2174372513525209
102.25,0.9473970622168565,80.41089064289972,9.631214954604465,-0.6399386055841353,0.14432311411882504,10.678455268759352,0.5585990537746337,0.3116889182921895,8.338431316398895,0.15114712217342233,0.20845129595801307
102.3,0.9437820363756504,80.46071744310566,9.64740935594719,-0.6186956219893288,0.16101565774286647,10.796096568204135,0.5716096271074219,0.29824380991642596,8.277653136341183,0.1129798990822774,0.19684674892966364
102.35,0.9405001267148816,80.51052718631014,9.655807905786299,-0.5910070430660674,0.18330748625569304,10.8930720888567,0.584917543898887,0.29605005073265256,8.223038549318499,0.07749651833986544,0.192347374083931
102.4,0.9375952649765346,80.56032093187335,9.665387868773363,-0.5573517876791129,0.21186019786601687,10.970224453226141,0.6000447604330978,0.3068841421025683,8.180808665801242,0.04507237437431273,0.2020917819471753
102.45,0.9350525808875543,80.61011060598724,9.683291234972389,-0.5202948726784878,0.2422451408711623,11.030625318303949,0.6168807353005225,0.3278681431955214,8.152037412574622,0.013895789511650901,0.2258267017589845
102.5,0.93281293055019,80.65991570994416,9.713114472825282,-0.4839777401888972,0.26545436881728646,11.078139543669657,0.6339451616735636,0.3522740982964578,8.13137031998947,-0.019500228608586013,0.25547502559694985
102.55,0.9308075133204751,80.70975357761789,9.755007337440365,-0.45237256683773314,0.27219149878518323,11.116572289198318,0.6497454287623122,0.37270050335040295,8.110680907979395,-0.05824077392726762,0.27897592668589855
102.6,0.9290019954998165,80.75962935901569,9.807443291974334,-0.4273270797870323,0.25860026838943817,11.148982075072102,0.6642034378379824,0.38421010776852055,8.084764767475342,-0.10305912764273313,0.28889092373939795
102.65,0.9274203376334472,80.8095335749213,9.8690533177023,-0.40783760161670274,0.22904348494233145,11.177305442360728,0.6789923364459549,0.38574283964426964,8.052768330959562,-0.15183300310996403,0.2868082459466534
102.7,0.9261371480354001,80.85944859921597,9.939492226393543,-0.3909312938251647,0.19469768138909974,11.20221755830384,0.6965511260071666,0.37989739292121893,8.015909866189315,-0.2007974183984384,0.2804794354777348
102.75,0.9252472033871623,80.90935966613412,10.019075870197522,-0.37354063570809687,0.16910856312273412,11.223021257621554,0.7183664075767211,0.3713461471158162,7.97476130928036,-0.24653423321526413,0.2773042147393931
102.8,0.9248260367673845,80.95926373293833,10.106650188650628,-0.35431348766479537,0.16107247144891687,11.238150244046937,0.7436591132970687,0.3645412650128297,7.928283195384874,-0.2875728805554416,0.2797292031722931
102.85,0.924903243887919,81.00917045734933,10.197838788479404,-0.33414909604020615,0.1701770371461869,11.245964346171366,0.7693965422761265,0.36157841081343045,7.874410619329077,-0.3246764164205539,0.2851058001369772
102.9,0.9254625100510829,81.05909500176226,10.286030924049504,-0.31507243030373744,0.1888453672907271,11.24519356723785,0.7916267471652179,0.36141555191236396,7.811776072481203,-0.3597038749488965,0.28844647120519157
102.95,0.9264654050107536,81.109047928197,10.365097456547794,-0.29838860866103434,0.20829522930068226,11.235291557809411,0.8072985288650186,0.36139942650176127,7.741503566638348,-0.3939103212080321,0.28623905364401764
103.0,0.92787987271119,81.1590293252601,10.431396716265912,-0.28357700610768627,0.223948882769409,11.215468400720795,0.815171844400588,0.359788928333998,7.666869558531533,-0.4269897324256353,0.2782719357234487
103.05,0.9296923616839272,81.20902947607883,10.483464099414164,-0.2684761687903784,0.23681339494578985,11.18358657389611,0.8156298970017255,0.35706094787769377,7.592716930602863,-0.45719419816687723,0.2678325584256878
103.1,0.9318952306717503,81.25903413443325,10.520035379903392,-0.25038059293704273,0.250715418355971,11.137521442375721,0.8101126875261034,0.3551043039492903,7.525421493393932,-0.48219132220179506,0.26046309420663066
103.15,0.934461475897833,81.30903228084293,10.537847549998633,-0.22751398513091695,0.26721828039456946,11.076426332580304,0.8000946662375809,0.355713278801837,7.471523358027445,-0.5003953857063904,0.2598040432111424
103.2,0.9373279554153455,81.35902128342657,10.5315290253727,-0.19985190482667142,0.28290884203199973,11.000430703595873,0.7861885450725037,0.3597049746819087,7.43608672659295,-0.5118957862271537,0.2633863371448719
103.25,0.9404030852683657,81.40900567131425,10.497001078317265,-0.1685891295100036,0.2926727017387436,10.90976241048606,0.7681668791487315,0.3667623067881621,7.421599311087407,-0.5183381852362673,0.2627235247774826
103.3,0.9435931597573425,81.45899165023035,10.435077185752334,-0.1349419475805738,0.29454775079643325,10.804341846705825,0.7457070407377594,0.37560274825437834,7.428316431077415,-0.5220481696042872,0.24948236417543843
103.35,0.9468265125397165,81.50898164859332,10.35261390556035,-0.09921616508633925,0.29269606457670316,10.68416339034327,0.7192128767144366,0.3842123545879954,7.456607360703813,-0.5249990588031018,0.22279849673419871
103.4,0.9500565963611858,81.55897340483267,10.259843244621873,-0.060953969124632884,0.295590922945364,10.549676221143997,0.6899467939012633,0.3901599881897023,7.5078504817844,-0.5284549219397011,0.19050897475043702
103.45,0.9532409248551217,81.60896362730836,10.165125384710766,-0.02004971269450333,0.3085094731012541,10.402357692768788,0.6595039270820413,0.39145730709434934,7.582821172747764,-0.5334051657092503,0.16406991681316385
103.5,0.9563190474649094,81.65895084118026,10.073245709212788,0.022683854444627553,0.3295144431821587,10.244893446920386,0.629329986995057,0.38768368197044006,7.679871273474313,-0.5408986399639797,0.15132210632026674
103.55,0.9592097345287018,81.70893489547981,9.98772515992138,0.06595889542679752,0.35237787114730434,10.080484429495568,0.6005639323209948,0.38059531536775526,7.794915436289726,-0.5518127821830113,0.15243695160997983
103.6,0.9618239363606488,81.7589149780705,9.912289448906877,0.10857741182824474,0.37107675882296176,9.912422958143372,0.5740981247730644,0.37377304900761543,7.923163508145403,-0.5663948190381244,0.16157225713367987
103.65,0.964077114400719,81.8088887027891,9.85028255523837,0.14961513959325545,0.3819165259897529,9.74362879300501,0.5505510708541509,0.37050461283054126,8.060926677078694,-0.5840491574392086,0.17114661182637494
103.7,0.9658980761288092,81.85885216620883,9.804648383906509,0.18856901533428064,0.38487332666890606,9.576086810403392,0.5302289644409727,0.3713067275802331,8.206195795276438,-0.6033978602934391,0.17493276181236478
103.75,0.9672369895575728,81.90880057323677,9.778507628400963,0.22549560378445993,0.3840841758099745,9.41123847648063,0.5131604468541037,0.37368801111316324,8.357817544085744,-0.6225693407580055,0.16949025868289733
103.8,0.9680704505814238,81.95873095516613,9.774043596008735,0.2605359184222432,0.3844294576393173,9.250836266538593,0.498848340621392,0.3738860830599231,8.513465056479022,-0.6399466428337697,0.15476587814706028
103.85,0.9684020703207215,82.00864485490432,9.7911070762764,0.2933026597087991,0.38746590800196995,9.09738655814449,0.4859625084519993,0.36893316028238726,8.66790545508255,-0.6548439376321005,0.13307731751209823
103.9,0.9682569702244155,82.05854714838866,9.826857500050728,0.3229416491922092,0.39043718671583433,8.954125806385605,0.4725856481534505,0.3578332294158103,8.814279606759117,-0.667260610103558,0.10790653399653441
103.95,0.9676781641347906,82.10844168541998,9.877114942433344,0.3488972964378904,0.38868150155093756,8.824170594356117,0.45690652014012456,0.3415346545641684,8.94695278239802,-0.6770555452312133,0.08455094257003065
104.0,0.9667269900869735,82.158327951007,9.939408027750105,0.37178604163126205,0.37990176821305854,8.7094943763143,0.43776978767231145,0.32213843417010146,9.06197302542325,-0.6835185018525843,0.06987140310449397
104.05,0.9654778810742676,82.20820198652723,10.014056646699721,0.39336461809023215,0.3656352750739412,8.61007861479646,0.41459879062920085,0.3019438267591348,9.156228066889588,-0.68565347862416,0.06983149279588013
104.1,0.9640045761545085,82.2580598480616,10.102460621496824,0.41564815701260044,0.3494799843652514,8.523942713063194,0.3870109881724203,0.2827291914255674,9.227844942768684,-0.6826868372013368,0.0866733297726969
104.15,0.9623655490982471,82.30790010577927,10.20500265393593,0.4400577273591087,0.33464853165342845,8.449064771517188,0.354721676214426,0.26580660157996244,9.276609393617639,-0.6744225896772086,0.11759341480156356
104.2,0.960599957291176,82.35772396695711,10.320074896278308,0.46711587184151887,0.3227207522287885,8.385657067775577,0.3177480301615416,0.25307250030507683,9.304058062610297,-0.6612757243833086,0.15609683211310105
104.25,0.9587303110284937,82.40753427809365,10.444444279356668,0.4965976885744398,0.3137167774857381,8.336311512115325,0.27653734393146157,0.2466073006080659,9.314469341606598,-0.6439469516126136,0.19445345765979385
104.3,0.9567672087733828,82.45733544206291,10.573947282839086,0.5276925236460596,0.3063948188697291,8.304052803885032,0.231769713035727,0.24637511966813083,9.315119504505297,-0.6232101515056403,0.2251393419478734
104.35,0.954725469872601,82.50713388670455,10.703820792612003,0.5590591180649731,0.2988640708559912,8.289894016682302,0.1840017474545062,0.24950090533756733,9.314022916729211,-0.6001198563911648,0.2423075633412078
104.4,0.9526436142470368,82.55693670257452,10.829020056532759,0.5891341463627143,0.28979450332958806,8.291023731064548,0.1336424699775574,0.25074627254659987,9.318585189444178,-0.5759463565454735,0.2447600501046185
104.45,0.9505916195606193,82.60674853346252,10.944584977682839,0.6167165359281734,0.2792965821887067,8.301917189377786,0.08145137442538403,0.2444457397598025,9.33598077814411,-0.5516085580489134,0.23723530643868473
104.5,0.948665432550627,82.65656972631977,11.046022210214886,0.6413572293810226,0.26902184135739793,8.317423455044421,0.02891329308289047,0.22923314423853225,9.372218972443632,-0.5273156738858679,0.22630481768720745
104.55,0.9469736241325454,82.70639776141752,11.129947938942058,0.6632517171872049,0.2619982237275826,8.33353917362742,-0.022107012868033137,0.2096855214920929,9.430517905372017,-0.5028383065883039,0.2155205517332529
104.6,0.9456202568838892,82.75623079625417,11.194638805677293,0.6827649495865993,0.2617337291329239,8.346213479668018,-0.07007994847030304,0.19200689689217768,9.510540077382018,-0.4781599446571347,0.20435896376597615
104.65,0.9446897241366758,82.8060697778579,11.240379969255414,0.7001469717124555,0.270370548732535,8.351333896403375,-0.1141576816078996,0.17965215862283282,9.608964108651117,-0.45382312271217445,0.19024361142300747
104.7,0.9442431173899588,82.85591743163405,11.269528470499134,0.7156907611012291,0.287652311157539,8.346029471811267,-0.15398647250875028,0.1731549580517135,9.721267420003967,-0.4306162440531287,0.17174545395705487
104.75,0.944324268527591,82.90577637060386,11.285859780715935,0.7299160143545662,0.31117391368309966,8.329946401126355,-0.1894106121733111,0.1724341401298988,9.843032597224814,-0.4091197909369991,0.15068329806510808
104.8,0.9449663401743618,82.95564885993745,11.293208954702942,0.7433791390261173,0.3365729941339126,8.305326957920677,-0.2204513751627583,0.17827623499907394,9.970445679003975,-0.3895802857667295,0.13267219305092645
104.85,0.9461879447452199,83.00553788601147,11.294633491401935,0.7562910288008606,0.3583697903213815,8.27516289493664,-0.24753282406072746,0.19050392898730503,10.100231443449918,-0.372055365845307,0.12545747366637447
104.9,0.947982448749306,83.05544796644692,11.29218983541724,0.7682274628835337,0.37187403818496,8.241645158210977,-0.27164735545964436,0.2061332318457445,10.228105578360614,-0.35670205029474844,0.13395493379360854
104.95,0.9503158693494334,83.10538430743115,11.28663904246936,0.7781822372900513,0.3745412546702377,8.205913840690943,-0.29419892227174216,0.22006863226585965,10.34738129188243,-0.34385310010110665,0.15669483163190628
105.0,0.9531385031723036,83.15534975799616,11.277654299814676,0.785189236589913,0.3665464886737877,8.168374119336207,-0.31645456298593094,0.22726862241742266,10.449943898193842,-0.3335314988730548,0.1873589960830182
105.05,0.9564032468084711,83.20534144282067,11.264318690742467,0.7890413108075188,0.35127217936038685,8.129003523798263,-0.33893442062276374,0.22538324866018683,10.528613360611029,-0.3247708326486316,0.21917455084625767
105.1,0.9600758754289144,83.25535054272082,11.24442411329411,0.7902644537832131,0.3345830908242103,8.087114592695835,-0.3613271215717896,0.2158034288706142,10.579082407433852,-0.3154758042515391,0.24853321922360266
105.15,0.9641287199002601,83.3053655853706,11.213999922835843,0.7895812941865595,0.32249691115691337,8.041893305419094,-0.3829283927231942,0.2032305293264059,10.600083385381941,-0.3030075932032863,0.2753713314041595
105.2,0.96852189090618,83.35537630981943,11.169043481118406,0.7875810146596466,0.3190773197282575,7.994001676976128,-0.403138821180267,0.19460470784431022,10.59244672307774,-0.28497137875403045,0.3011614237513752
105.25,0.9731823217364576,83.40537665644516,11.107075153962,0.784418562466587,0.3256207379047458,7.9461199785953305,-0.42185777552713577,0.19590959614783826,10.558869407016495,-0.2598107737978869,0.32696553266310685
105.3,0.9779913483031385,83.45536615171726,11.027785402284112,0.7796147617564243,0.3412704466903076,7.90196580464027,-0.4396708418475228,0.20794265856285107,10.504311272139757,-0.22710598516110705,0.35243046439500586
105.35,0.9827877164837582,83.50534911047221,10.932900922752575,0.7721449319617933,0.3639026797269129,7.865075204368575,-0.45771324808541825,0.22483156844021834,10.435383526097464,-0.1875882905739867,0.3754415006098156
105.4,0.9873879521375135,83.55533186268627,10.824749852726235,0.7607514936462645,0.38985607864145516,7.838911867245503,-0.4772086787957234,0.2380574595265249,10.358632318008983,-0.1428739794139159,0.39257724269909283
105.45,0.991616782568967,83.6053186659297,10.705307894874405,0.7445504905787732,0.41454958046797924,7.828162939645358,-0.4987671371409336,0.24269271779925422,10.278954848212292,-0.09490922221940604,0.40062439396827376
105.5,0.9953314587306952,83.65530858844105,10.576463027305188,0.723621340254217,0.4347087720806344,7.838409928734994,-0.5219162907589301,0.2396194205314026,10.199398423112939,-0.045367253839015444,0.39845105018410254
105.55,0.998429129357039,83.7052956403998,10.440565545692941,0.6990856196005621,0.44969480802946515,7.87379211990217,-0.5452921306079062,0.23297988631618913,10.121777992725887,0.0045346406430535465,0.3881849843544069
105.6,1.0008378322434233,83.75527152682756,10.300303100969838,0.6726129345384472,0.460454155843397,7.93460722699113,-0.5673233643305371,0.2265077257079472,10.048160295630376,0.053959481573833484,0.37492215807855517
105.65,1.0025041190758197,83.80522868225924,10.158095230286989,0.6457808040780932,0.4675891916231911,8.017149449959007,-0.5868134548323253,0.22169946150796685,9.982836836555936,0.10243226263097026,0.36553486498659404
105.7,1.0033845304804743,83.8551627174824,10.015620347960265,0.6195635488219008,0.47066287229560266,8.116170840818155,-0.6031784576675241,0.21820061744647043,9.931085810396574,0.1494331216669306,0.3657993389793364
105.75,1.0034398771749757,83.9050733087664,9.873941487993925,0.5941514436760833,0.4693189178376033,8.227498623596324,-0.6164072742254042,0.21505135790529617,9.896184218045159,0.19391027716577391,0.37658367038117363
105.8,1.002637230126728,83.95496269620212,9.734004385430291,0.5692051803674286,0.46435569203283683,8.348838459369198,-0.6267477078401896,0.2108655215315095,9.879151429579876,0.23449977160990224,0.39396583803988333
105.85,1.000956412882217,84.0048332277836,9.596676485043478,0.5442411405048261,0.4567935801987609,8.478747980595058,-0.6343774727077295,0.2037116712694922,9.88034345902952,0.2701886572292662,0.4123462776545094
105.9,0.9983991983782483,84.05468615032957,9.462217978309317,0.5187976504255077,0.4461807974776627,8.614515154515669,-0.6394375351832878,0.19223501866612377,9.900181104720646,0.3007076346216581,0.4263364148925064
105.95,0.9950017386929988,84.10452133905389,9.330383962170846,0.4925693130306668,0.4308631196090552,8.750668788859661,-0.6421608266856992,0.176516913294671,9.938673887351896,0.32653764813174585,0.4317487371414057
106.0,0.9908402531188097,84.15433658727582,9.201451763156207,0.46570072075031177,0.4100652238639573,8.880660335009125,-0.6426071456359425,0.15845318125901206,9.9945337502707,0.3487915854968353,0.4263412210627104
106.05,0.9860273009726787,84.20412744889995,9.0769593456867,0.4388863761559126,0.38524617177250114,8.999593874475334,-0.6404373385891726,0.14228932736593,10.065216258435266,0.3690822054653144,0.41037828901413836
106.1,0.9806997012875465,84.25388900862346,8.959974514329746,0.413039814172255,0.36008858472044114,9.104753473296709,-0.6351821616752589,0.13325924498886615,10.148286899746779,0.3893037299842978,0.3871774230462075
106.15,0.9749993970237472,84.30361983370439,8.854663839489197,0.3885545632111208,0.3391674788664567,9.195161301566426,-0.6268605902234994,0.1351206898617888,10.241868578270038,0.4109643231282239,0.36182590466933845
106.2,0.9690529278395668,84.35332574412612,8.764959323835935,0.36461119429051464,0.3249135660792144,9.271126799964652,-0.6165347359615612,0.14861010475177533,10.34369157526992,0.4343495701711983,0.33831251385906086
106.25,0.9629613410214294,84.40301942423588,8.693253836389562,0.3392098142480921,0.31554731283616505,9.333429658488347,-0.6062503722650073,0.17086871958689986,10.450767228312552,0.4584523026364928,0.3181853448621277
106.3,0.9568081544322846,84.45271486067921,8.639934717078098,0.3100897213234295,0.30629612065064477,9.383327671085695,-0.5980988286505547,0.19686769359113493,10.560074722464336,0.48190545781393085,0.3016900928795645
106.35,0.9506750232139821,84.5024204361928,8.60385727226637,0.27592679489341754,0.2929277464245023,9.423872522115461,-0.592920217251626,0.22195612955758676,10.669016727512258,0.5041325175473074,0.288764220846556
106.4,0.9446526382632344,84.55213568426815,8.5829547642139,0.2369360859245773,0.2748381153979527,9.460242592262206,-0.5896848928607378,0.24294832792252088,10.775146275969085,0.5258285576857852,0.27884548166046386
106.45,0.9388460269593434,84.60185365047137,8.573806079104296,0.1944687667780744,0.2549100576371555,9.497796030858309,-0.5860990619137618,0.25798417833093906,10.876125935665696,0.5485689955491031,0.27102922822991166
106.5,0.933371004576372,84.65156635459905,8.570907343606665,0.15007967552762955,0.23644115197505808,9.540234999773968,-0.579794678454326,0.2661134304899556,10.970708270257505,0.5740170504885551,0.26525018989657084
106.55,0.928343778973949,84.70126953014166,8.567946513169133,0.1048839899645242,0.2211013751802935,9.588915238914707,-0.5692939611600091,0.26679192440038935,11.059285665884808,0.6031383243969315,0.262947452554762
106.6,0.9238743610318186,84.75096497581899,8.560269197576584,0.059378404402582186,0.20972881231776702,9.643329582079348,-0.5544059258539926,0.2602197076896998,11.142573220322866,0.6355785500500284,0.2658749730747416
106.65,0.9200613785038196,84.80066107645892,8.545646874746014,0.013426651247029549,0.20236247815996544,9.702188833358035,-0.5361758505598583,0.24790422057035602,11.219886992529187,0.6694209361261442,0.27363909226688676
106.7,0.916987261643773,84.850370112177,8.523050983756072,-0.033406637470580605,0.1968640087577952,9.763843213083625,-0.5163953538886527,0.23256909900691913,11.289033767054384,0.7017338081300696,0.2833519630189711
106.75,0.9147203553989034,84.90010198770675,8.491772937209458,-0.08104256410007538,0.18956467906307933,9.826659617479347,-0.4965768242554943,0.21791539907920493,11.347518254805996,0.7298171037996872,0.2926253442978238
106.8,0.9133180247365801,84.94985885181592,8.452065560600932,-0.12818370118792674,0.17802637667399582,9.889723321087647,-0.47700892238499515,0.20829696594908054,11.393537492241363,0.752327556725714,0.3014608003882891
106.85,0.9128245625285076,84.99963496024147,8.406559803389923,-0.1723891397588462,0.16372876594369065,9.953041799628387,-0.4567100970371321,0.2077290074779824,11.42584554196906,0.7694544415614912,0.31092068709727627
106.9,0.9132662317332769,85.0494210812074,8.360400638536525,-0.21099100109360738,0.1528057422139737,10.017615240464984,-0.43412909139594136,0.21890495759515122,11.443205535298778,0.7821848594906067,0.321624438794062
106.95,0.9146383488711574,85.09921031328652,8.31792041704578,-0.24242711618283452,0.15205730648805035,10.08501026534142,-0.4081366797939919,0.24226208323635867,11.445056152394024,0.7914515975447614,0.3333878211182824
107.0,0.9168882425326363,85.14900162659883,8.280092164616574,-0.2669923598423871,0.1638402301555911,10.155590703173516,-0.3788385833417084,0.2743585958490351,11.432873722198567,0.797765009656389,0.3455569902616692
107.05,0.9199171676071619,85.19879954955863,8.245825655358171,-0.2865466025528995,0.185303464202362,10.227153374457933,-0.34771323681007776,0.3080775116696352,11.410343523764347,0.8012924287095761,0.3576086073474383
107.1,0.9236020408975664,85.2486113977711,8.214237082240945,-0.3037120468886327,0.21124364134453627,10.295435804289706,-0.31703315973892093,0.33535092923932214,11.381751589345392,0.8020111015727517,0.3689197519081726
107.15,0.9278183036131434,85.29844317045173,8.185518704161948,-0.3209636394662048,0.23647490570548166,10.355573494178309,-0.28891411536935085,0.3505660313998358,11.350329726712104,0.7999621435920593,0.37851941999232114
107.2,0.9324577754527114,85.34829561062978,8.160410617805411,-0.3398468105140799,0.25629866352952313,10.40348995857464,-0.2644074424991706,0.3529642196375381,11.316743160558646,0.7954570897038012,0.38628796729886494
107.25,0.9374362610323925,85.39816263890422,8.139214932638655,-0.3606427173697838,0.26649590071512713,10.43646134425273,-0.2430931567233945,0.34648550930854194,11.278615866281564,0.7891961327195651,0.39374580010079274
107.3,0.9426888695534389,85.44803236134518,8.12186205601409,-0.38249004834017863,0.2650207580731135,10.452859963215333,-0.22325918697678257,0.33730023609317217,11.23285425353466,0.782524487660757,0.40333837198666034
107.35,0.9481606128864257,85.4978906167017,8.109043500877098,-0.40393295693856285,0.2542495877766663,10.45203133852105,-0.20253595754615866,0.3310898151303703,11.177565192114184,0.7771283969476788,0.4173522006459191
107.4,0.953791340735284,85.54772656626058,8.1028398413191,-0.4238009765687971,0.2401990142197989,10.434487874217712,-0.17885347250656436,0.3315296046052239,11.111305915381182,0.7739384095740961,0.4358693899809061
107.45,0.9594992249208981,85.59753699198772,8.106286565222604,-0.44192046115620737,0.22925515133632282,10.40189812838465,-0.15124156402342742,0.3396027237267339,11.031897162571942,0.7722641042661669,0.45516833060208095
107.5,0.965175366032478,85.64732598072835,8.122304870863598,-0.4591338896359985,0.22469070179922027,10.35753690892512,-0.11981902765941585,0.3536153946213072,10.937273288694303,0.7700934325690117,0.46957802413818134
107.55,0.970693903315895,85.69710100868524,8.152629267651095,-0.47675867301317404,0.22514783795785526,10.306715284147687,-0.08519109261742094,0.37044941087358274,10.826635513634892,0.7650456670271837,0.47497678197388504
107.6,0.9759316948479573,85.7468681826182,8.197431933404998,-0.495855134574174,0.22606239974566897,10.255494134323898,-0.04791779784245353,0.3866385725379124,10.701734531615624,0.755412704984857,0.472158972684749
107.65,0.9807817360551001,85.79662956747242,8.25605027686853,-0.5167178794710862,0.22279451595359337,10.208921751870964,-0.00831941789161696,0.3983157587024252,10.567627932110907,0.7407300398615968,0.4667047494908398
107.7,0.9851589862850878,85.84638376961209,8.327673323130602,-0.5389097830478781,0.21372675200030794,10.170684262654378,0.03342871850700973,0.4024899995785539,10.430064179792135,0.7213589326149714,0.46384623911585704
107.75,0.9890061038022041,85.89612755864248,8.411136265404878,-0.5615271632790239,0.20062209873348702,10.143903844484171,0.07715729281251754,0.40011249124910786,10.29228734565258,0.6978185666676897,0.4648094048821019
107.8,0.9922904951694894,85.94585712080769,8.504878770276205,-0.5833699799247347,0.18633603280049912,10.13143101286069,0.12256816193239868,0.39612143535331196,10.155021567182446,0.6706076830073788,0.46759917611314183
107.85,0.9949937352614563,85.99556911737119,8.607378308450695,-0.6031056300523188,0.17323907446799566,10.134664790927708,0.16900055484182722,0.3953871202543384,10.018606718350048,0.6403348764112421,0.4697891750608476
107.9,0.9971058393825372,86.04526181938303,8.7174965542337,-0.6195265388655747,0.16314254086296273,10.152663567561468,0.21523960297218278,0.3997168903164551,9.884195479362596,0.6076736168910708,0.4702341797061428
107.95,0.9986232206047714,86.09493591788451,8.834287298130791,-0.6318442104815676,0.157554391915196,10.182622182240202,0.25957966045408926,0.4074130795188391,9.752875775523862,0.5730908909543889,0.46853297845463626
108.0,0.9995470992425691,86.14459392358768,8.95624711479327,-0.6398146229056485,0.15751270785721336,10.2212519082777,0.30024352933892323,0.41473752108830425,9.624515973743389,0.5367757918711997,0.4634138723663022
108.05,0.9998847214925849,86.19423858562081,9.079875102429598,-0.643673399365616,0.16176501056584527,10.265693750419969,0.3358668238590812,0.41826204719329696,9.498413018962507,0.49895393458786186,0.45237734417586956
108.1,0.9996530499128528,86.24387099218207,9.199256103061092,-0.6438313553858783,0.1654990492877838,10.313117473306523,0.3658416939936913,0.41558956260835883,9.374906430716864,0.4603294357883204,0.43364506277848225
108.15,0.9988881039952144,86.2934886327942,9.308529143537886,-0.640387730741521,0.1641641300124337,10.360619680035494,0.39063329028945987,0.4055448470599344,9.256041797682327,0.42236004257315485,0.40803165256103013
108.2,0.9976543374928367,86.34308581616004,9.40392145351391,-0.633114077195495,0.15805360870599958,10.406473332523245,0.4117841558785626,0.3896726985137335,9.14515074360614,0.3870235471569737,0.3786814984555434
108.25,0.996041211484087,86.39265773390282,9.484069149277975,-0.6220511831224725,0.15276350359857946,10.450443341844927,0.4311941293581413,0.3722059740700935,9.045374635921133,0.3559050755012206,0.3495442088557189
108.3,0.9941439246966833,86.44220545010366,9.54974277046211,-0.6081450204940598,0.15576881398308845,10.492708460778505,0.4500647401400017,0.35758975896004586,8.95782138146649,0.32914552511333134,0.32364944576535376
108.35,0.9920392416880202,86.4917379497619,9.602251153933084,-0.593492069235689,0.17100497248233174,10.532815778902332,0.4683253040281332,0.3479882979806641,8.880647764973789,0.30505117906150114,0.3017799599164728
108.4,0.989775930468997,86.54126865060624,9.642689752442937,-0.5807303531130265,0.19689068695935227,10.56936888845795,0.48507142391365643,0.34289907013913273,8.809255678897769,0.28076569965587467,0.2822996428347717
108.45,0.9873822600829635,86.5908077457926,9.673641182060507,-0.5715752368039422,0.22868884497587535,10.600569815138401,0.4997610140717682,0.340779837443881,8.737902444088645,0.2537439328862436,0.2630885023919731
108.5,0.9848781372954521,86.64035597268034,9.700086317957602,-0.565662277234312,0.26105246707859386,10.62513803903144,0.5132110585948303,0.34111601577698886,8.66210518253643,0.22306782094549052,0.24411858456227786
108.55,0.982279669421336,86.68990449204284,9.72720914175271,-0.560819664144436,0.28937675576732397,10.642978129920154,0.527618681660756,0.3449744619334442,8.580670660611563,0.18972419696161189,0.22753589405770855
108.6,0.9795955958125891,86.73944049648726,9.758475927244513,-0.5543049642200023,0.3107575148141395,10.65529736946609,0.5456491544228697,0.3532533592927854,8.49640763634695,0.15579078575295496,0.2159742495158403
108.65,0.9768244933802651,86.78895499560272,9.79521534066611,-0.5442026582664617,0.32435694479494465,10.66447072677526,0.569149277931492,0.36501527441549964,8.413928247472123,0.12297870541601215,0.21062711977836893
108.7,0.9739562438204195,86.83844804059284,9.836728296600926,-0.5303430665596198,0.3312024455457888,10.673683957149322,0.5982329561291135,0.37782886836811785,8.336556244367998,0.09146533318408162,0.21000683864502503
108.75,0.9709802592056327,86.88792866347455,9.880972385527304,-0.5142227641164663,0.3335575639241392,10.686499842412582,0.6312675123025657,0.3891830375261028,8.265133327457113,0.05976318292728371,0.21112900401728152
108.8,0.9678948507997291,86.93741075167881,9.925263283922972,-0.4981604101284923,0.3335375455900799,10.70606540073054,0.6655059307615341,0.3973591514868389,8.198580253812942,0.025508484370074358,0.21174767392394805
108.85,0.9647100523181935,86.98690671162808,9.966875136723162,-0.4841068797398996,0.33239466426078756,10.733566820665146,0.6979571886778053,0.4014868965686503,8.135554674541249,-0.013252057821758182,0.21130883811431722
108.9,0.9614466714169445,87.0364212501473,10.004016391341073,-0.47249457031902553,0.33154385741466025,10.76716949856532,0.726363123597254,0.40130038426321063,8.075533920378929,-0.05689753457959,0.21051220058451137
108.95,0.9581318140530167,87.0859487949813,10.036660338931927,-0.4617595571942422,0.33292964950834797,10.802770490094534,0.7499195812662798,0.3971835113563547,8.018340451061103,-0.10385152575388416,0.20981672182918562
109.0,0.9547925713966962,87.1354755539858,10.066446863313574,-0.4488192389645405,0.33821356827551974,10.836190721067537,0.7693613068194479,0.39131266322684,7.9632080578814985,-0.15107928510303043,0.208146298598146
109.05,0.9514522229484867,87.18498574275732,10.09543331878837,-0.43041345926009483,0.3476088862385542,10.864728824536547,0.7861659215259003,0.3877241745707199,7.909064222683241,-0.19524924057805837,0.20394800232305094
109.1,0.9481260836336776,87.23446954332688,10.124178273017144,-0.4047773168319249,0.35868830300892274,10.887196148744563,0.8012449403453765,0.39003089435224614,7.855538288714092,-0.2340925299178749,0.19709459910460866
109.15,0.944818279898837,87.28392818694597,10.150577589275004,-0.3726880417831774,0.36707866383102583,10.9022867327277,0.8139276945332068,0.3980050851397747,7.803449855175036,-0.26726326348552176,0.18946354322681794
109.2,0.9415236466840363,87.33337241201379,10.170689145280532,-0.33707056198249674,0.36911353867580127,10.906951986232924,0.8220569165511825,0.40650404414345553,7.754307974558613,-0.296167616384989,0.18382382185186277
109.25,0.9382367693359756,87.38281479106693,10.181121141035318,-0.30131163445202014,0.36472342703636473,10.897501613027258,0.8233830168880545,0.4095284811469615,7.708743502929683,-0.32285396284543144,0.1814776332017267
109.3,0.9349615567042887,87.43226145082284,10.18079607268953,-0.2675318206432952,0.35846315648747656,10.872052859366637,0.8171981015729998,0.4048248008147746,7.6657885099137,-0.3487047418105645,0.18142010066002046
109.35,0.931710341698756,87.4817085023956,10.170237447366757,-0.2359584822818978,0.35660524653389924,10.832345753467512,0.8050831494731988,0.39566546996384544,7.624130808839645,-0.37371808567340753,0.1817795777185677
109.4,0.9284922372284327,87.53114491710144,10.149510677678071,-0.20556956719899275,0.36278852489872626,10.782919623884409,0.790233970653017,0.38859670452254325,7.584073713201081,-0.3967691537764415,0.18172309537415163
109.45,0.9252981186533583,87.58055933460219,10.117420517419063,-0.17526894812727756,0.3759790115685656,10.728252622216077,0.7758819421445017,0.3882086551899861,7.548320234157321,-0.4165921546420647,0.18180856278195404
109.5,0.9220948426906102,87.629945681086,10.07298192566489,-0.1446280826812425,0.3917531002327132,10.670507715517529,0.7639289827970572,0.3941471456571046,7.521709409704894,-0.4326614527300792,0.18281067035787238
109.55,0.918836800851606,87.67930467178921,10.017637851586185,-0.11387528240294849,0.4050720260601392,10.608183601217576,0.754324336864943,0.40292174515158413,7.5104772616846605,-0.4454843777860596,0.1854157700345641
109.6,0.915480830371891,87.72864154809741,9.956430287677918,-0.08338028687544725,0.4119971740020897,10.53726749365165,0.7455186230541822,0.4119365698843494,7.520016280432677,-0.45642255213205934,0.19024026142167913
109.65,0.9119907349801293,87.77796254267189,9.897171496168705,-0.05319176321847824,0.4109272734092705,10.454347586733457,0.735607128478029,0.42068907970904124,7.552192747319131,-0.4672944450476712,0.19630474293013023
109.7,0.9083402618928319,87.82727255582249,9.84753329420992,-0.02306497811706385,0.40260278171039987,10.357490286353107,0.7230511977883741,0.4289407103475083,7.604858755883936,-0.4799289649400862,0.20078052939417995
109.75,0.9045177507673617,87.87657335833472,9.812386944074252,0.007390214972947761,0.3887213181622663,10.245726749801259,0.7070670531667409,0.43535981002993834,7.673959682769048,-0.4955693567190694,0.20132246432022133
109.8,0.9005312568602599,87.92586148935023,9.79295811410902,0.038775922126510896,0.3722937644909509,10.119643055225755,0.6880523013127513,0.4383969205076966,7.756260366824216,-0.514205036962381,0.1981874159313386
109.85,0.8964089913577954,87.97512874853572,9.787486111130208,0.07183221425065302,0.3585877172518449,9.981753760181968,0.6674574306726943,0.43744840964724996,7.850349568113908,-0.5344920525452868,0.19341450351254047
109.9,0.8921899479348867,88.02436619462809,9.793007827038887,0.10712940420403343,0.35291093263149365,9.836482417548197,0.6470456749836948,0.43343900408794145,7.955559585458195,-0.5544847642725489,0.18825224715320407
109.95,0.8879117841946916,88.07356868513143,9.80642541627025,0.14459263416464493,0.3573408265393483,9.689933690002878,0.6280826411078535,0.4285983439938716,8.070694958114366,-0.5726049045141863,0.18232224828966315
110.0,0.8836059366610348,88.12273743249474,9.824908810770662,0.18318767343811523,0.3701659378533743,9.548356216509413,0.6107163222949896,0.42463031669956003,8.194092276200934,-0.5882325076623522,0.17516959502416876
110.05,0.8793019968272328,88.17187936497389,9.84688067310656,0.22122710129406348,0.3873063191907157,9.41618021290718,0.5938144080226925,0.42143280980917075,8.324159054768925,-0.6016816115368981,0.1681867311592224
110.1,0.8750336912702009,88.22100401289377,9.872764905157043,0.25710007564386217,0.403244615906938,9.295373763750957,0.575404552044735,0.4180076080275699,8.45887194791809,-0.6137814422700899,0.1643892399149274
110.15,0.8708415395949556,88.27011976471596,9.904151883681402,0.28981374076119887,0.4121844299078121,9.18626426740069,0.5535063273361164,0.4132537047641566,8.595243417805765,-0.6252968418919415,0.16614076643357087
110.2,0.8667743155655308,88.31923057733925,9.942101059902814,0.31921685785812093,0.4100717861907232,9.088386234288388,0.526919503977033,0.40587646562139357,8.729863064555019,-0.6363207413203844,0.17349062782091373
110.25,0.8628929090707287,88.36833435733146,9.98602169439602,0.3459994428034183,0.39562934249492127,9.000807861914264,0.4956108491128015,0.3949073612536805,8.860017788038265,-0.645935911300783,0.18480989259321387
110.3,0.8592750892754796,88.41742379050743,10.033851905005221,0.37150457762610695,0.37115355053517823,8.922374041559577,0.4606407303603498,0.3801195811942082,8.984417453852053,-0.6523681327458714,0.19842161559714852
110.35,0.8560141649892566,88.46648983319425,10.082960354981228,0.3972605762867927,0.3425400696013231,8.85185274128302,0.42362982554570544,0.36198625176825444,9.102139728600235,-0.6537634930694088,0.2129298227208741
110.4,0.8532098885683486,88.5155264737167,10.130740251307813,0.42428992048138386,0.3172313675357598,8.78794673986233,0.38598069012230507,0.341630430076988,9.211056608504933,-0.6491820163415188,0.2266449314437811
110.45,0.8509562890105072,88.56453357282913,10.175237738981043,0.45271238796163876,0.3017556197133917,8.729426336696333,0.3483711434214621,0.3203678928568115,9.308650973244264,-0.6389671492723737,0.23810200646170987
110.5,0.8493313172800542,88.61351694497996,10.215725204394223,0.4817806439477672,0.29984888239410323,8.674991117685144,0.31065330552201004,0.2989066034232682,9.39333060417942,-0.6245697502244478,0.24705385317339587
110.55,0.8483888788930835,88.66248644390812,10.252077077515093,0.5100979537594823,0.3111415111241584,8.62256892205995,0.27207381145388165,0.27623099604821116,9.464901931569731,-0.6080758517874777,0.25450001304790026
110.6,0.8481581031044929,88.71145208613868,10.283654998623806,0.5361157062665365,0.331315765097315,8.568873336811,0.23183318054742982,0.2499854148171035,9.524786226346551,-0.5914296049025056,0.2621169262840868
110.65,0.8486513827294503,88.76041952327533,10.309171275571094,0.558883312149038,0.3540583081406625,8.510065365427808,0.18980515032179263,0.21902735117164532,9.575171118852149,-0.5757362524034264,0.2714239012387065
110.7,0.849872970030687,88.80938724129038,10.327900787685076,0.5786794274152921,0.37412805299901747,8.44342610226111,0.14707535290043827,0.18517455933627044,9.617902520051086,-0.5609330568566333,0.2830533864577812
110.75,0.8518229016545209,88.85834736966626,10.34106046029098,0.5970480780388782,0.38965806284609583,8.368850054987693,0.10584818302963087,0.15348561742756434,9.654199565176757,-0.5459742883331734,0.29655514609489575
110.8,0.8544911305181231,88.90729068333717,10.351417653271,0.6158986637411649,0.40195259929846894,8.288174929515622,0.06847893993259073,0.12985827592809765,9.684793084397937,-0.5296475868879712,0.31057384740185473
110.85,0.8578456028078667,88.95621292370862,10.361534274637224,0.6362452139234525,0.41312411007705063,8.202998789870078,0.03621978616405291,0.11698368783336753,9.710217135040565,-0.5115419469432891,0.3231932364636971
110.9,0.8618294182365713,89.00511785586865,10.37260951271187,0.657584653279819,0.42367127700100704,8.11451882201315,0.0086324190244696,0.11393700276740865,9.731192642319277,-0.49243042903191486,0.3325776890138042
110.95,0.8663688027671872,89.05401529908424,10.384727717027712,0.6782452817568996,0.4324909668169504,8.025076545018642,-0.016030669146249114,0.11855535089941434,9.748407254566063,-0.473916068091869,0.3373850180753357
111.0,0.8713820995858335,89.1029161881652,10.397767100413445,0.6963156483371996,0.43873586088869226,7.937993929374893,-0.03993567779453586,0.12806940028253788,9.761531439259718,-0.4577038109269365,0.3365170771950405
111.05,0.8767869250688924,89.15182739012171,10.411835131856805,0.710608713112467,0.442770257829869,7.856328834555811,-0.06476226077108582,0.13870525673345802,9.768837571617222,-0.44480452908392465,0.3294754601663251
111.1,0.8825067619248096,89.20074841002437,10.426703056390227,0.7211666715380667,0.4455734091731651,7.782420083507506,-0.09109896586559567,0.1461851422947803,9.768228652379625,-0.43492998678385053,0.31771685448470066
111.15,0.8884772828342062,89.24967106730716,10.440998990295565,0.7291548481156853,0.44809832437137764,7.717911810619898,-0.11837798494590498,0.14750312395449064,9.758887634344745,-0.4263323238174467,0.30593136497951057
111.2,0.8946451580017961,89.29858214740143,10.452488344288192,0.7363788015629263,0.4513218211303076,7.663605967331993,-0.14538809534471028,0.1432103630879649,9.742042085102621,-0.4162317623758167,0.3009384536888468
111.25,0.9009512501216332,89.34746892537811,10.459143958137322,0.7445090059553562,0.455910680631024,7.619108843266054,-0.17117326209892458,0.13682972310774075,9.719921302891912,-0.4018842903612854,0.30743612428599226
111.3,0.9073132842405843,89.39632520619078,10.459375591027555,0.7541739245157788,0.4611636904678806,7.582218840307269,-0.1958943474101363,0.13147691004231196,9.694351046558358,-0.38176849893796805,0.32474241008839244
111.35,0.9136267551678583,89.44515330493829,10.451705354472773,0.7645998954144572,0.46481300902619616,7.549243905824677,-0.22099029910191137,0.12829199683818787,9.666519349631132,-0.3560175692752868,0.34773758437853114
111.4,0.9197779172029119,89.49396047633097,10.435280036373827,0.774220467545548,0.46414301381812134,7.517422272119891,-0.2483642758278384,0.12743599833777883,9.637445841505153,-0.3258795061428129,0.37053425536329837
111.45,0.9256569787780071,89.54275375206726,10.409911666674606,0.7815287744656353,0.45727810751717785,7.487088431956573,-0.2793259470877806,0.1288338616366402,9.608106161928276,-0.2928976973015479,0.3893428544085635
111.5,0.9311696485534391,89.59153648706412,10.37516470923988,0.7855645280344187,0.44455897253645793,7.461689528040279,-0.3139754047145027,0.13275248718820493,9.579036841449172,-0.25837173109644673,0.40285323273908974
111.55,0.9362382000105279,89.6403071106303,10.330379347951034,0.7861553415382928,0.4286998272141581,7.445981697945399,-0.3511498651502642,0.13940042117153417,9.550398773352859,-0.22307235239767567,0.41138196429940843
111.6,0.9407946452110925,89.68906044208684,10.275057703388804,0.7837757400446234,0.41347289627639316,7.443585448453644,-0.38890687822640785,0.14749128825017424,9.522530205631417,-0.1872596751285999,0.4156446516548959
111.65,0.9447770998183047,89.73779035671024,10.209272510537762,0.7791416002263016,0.4026933110498615,7.455619776739317,-0.4251966307361048,0.15395251399999102,9.496159868111503,-0.15094157675383807,0.41551186924428907
111.7,0.9481294937625033,89.78649196946346,10.13381145970598,0.7728191775076195,0.39916512187092706,7.480763663448697,-0.45837724118005063,0.15531412662365676,9.472157851066251,-0.1141758915645293,0.4099150762335211
111.75,0.9508056191237972,89.83516304041991,10.04932156457213,0.7649009762266799,0.40277446568022435,7.5165622220062795,-0.4874901783521482,0.15022725534737044,9.451386132390116,-0.07727171451624451,0.39800294070196285
111.8,0.9527794528772792,89.88380405675261,9.955773255537059,0.754987943552397,0.4099631764999637,7.561154182188212,-0.5122168436651001,0.14107552475502655,9.43531320956752,-0.04070706684194714,0.38159033150209093
111.85,0.9540483771939445,89.93241735897443,9.85270623583036,0.7424088091541423,0.41544701471347056,7.613823571241752,-0.5326981017494078,0.13289537057915737,9.426231131007633,-0.004974911534165094,0.36587525906624396
111.9,0.9546207620800619,89.9810061079638,9.740274243339913,0.7265512317524138,0.41489643846648555,7.674158215716424,-0.5494153982041953,0.1307104876058751,9.425750541826073,0.029398893437895122,0.35583802793012037
111.95,0.9545023607502776,90.02957307930122,9.62050273880143,0.7072362811146135,0.40662281470289957,7.741261291796211,-0.5630016659784185,0.13672468829351134,9.433492560064312,0.06186559381810678,0.35332871608473393
112.0,0.9536920139345086,90.07811974902955,9.497134239647176,0.6848432328055793,0.39105159467935907,7.814057678082375,-0.5739991224475643,0.14930372413053125,9.447095382447355,0.09196527355564656,0.35718320710378104
112.05,0.9521858552783186,90.12664567045184,9.374322185601772,0.6602119331856207,0.36926170299161387,7.891839667295164,-0.5827052991884973,0.1646248159766407,9.463400772712781,0.11959043139547074,0.3646253704725208
112.1,0.9499857672320179,90.17514833775286,9.255442857953197,0.6344602558002876,0.34220179486650226,7.974349756993434,-0.5891587439730653,0.1788690892269129,9.47980855268326,0.14520280387816878,0.37304361316590895
112.15,0.9471072798926825,90.22362404498844,9.142779924285032,0.608747390530593,0.31121922867937907,8.061827239675795,-0.5932560595068532,0.18946772342520557,9.494745545736883,0.16973159342587335,0.38105495595379507
112.2,0.9435836050933011,90.27206933184414,9.03831836872517,0.5840611966968793,0.2796365337231788,8.155126512683454,-0.5949328362590879,0.19555346603536536,9.50814993756896,0.19435192876085022,0.38829427448453596
112.25,0.9394659671705909,90.32048285688133,8.945140218897242,0.5610083141643781,0.25409714843786124,8.255173143559142,-0.5944725117924591,0.19790473618450408,9.521681234427415,0.22015423115733124,0.3943486453625913
112.3,0.9348178834177155,90.3688677888909,8.86706146955077,0.5393740144239041,0.24247203391966965,8.362012624649909,-0.5929096813296614,0.19814511115165978,9.537502028286747,0.24755391744609484,0.39818590491229117
112.35,0.9297008599517662,90.41723261219478,8.805858156480395,0.5177242980154981,0.24834668576411936,8.474416176929134,-0.5920868554653692,0.19760875458537805,9.5569669523642,0.275961647675963,0.39821562276829275
112.4,0.9241653822872611,90.46558784316564,8.759642701185351,0.4938376622162198,0.26794809950001225,8.590343215244754,-0.5939871463839875,0.19723394271140732,9.580048564895625,0.3042003161064516,0.39270168251467397
112.45,0.918259902939845,90.51393989915452,8.72376942915592,0.465875872924468,0.2927526714966319,8.707366046480413,-0.5996945146786964,0.19871518239013994,9.605722658683353,0.33148703118171197,0.38106128476794254
112.5,0.9120439085913897,90.5622866365777,8.693210618989012,0.4334376023072921,0.3147181045704647,8.821779863555662,-0.6087904078873535,0.2045180414717535,9.633072312127327,0.3582646147281946,0.3645873845648914
112.55,0.9055897998241761,90.61061761379497,8.664670113656655,0.3978076644526268,0.32952620499876917,8.928198380573141,-0.6194173283337406,0.21581670570752243,9.662313896209877,0.38626031793012405,0.346452551811945
112.6,0.8989771518532375,90.65891820250668,8.636524736308786,0.3612934553719702,0.33666705071515085,9.021610877744624,-0.6287874436590697,0.2320336996277788,9.695466213004341,0.41783462519440184,0.3317445534720283
112.65,0.8922826548826016,90.70717640195859,8.607171519760934,0.32592665314080393,0.33744608853014463,9.099073606984579,-0.6342588188065059,0.25212806822742606,9.735762368068032,0.4547564437453076,0.32575492530156686
112.7,0.8855682442854377,90.75538921538086,8.574017119034579,0.2923142165856962,0.3324645428678401,9.160280065972353,-0.6344146581678395,0.2754769440813692,9.785499349779125,0.4968910004840818,0.33117587358583084
112.75,0.8788738897259225,90.80356461899379,8.534396403411622,0.25938887310400466,0.32100951217930107,9.207980862135138,-0.6293474194245579,0.30131254438529426,9.84414210490855,0.5417131738938695,0.346206985408462
112.8,0.8722223698256759,90.85171834991493,8.486935408848215,0.2250403582736462,0.3027425801093308,9.24677039811761,-0.6202707330132174,0.3271127360767456,9.908357627729396,0.585020924177795,0.3649007987242262
112.85,0.8656381646714927,90.89986656613738,8.430853971734127,0.18724641144494683,0.2788915961852555,9.28114749412224,-0.6086394439752165,0.3493368744038967,9.97379640280988,0.6225480674413856,0.3810441200479169
112.9,0.8591642760821816,90.94801797402667,8.364444307908053,0.14525089029044833,0.25151545194461244,9.314854895669077,-0.595073220706443,0.366024827550684,10.036921436289763,0.6516282771076571,0.39243682534779983
112.95,0.8528645988379284,90.99617087219734,8.285432875114275,0.10011639601626952,0.22259119831582114,9.350003654679986,-0.5790449941949222,0.3774088578142417,10.095662426859912,0.6719336717947875,0.4008894143650651
113.0,0.8468144519642753,91.04431617487886,8.192445153378126,0.05432507441119029,0.19375447608353263,9.385577820141636,-0.5595469804407721,0.38410848150107074,10.149054559267165,0.6850365568614153,0.40936181147512735
113.05,0.841085960138963,91.0924423714874,8.087256667277492,0.010995554993226974,0.16712099567527205,9.417824020177733,-0.53581658370976,0.38590647529416056,10.196640339017067,0.6934285326833659,0.4195451216019159
113.1,0.8357383977546221,91.1405405129978,7.976205925871828,-0.02704930760200477,0.14662767535678128,9.442095178728206,-0.5078747911017335,0.38193904742688567,10.237959262810238,0.6994876407390751,0.4304930837815305
113.15,0.830816559877578,91.18860865092283,7.867230109907952,-0.05839553922364198,0.13581956639000262,9.454695578287378,-0.4769440598824579,0.372069685098367,10.271875269073316,0.7045628360255083,0.43893523386251626
113.2,0.8263521983801521,91.23665301199675,7.766254468433214,-0.0835660164283598,0.1341002683564698,9.453921955832262,-0.44538579515734655,0.35817904127117217,10.296183666061337,0.7086331508471085,0.44109706844618973
113.25,0.8223699377646075,91.28468470257224,7.676399212042328,-0.10457652577981773,0.13681711057167112,9.439628552665544,-0.41605553552000113,0.34345288052623996,10.30849302272213,0.710871690291323,0.4353079634709229
113.3,0.8188975863669353,91.33271367086026,7.597985981198912,-0.12397744152632183,0.13900369429408857,9.412531956575577,-0.3912562875283188,0.331101434620499,10.307606276242014,0.7107218940406178,0.4239576329642775
113.35,0.815967504339239,91.38074311727723,7.5292682840445275,-0.1438097543885835,0.13892322160163512,9.374184240685196,-0.3717576512448191,0.3242532813311544,10.29385342754119,0.7087464800455859,0.4124906371571715
113.4,0.8136022918892506,91.42876772501785,7.468352831942717,-0.1649166792392704,0.1376277772527965,9.327155523856256,-0.35649394530540934,0.32583025809617117,10.269091049249411,0.7068493596001629,0.40651063940438487
113.45,0.8117984957686414,91.47677643983444,7.414424389322547,-0.18703337938515868,0.1366513915992951,9.275207111987994,-0.34306486442717193,0.3376096970030733,10.236513633589826,0.7077575295942868,0.4095912661317652
113.5,0.8105189248180816,91.52475808092208,7.368511406388894,-0.20948292895516693,0.13713878649253158,9.222898443825411,-0.3287902152373174,0.35937595695949603,10.199560833011741,0.7138742650472811,0.42190254745909006
113.55,0.8096931111031603,91.57270749514657,7.333706584087885,-0.2320627089999394,0.1395247137256786,9.174453956359221,-0.3118657342994069,0.38751484891938254,10.16100537047426,0.7260600877398097,0.4397461653255351
113.6,0.8092271586937825,91.62062874047533,7.313733690321028,-0.2555989464684585,0.14287611818616208,9.132987333425806,-0.2919583864976437,0.4141927982110947,10.122720699828879,0.7430760353667674,0.45677184627387757
113.65,0.8090268132926342,91.66853301578716,7.310971542525892,-0.2817377980403022,0.1446432671711768,9.100559074718044,-0.26995087438041676,0.4303437199155008,10.085482373379827,0.7619658331432659,0.4665113268521898
113.7,0.8090264371094248,91.71643278179188,7.32516598455321,-0.31212764041245716,0.1413916846191631,9.078485128925191,-0.24709078040402527,0.4305126444891152,10.049174263150546,0.7791793372447191,0.4651043662978698
113.75,0.8092093323896382,91.76433549246214,7.353713845857496,-0.34745153140188384,0.13093250601202353,9.06733217060525,-0.22406004751701258,0.4153388379630754,10.013323471943295,0.791860245101804,0.45271581630609115
113.8,0.8096099087985965,91.81224012275523,7.3928452892528105,-0.38682543571970995,0.11422553762714995,9.06656626122219,-0.2004765856635056,0.39114427663252777,9.977167003937117,0.7986013897131315,0.4327601938849962
113.85,0.8102974336080666,91.86013811438994,7.438285209737578,-0.4279243942497364,0.09471122208344857,9.074129206614796,-0.17508845276675772,0.36713617013753924,9.93910346846483,0.7993753569907108,0.4101891975669505
113.9,0.8113490397504038,91.90801725680139,7.485568620250877,-0.4676880941776084,0.07668658574048401,9.08683959018542,-0.14634933407677939,0.35124593418681077,9.896293059334473,0.794973946419054,0.3900781513592839
113.95,0.8128226748340761,91.95586619104608,7.530718703012276,-0.5032014434289961,0.06458655436577808,9.102028146181398,-0.11296464713037414,0.34736806942240195,9.845274584375828,0.7863889838695483,0.3758660865257945
114.0,0.8147392661992883,92.00367868551837,7.57111929096686,-0.532484601253406,0.061795597112385595,9.118645935296609,-0.0744805274385951,0.35509017253512815,9.782885716082939,0.7741900222578529,0.3676852718193861
114.05,0.8170791221260296,92.05145611422475,7.60579152822711,-0.5549926838526757,0.06960445353151794,9.136738344844849,-0.031761729947612796,0.3703087574263558,9.706825325993824,0.7581086681427189,0.36254487766556165
114.1,0.8197908154107775,92.09920596784646,7.635234338571778,-0.5714771351035508,0.0870380729464047,9.15642925459274,0.013126691312617395,0.3871347973883753,9.61605168037963,0.7373091030891942,0.3562778364776364
114.15,0.8228074706373092,92.14693767900096,7.661292229531214,-0.5833118924923013,0.11081485482805342,9.176746474425691,0.05746616532726379,0.40096171083305554,9.51070345097903,0.7110908843714964,0.3455407111885696
114.2,0.8260616913444041,92.19465822237208,7.686773410001575,-0.5917423398041639,0.13588184775615442,9.195198255333166,0.09866342576208513,0.41007260658915157,9.391576067589614,0.6795219947548051,0.3288615367674856
114.25,0.829492974852186,92.2423686509664,7.714939127726574,-0.5973283293546928,0.15707763513059037,9.208957640936411,0.13517260236303624,0.415368179697157,9.260068164487542,0.643892683958176,0.30680268937024846
114.3,0.8330502403705337,92.29006341652808,7.749249106157546,-0.5998262100769207,0.17118437202442646,9.21560382295072,0.1668587436418333,0.419251543172554,9.118709974082025,0.6067375715911147,0.2815788426234367
114.35,0.8366907587704162,92.33773245890691,7.7929161040921,-0.598518198884897,0.17778690833108837,9.214720417285724,0.1949357172828796,0.4255866435366872,8.971623957818013,0.5713810330190814,0.25632810105158454
114.4,0.8403727931672392,92.38536568404498,7.847911423882231,-0.5929654646930501,0.178511161608498,9.21016222681063,0.22156875193175332,0.43857543715052133,8.824975255142599,0.5410798319729322,0.2350101767880693
114.45,0.8440467405300656,92.43295982658744,7.913781143694428,-0.5841209169282789,0.1758524516640457,9.208008469122207,0.24847881230454866,0.45842720774609763,8.686685575691774,0.517721905134596,0.2223978386085554
114.5,0.847651187318451,92.48052264447531,7.98738487517711,-0.5748830100518801,0.1722168216186251,9.212627526715066,0.2756401866358596,0.4803480186649052,8.56442366307549,0.500820398572152,0.22180481163517057
114.55,0.8511111312845675,92.52807026878266,8.064429039272719,-0.5693384154959854,0.16972548406998775,9.224589254265835,0.3013202670106266,0.4964292964578314,8.463453728453946,0.487702816350475,0.23212797744635189
114.6,0.8543477834750604,92.57561854342615,8.141073846143819,-0.5710191012077744,0.17072220706414604,9.240843857313735,0.32344684570397736,0.4989314654113148,8.38573384117577,0.4748865856205576,0.24804469149336145
114.65,0.857298670913502,92.62317298769617,8.214286618687746,-0.5811247744806376,0.17763752199499097,9.25774249205766,0.34158663431988473,0.48570488760738534,8.329946301970644,0.4598129080644063,0.26301345967222883
114.7,0.8599270868088201,92.67072446063223,8.2821717184771,-0.5977325247425332,0.19207384909537012,9.273629088370537,0.35791926830988435,0.4618590948102903,8.292125105270882,0.4417834565111725,0.27218928898653744
114.75,0.8622185020217216,92.71825327775584,8.344367929895977,-0.6164874285001278,0.21397546824905117,9.289257461723224,0.37651306184356864,0.4365026315054505,8.266679950373963,0.4215828243639665,0.2742572189351408
114.8,0.8641690942774523,92.76573872306795,8.401551188276745,-0.6324307647684766,0.2413791411822438,9.307412731874736,0.40157797633778036,0.4184453618226361,8.247574086985315,0.4002497900174569,0.2714214024510663
114.85,0.8657703498272561,92.81316870616577,8.4548296858454,-0.641915352520482,0.27106828085382567,9.331855017272973,0.43560022205972015,0.4128992752193798,8.229166698910417,0.37778524315460266,0.26741258966715753
114.9,0.8669987560352453,92.86054497168695,8.505824220437406,-0.6436599289833247,0.2997702241382396,9.366149979988199,0.4782548115944704,0.41987164474470806,8.206708157030087,0.35251736854360227,0.2652513791745261
114.95,0.8678151327170909,92.90788173322126,8.556849812891624,-0.6386194107299613,0.3248908096509728,9.412750513145978,0.5264957165205891,0.4347199302949109,8.17683940050459,0.3214805760541208,0.26647549715671237
115.0,0.8681743265677361,92.95519919135411,8.610277103737463,-0.6290347842845965,0.34465577236220557,9.472293656658561,0.5756148677359131,0.4501004474195865,8.137900631122948,0.28156980873266485,0.27141492954881674
115.05,0.8680393808307376,93.00251476198576,8.667396472102318,-0.6171339541936247,0.3580025647069105,9.543717005449494,0.6209293939918428,0.45883681287601186,8.089088491233996,0.23095084857384165,0.2787789822448846
115.1,0.8673926920715712,93.0498358207164,8.72694123855351,-0.6041293776016872,0.36358700741400024,9.62487000226551,0.6593319137508971,0.4570286939160542,8.029019602966345,0.1701288911956779,0.28474712399131735
115.15,0.8662474453209538,93.09715649979098,8.784554418884856,-0.5898050127130025,0.3601027094564618,9.712922008102387,0.6900730805038696,0.44527751641354985,7.956083026923279,0.10237419830305,0.28455221246786505
115.2,0.8646538419030889,93.14445965793766,8.834736341791409,-0.5726104744108244,0.3488949985544375,9.804276147553253,0.7145165283748354,0.4269524553057263,7.870325876583609,0.03329165651327954,0.2753225733591554
115.25,0.8626913819184058,93.19172406934196,8.873273251969374,-0.5504753761544987,0.3348846775976238,9.894382371634768,0.7349473855183035,0.40585324979989346,7.775139556442159,-0.03054085579893272,0.25752527873658115
115.3,0.8604553227047957,93.23893377960741,8.898631754876464,-0.522094833715954,0.3250471285378152,9.978299001305858,0.7531107532296125,0.3855221956407917,7.676917267450459,-0.08351686175116811,0.23530941194716393
115.35,0.858037914156513,93.28608615116768,8.912095794208584,-0.4881187144702702,0.3255361888492771,10.051406950228554,0.7690294481246633,0.3690786452898359,7.582028838088816,-0.12289083520769309,0.21376112280748572
115.4,0.8555072822936127,93.33319457993835,8.916508194244484,-0.4515997574566877,0.3383278096710061,10.109043788052508,0.7805765964140273,0.35823331936813413,7.49467120603714,-0.1495533325093582,0.195430731262649
115.45,0.8529007985095942,93.38028251243115,8.91495593212514,-0.4170414274746176,0.3598651761756284,10.146395354155631,0.7844877303559689,0.35281337154007575,7.417998829085493,-0.16701624565108036,0.1812125239988929
115.5,0.8502329406709647,93.4273718528191,8.910087353701499,-0.38846120590625693,0.3824312683167481,10.159914993590608,0.7784353033274239,0.35186257025015244,7.355761255279102,-0.17934632142728243,0.17270232075691885
115.55,0.8475035200341943,93.47447327705395,8.90403780353807,-0.3677136161141185,0.3977175439848087,10.149115945803858,0.762788531030853,0.35444094790790837,7.31137110322915,-0.18946218704174597,0.1703973399363347
115.6,0.8447078252865579,93.5215824450399,8.898907432133557,-0.3537916881876085,0.40122821730465313,10.117776400501514,0.7412628994094388,0.3596725416384803,7.286876715996325,-0.19836550018917895,0.17162554344162634
115.65,0.841848618824623,93.56868358256047,8.896846272709919,-0.3434392091741887,0.3942915003248437,10.0731913608848,0.7199395091500682,0.36720416662576855,7.282888240271826,-0.20555636413644066,0.17147520136960478
115.7,0.838942715006532,93.61575952126356,8.899659424753805,-0.3328819328913675,0.38241805286003744,10.023222536550422,0.7048488649837171,0.37672387314745764,7.298616071923381,-0.21050632120346727,0.16511572811814165
115.75,0.8360218769428097,93.66280230641995,8.908374909681747,-0.3196711917678033,0.37150527641554965,9.973778287875337,0.6996108169873995,0.38680301371717285,7.332267255618932,-0.2141990007015232,0.1507417440117597
115.8,0.8331305121662455,93.70981801699722,8.923102681557518,-0.3035791062873144,0.364934010335284,9.928068335919454,0.7043964580519196,0.39499055856983023,7.381151010963394,-0.21971984467947697,0.1307519610674078
115.85,0.8303202875593896,93.75682341768243,8.943407449134165,-0.2861151598028055,0.3635846154800589,9.887068441033444,0.716511508504691,0.3988268444618439,7.440976459603933,-0.23153682319785338,0.10986808535680406
115.9,0.8276441606727948,93.80383707627118,8.96867919283677,-0.2691209247879554,0.3672875661723145,9.850567077186783,0.7320561830001238,0.39696464184331237,7.505334548239045,-0.2538479546911825,0.09220753690635872
115.95,0.8251526000354018,93.85087011431266,8.997947417010037,-0.25333837678095633,0.37522119240818674,9.817998211031156,0.7476850614594773,0.38987810243879967,7.567040196824296,-0.2887796038388403,0.08014372821605315
116.0,0.8228880925874342,93.89792079335993,9.029391014778549,-0.23765648558957095,0.3852847589568376,9.788441170517526,0.7616812098414274,0.379326247025103,7.6204450596776665,-0.3353070509755999,0.0750020892613986
116.05,0.8208807966293986,93.9449754917798,9.060544503009556,-0.21934674308946916,0.39453801557367796,9.759499844322304,0.7738263493808499,0.36696140675112976,7.66272521754558,-0.3894199199427009,0.0770895476061607
116.1,0.8191494179177304,93.99201480168496,9.08937721705257,-0.1950417593214301,0.40091194024929305,9.726899936910186,0.7844919878707973,0.35369580985584337,7.693640386887938,-0.44535233340100616,0.08526444803464119
116.15,0.8177024486367328,94.03902145924019,9.115109064087584,-0.1620385981943947,0.40430163579186706,9.686248955616072,0.7937397321180728,0.3401038610041271,7.714583500286977,-0.4972837050797352,0.09701050895498572
116.2,0.8165411812011723,94.0859874186593,9.138110363661568,-0.11955108202935769,0.4067017427739723,9.634716120227216,0.8005591185217652,0.32729922606484024,7.727731702278849,-0.5409149165125023,0.10895348294341775
116.25,0.8156625483757665,94.13291717675752,9.158965105399929,-0.06938583216843847,0.4111531032773789,9.57140798885432,0.802551261746069,0.3173702174892716,7.735432861650819,-0.5743902039976345,0.11823309894585932
116.3,0.8150568186835909,94.17982592248389,9.177506729329046,-0.015635302516949282,0.4197886447106775,9.496318718238157,0.7962794492666636,0.3120604419199811,7.739886387312085,-0.5982723101849272,0.12413774857009115
116.35,0.8147039020938969,94.22673292590358,9.192638220422566,0.03662048899810379,0.4326965910821339,9.409085919238423,0.7783174275687134,0.31106637288644334,7.742914065678545,-0.6145988317750127,0.12834947218036008
116.4,0.8145696098778221,94.27365201552847,9.202970638438275,0.08320665979455646,0.4482315396705092,9.30921237612498,0.7468762759205652,0.31190270560742395,7.745400749643512,-0.6254183644251394,0.13367090075869653
116.45,0.8146037981969522,94.32058385035182,9.207747877870819,0.12243148314889553,0.46412373594266326,9.197134302297854,0.7031678342031246,0.31118305265732177,7.7470425747429985,-0.6315486803916038,0.14243182248094743
116.5,0.8147447186820062,94.36751468649102,9.207210105546633,0.15543197014147112,0.47856497889541355,9.074868824128506,0.6515709056420304,0.30634929213652934,7.746926981356298,-0.6322654570957734,0.15572196224353624
116.55,0.8149255217557865,94.41442187176362,9.202719910230307,0.18533070008470984,0.49129303320517687,8.945698230007288,0.598454573615271,0.29648608527843023,7.7447057156718495,-0.6260068917471546,0.17386716763390597
116.6,0.8150761018132238,94.46128375757607,9.196901669215602,0.21567826043460225,0.5035903272522182,8.813531939638002,0.5501331316386382,0.2822948970573661,7.741482200167722,-0.6117468069341034,0.19653508302955458
116.65,0.8151217379077047,94.50809044338678,9.192629173094375,0.2485357238948681,0.5158834316146842,8.682635672286029,0.5107083977090544,0.2662830121922698,7.73969417835778,-0.5905068937166282,0.22205950671501132
116.7,0.814986631794276,94.55484930473997,9.19141478798984,0.2832097240209766,0.5261627751403917,8.557063372821505,0.480803629006661,0.25260552404779213,7.742194733181283,-0.5660672077175406,0.24749686240005128
116.75,0.8145999260940341,94.60158176957522,9.192885502636464,0.31656437511967334,0.5311282027907778,8.439703704169357,0.4578827844927462,0.24516315192497568,7.750999474056895,-0.5442769912871648,0.2693823700385968
116.8,0.8139011594969598,94.64831287058128,9.19538415394213,0.34475978841624816,0.5283672938844436,8.331989719584685,0.4380158912327945,0.2451760576057425,7.766816511332245,-0.5311300560069115,0.28485639730284457
116.85,0.8128478144732214,94.69505803493253,9.197143747513872,0.36563994469031375,0.5181327683329321,8.234009380109677,0.41811866806674736,0.25138125179252047,7.789510886422837,-0.5303562327732708,0.29290074304892155
116.9,0.8114190398793324,94.74181443108094,9.19712233668273,0.3803212556123539,0.5031829964933054,8.144841492472475,0.3974436205313978,0.2620532804788828,7.8190769219614396,-0.5418217971310234,0.29501342241899214
116.95,0.8096112715783086,94.7885622051882,9.194954851013094,0.3929117920274672,0.48698539781513106,8.063077307958224,0.3775533466761784,0.27595105783389323,7.856363043659131,-0.5616908011950236,0.2947741388860621
117.0,0.8074310147165468,94.83527434734091,9.191050780554809,0.4087117782966882,0.47257166456969524,7.98652150465496,0.36080011116561905,0.2920645990113497,7.9023856670578745,-0.5842224470060133,0.29613760097836156
117.05,0.8048861466435185,94.88192926371278,9.187470008027763,0.4320226049336063,0.4626938847062611,7.9115437843449445,0.3483224049318692,0.308478134102608,7.9574404128285465,-0.6041325951106874,0.30164733572734986
117.1,0.8019769116455961,94.92852032261266,9.188227944931286,0.4644759276326615,0.4592454381347942,7.833321265913,0.3386771051091512,0.321561346069459,8.020342251366676,-0.6184854834531555,0.31092790416184013
117.15,0.7986950136271559,94.9750579200508,9.198426253169991,0.5045677169957669,0.4617580111005372,7.747644491311045,0.3278761226430445,0.327854119140641,8.087788330829241,-0.6272897150042006,0.3200362299854561
117.2,0.795034554694372,95.02156287263864,9.222801983542759,0.5485930737553537,0.4667637565568254,7.652765979377512,0.31082236379784545,0.3270906306582006,8.155717437220295,-0.6324149723397605,0.32411659492630346
117.25,0.7910052267560801,95.06805571291345,9.264403639668606,0.5923322227269856,0.46882756557824307,7.549980681236619,0.2833015653179803,0.322534582382157,8.221281968170567,-0.6357368785040389,0.3211429732821271
117.3,0.7866424101495929,95.1145475951709,9.324049737901504,0.6326416843864037,0.463204696863408,7.442740706153093,0.24354874416595354,0.31876223901990475,8.283673573852207,-0.637632931079987,0.31364606845804177
117.35,0.7820101239827314,95.1610367805385,9.40040252160664,0.6682251071546134,0.4484032730506217,7.334443311780901,0.19269436719914465,0.3187359234598828,8.343982730755412,-0.636485521725262,0.3078262523591322
117.4,0.7771899469033688,95.20751161898549,9.490241764536036,0.6993507273745309,0.42668808085298937,7.2272418090995165,0.13414662031768923,0.3220989530071536,8.403627290962246,-0.6294222453254694,0.309670381653563
117.45,0.7722628969292342,95.2539572791435,9.588782490166508,0.7269410258709644,0.40209810393554624,7.123011336788294,0.072436501708506,0.32540592459934436,8.462880356654797,-0.6137035089076877,0.32151175446057717
117.5,0.767298395161648,95.30036280764703,9.690049757676196,0.7515459599859698,0.3781602514835509,7.024507652496268,0.01191180419479974,0.32385245972224497,8.52072132226351,-0.5879749099836885,0.3408212216060323
117.55,0.7623591179609595,95.34672569714277,9.787953650189879,0.7727564816919515,0.3576361654478341,6.934911071881373,-0.04435573070578434,0.31393475140231647,8.575103806387272,-0.5529627702238942,0.36083234741828996
117.6,0.7575153889453764,95.39305232911872,9.877166826893147,0.7892461877524061,0.34294505374779044,6.856783461211179,-0.09500233590361874,0.29517687457051445,8.623661381261218,-0.5113874143478747,0.3741090625223569
117.65,0.7528529515815368,95.43935466775221,9.9530654614344,0.7993017725161609,0.33563602171038265,6.791694654641862,-0.1400373160141262,0.2699919250590957,8.664797882978691,-0.4671396787756838,0.37657969892451204
117.7,0.7484686855483372,95.48564480646277,10.011748150111508,0.8017203662444075,0.3356986003135901,6.740490942085824,-0.18000145661333875,0.24268191223409152,8.698256230636542,-0.4240963476078746,0.36883980476282796
117.75,0.7444593614139581,95.53192998183856,10.050862568068919,0.7967085031463751,0.34206919228233773,6.703818817473561,-0.21510282067784273,0.21751427222810799,8.724938041872745,-0.385098597334622,0.3548401465768723
117.8,0.7409095117705287,95.57821069737187,10.070451535509775,0.786213996160028,0.3537470578360131,6.682405009167099,-0.2448793654263207,0.19640490816243364,8.746195733035623,-0.3515258292453931,0.3393079228280822
117.85,0.7378841985809466,95.62448235036776,10.07254620298945,0.7734236777016255,0.36988824364545225,6.677211823374605,-0.2684879451781697,0.17883480536683516,8.763106765008699,-0.3234918309626027,0.32562822184975715
117.9,0.7354276074544028,95.67073898627868,10.059595660293427,0.7616756881604716,0.38881825254193997,6.689840915881527,-0.2853133956660042,0.16379499563380517,8.77629070895736,-0.30040554666553393,0.3153238253937858
117.95,0.7335673596678726,95.71697716203415,10.03355095362829,0.7534734089305355,0.40781179396556777,6.722372517989181,-0.29556828131480084,0.1510107856427506,8.786294925172584,-0.2815577636667921,0.3089527243757265
118.0,0.7323234793915241,95.76319818567521,9.99641904916612,0.7500673940453932,0.42425599525705515,6.7760661986634005,-0.30067870383050554,0.14079536313437016,8.794161855137613,-0.26646525798763104,0.3076278119730724
118.05,0.7317117630918375,95.80940818489887,9.951035063582193,0.7514858146315644,0.43608997515918546,6.850339149924473,-0.30328590894153434,0.13402967193710075,8.80115548974021,-0.2549700722617256,0.3132740669882621
118.1,0.7317379767570956,95.85561641783413,9.900453161438467,0.7566822411420087,0.44133053647242165,6.942254397870591,-0.3068464105929036,0.13164568493616335,8.807815787518617,-0.24711249619202405,0.3269365703883278
118.15,0.7323950852767489,95.90183190782523,9.846339401949509,0.7638860654617418,0.43855681932900037,7.046182500065064,-0.31486636878010216,0.13321782458227038,8.813678053545415,-0.24266437295676713,0.3473839678223327
118.2,0.7336677184880196,95.94805876243107,9.788610193403152,0.7714243716810527,0.4280468571342949,7.154841645918012,-0.3298395052258156,0.1370518947683309,8.817934261517033,-0.2403902509878798,0.371190299674658
118.25,0.7355381121692913,95.99429283406252,9.726126749636686,0.7784591526962137,0.41199142766637087,7.2610298009838585,-0.35245577609920914,0.1423506843548438,8.820300713047105,-0.23757887535439198,0.3938562565625772
118.3,0.737988017489385,96.04052274390644,9.657724517794147,0.7850359345046136,0.3933657410163524,7.3588203973316775,-0.3815903766248621,0.15018913421204916,8.821493042629195,-0.23039155035355777,0.41137912905844104
118.35,0.7409949283720566,96.08673494514444,9.583140295511438,0.7915319332634702,0.3742979414703962,7.44448573624916,-0.4149703358203818,0.16183570788396248,8.82291025271135,-0.21497835886684316,0.4215176780860082
118.4,0.7445297054785793,96.13291982760443,9.502895578312188,0.7978208561132824,0.35570766866945924,7.5166138182790165,-0.4501683335822368,0.1768672063955276,8.825806028350842,-0.1888088733546661,0.4244251333073102
118.45,0.7485585436132263,96.17907531888598,9.418080160992485,0.8027615446162625,0.33875573104734386,7.575236407422179,-0.4854119807934188,0.19328349228405592,8.831101145964462,-0.15144912400786747,0.42262248531327784
118.5,0.7530429705393487,96.22520732767728,9.330409251971135,0.8042201636818399,0.3257189608845963,7.62121395835937,-0.5198663440643452,0.20800611530797347,8.839581532109143,-0.1046185164859046,0.41998851024333356
118.55,0.7579352923010896,96.27132782331392,9.241222333726562,0.7993417856874756,0.31836101988340976,7.655991269071177,-0.5534565851654542,0.21733659752857803,8.851592666095774,-0.05175335745433924,0.4197916772532549
118.6,0.7631779437737737,96.31744953646138,9.150586147295819,0.7853949800976405,0.3162517292970913,7.681291419353165,-0.5862032364980078,0.21893410457289947,8.867068450396433,0.00309029640812828,0.42361419596229677
118.65,0.7687086297015275,96.36357885554912,9.05790494984441,0.7611201931478738,0.3172153007053863,7.698996925789455,-0.6172858479445362,0.21378737282131013,8.88615528007588,0.05669656898749629,0.43197467736964157
118.7,0.7744634330473192,96.40971218261578,8.962812787309643,0.7274838797728732,0.3188683162007309,7.711025692500991,-0.6446163844216942,0.2059092784089581,8.909109973391057,0.10746020843639464,0.4447099955000443
118.75,0.7803752312647427,96.45583810193257,8.865424547093651,0.6873019674361106,0.3196290684926184,7.719017475980138,-0.6653112414888259,0.20027229206400446,8.935543606749611,0.15509723961949234,0.4605208132477739
118.8,0.7863707452898077,96.50194269465774,8.76611148684617,0.6441930088928107,0.3189421012798672,7.724393661473157,-0.6766581996500163,0.20095300698880153,8.964258699982992,0.19988344290934984,0.47732596344238537
118.85,0.7923678107946154,96.54801526196722,8.66499624255943,0.601374969561962,0.3171190239288186,7.72883308881285,-0.6771149301654072,0.20986413358659525,8.993885869809263,0.24190461091780868,0.4931832680115839
118.9,0.7982741208620122,96.59405279791454,8.561475390258439,0.560718663564716,0.31457655497512305,7.7343801081914725,-0.6670567313347708,0.22609796371113658,9.023548383853246,0.2805215820858926,0.5064666567984772
118.95,0.8039910155595028,96.64006097681482,8.454074466177467,0.5224830201553503,0.31108301250895226,7.743104995957228,-0.6489037233320819,0.24651393963764748,9.052727584581795,0.3142784802471882,0.515763857799426
119.0,0.8094213430524424,96.68605086384709,8.340615122224115,0.4857988239133541,0.30594729836475343,7.756600287034171,-0.6264828631846565,0.26697476553253685,9.080430830343529,0.3413749147617993,0.5197779069886596
119.05,0.8144769816197545,96.73203272070644,8.218705568731691,0.449662530048014,0.298722382959958,7.7757159423956415,-0.6038336351102334,0.28374753036290207,9.10470172832354,0.36063476390761695,0.517197298837189
119.1,0.8190858638652165,96.77800946999156,8.086734897685648,0.41402049046963973,0.2901777768213044,7.8007071780085235,-0.5839120481420295,0.2949588800473115,9.123652094668213,0.3726512346204589,0.5078092765699288
119.15,0.8231936247188033,96.82397375405725,7.94526976767469,0.3802973593049274,0.2834961424204777,7.832028653392577,-0.5678102284769521,0.30083164972129967,9.13692261714201,0.38028655537726674,0.49353054803089935
119.2,0.8267549759776,96.86991133377242,7.797743427844662,0.35086718016635904,0.28365183386193155,7.870927621413742,-0.5550212305648535,0.30249969512026975,9.145754998422463,0.3878775372575463,0.4776817592325758
119.25,0.8297209079011639,96.91580943682901,7.649401165481621,0.32761920987698473,0.29384043376447533,7.9183899057980245,-0.5447391171167668,0.3010953106293142,9.152053696658529,0.3994948768094906,0.46283453094192584
119.3,0.8320325299307494,96.96166414623256,7.505474065776112,0.31061586909127126,0.3128763973733111,7.9741372645497925,-0.5370863743817516,0.2975769715191668,9.157549625891527,0.41744719295840943,0.4490451957672964
119.35,0.833626584890714,97.00748204187249,7.370043684107941,0.2977515558062689,0.3357519263333925,8.03673026418684,-0.5333401433333608,0.29276324207336174,9.163814529943227,0.44191659425846347,0.43449219700601877
119.4,0.834448857393355,97.05327638684304,7.245727732635008,0.2854456612067233,0.35611312090912606,8.10362640215612,-0.5353143165473094,0.28741335287714376,9.172924035470587,0.47160724756792627,0.4174292329761577
119.45,0.8344679362605363,97.09906038987012,7.133677325895904,0.26991593916513495,0.36940322353060195,8.171595732317563,-0.5442335900613865,0.2822512618693095,9.187785492858765,0.5048342261399787,0.39787854702591996
119.5,0.833683019124184,97.14484138219836,7.033293941856437,0.24830600189868313,0.374783776897363,8.238113722702787,-0.5596313666023455,0.27782997925576064,9.211628576055118,0.5403903412627641,0.3777057713936091
119.55,0.8321215553052762,97.19061884504745,6.941701990598057,0.2191540860234745,0.3740551459054303,8.302227019759718,-0.5790224204396056,0.2747850840713278,9.24674477661027,0.577765432637292,0.35872303265268035
119.6,0.8298304841385874,97.23638561310227,6.854186490239737,0.18241661780926044,0.369418283692691,8.364490795120396,-0.5983170712440692,0.274251476962822,9.293542882678105,0.6169228491496125,0.34101674663662923
119.65,0.8268699203355796,97.28213093308301,6.766093928572926,0.13928620778040454,0.362975144648997,8.426124822923288,-0.6127133703898577,0.27727728935666957,9.350764641575564,0.6578884901047913,0.3235583903345671
119.7,0.8233084541688462,97.32784517993163,6.674768853115369,0.09162948853692195,0.3560756739253605,8.487820344253462,-0.6179554371214361,0.28363562066176246,9.41663075218852,0.7001863217576145,0.306326331435964
119.75,0.8192164514196899,97.37352428169147,6.581102922217959,0.04134142870730785,0.34801501088951525,8.549333021060397,-0.6114216360434691,0.29145342151781645,9.489692176659423,0.7423332099020735,0.2916939186309042
119.8,0.8146616620710648,97.41917183698546,6.489268370684342,-0.010132428631355422,0.33687396802639924,8.609612411010533,-0.5926934453557586,0.2977641820451538,9.568484839997199,0.7816570481266356,0.28337947538048625
119.85,0.8097121928723868,97.46479840937087,6.403938716375095,-0.0620893027989005,0.3210871687154321,8.66698355409028,-0.5635252009019365,0.2999037143677352,9.650566904557126,0.8145985949917526,0.283996624352141
119.9,0.8044411185557302,97.51041730126303,6.328518214931225,-0.11421836542066728,0.30007469781630003,8.719382914503305,-0.5270836213918999,0.29733006601893824,9.73193002746753,0.8376406485004284,0.2931435553375689
119.95,0.7989265823864029,97.55603845408086,6.265219186979646,-0.16576019204729453,0.27453883600824786,8.764380830020839,-0.48679037827558763,0.29199557348279176,9.80723957114105,0.8485217604279649,0.3070064867401788
120.0,0.7932495723121885,97.60166389442288,6.215263144689022,-0.21490335199276012,0.246460939571164,8.799067195108787,-0.4453196824614308,0.28636875250006333,9.871394709832689,0.8471738141487261,0.3205190506152936
120.05,0.7874914825198145,97.64728682905923,6.178992805943769,-0.2588263242485717,0.21862983333086364,8.820137599919217,-0.4041575038832039,0.281386966235327,9.921577730278807,0.8360168148076034,0.3306116381249263
120.1,0.7817321069039703,97.69289492523197,6.15633537105739,-0.29440388635783377,0.19391562721293462,8.824633680628649,-0.363857342441932,0.2770811297889744,9.957452128352141,0.8192326676602606,0.3374351196978395
120.15,0.7760469399713746,97.73847633303146,6.147855068766297,-0.31928330850632813,0.17543929001998207,8.811245546064177,-0.3247146237395671,0.2740970470105955,9.979905752922944,0.8013260029610456,0.3434324685173256
120.2,0.7705008381553125,97.7840256113391,6.155918418512517,-0.33284570401818847,0.16697182990310078,8.781094644005718,-0.2874855591691674,0.27397738983168657,9.99011069095867,0.7857704293909128,0.35163447888938476
120.25,0.7651379064564252,97.82954721090591,6.184074950564123,-0.33672869124448274,0.17078431516716244,8.73782967772965,-0.2538025779370925,0.279113723577506,9.988998859147888,0.7741690512957958,0.3637635021456465
120.3,0.7599753760291764,97.87505465577934,6.234940634187233,-0.33467016842280656,0.18532739803638512,8.68722268344868,-0.2259616591621176,0.2922315668973623,9.977256860977786,0.7662486518402464,0.37916313320820977
120.35,0.7550030626202971,97.92056577461632,6.308625774351378,-0.3316264295362156,0.20535901406198298,8.635713281245401,-0.20621088906655718,0.3143186653283817,9.955421960326348,0.7605142029888831,0.3944898106470047
120.4,0.7501906861861034,97.96609584442238,6.401638778604109,-0.33246525269400157,0.22273274057577874,8.588193303125326,-0.19586332529594555,0.3426295449188152,9.923780834133618,0.7552594131161082,0.40479388080464984
120.45,0.7455111449427454,98.01165003883865,6.506885730796062,-0.3405038282597652,0.22896466163114518,8.5468695596429,-0.19427878810509935,0.37114214138048746,9.882907030572497,0.7499230425438381,0.40682501619459965
120.5,0.7409659145370825,98.05721915617033,6.616099714016758,-0.35644806465287654,0.22014969981188331,8.511662618652503,-0.19827206457784127,0.39271712280818866,9.834069875865309,0.7458867525901388,0.401141933933254
120.55,0.7365950693567077,98.1027824059738,6.722584445616679,-0.37849607729182133,0.19952527276706222,8.481633887420928,-0.20259614263940548,0.4020274298342655,9.778360501789255,0.7458907484836095,0.3910999797805227
120.6,0.73247179025724,98.14831646716867,6.822152745145406,-0.4036604557170772,0.17555003977353004,8.456469680148043,-0.20149239239616518,0.39826953906522927,9.715336825249937,0.7523574259091651,0.3805453651387189
120.65,0.7286843643549451,98.1938062177118,6.912538089609803,-0.4295458735501554,0.15766459522938037,8.43701687610358,-0.19063797352275738,0.3852539048078858,9.643150612958117,0.7656836626898307,0.37206560811061556
120.7,0.7253134675773849,98.23925132519246,6.9923298157285085,-0.45555276675152545,0.15211375514391445,8.4252992722567,-0.16844180822618401,0.3697325255101324,9.559788781135111,0.7834798344770086,0.3662183279436765
120.75,0.7224162979632363,98.28466529662923,7.06041212347298,-0.48286605481555633,0.15999625869702253,8.424028722768908,-0.13610305169834525,0.3591403689844364,9.46431408023333,0.8011223428967479,0.36261678698735794
120.8,0.7200175932600485,98.33006856757905,7.116304909489412,-0.5133905019804498,0.17784984543831214,8.435212233566576,-0.09670542166933827,0.35819254645029114,9.358007239515743,0.813290477058215,0.3615923584966574
120.85,0.7181063268467947,98.37547936461311,7.160776474329024,-0.5482756512109068,0.19974046786881886,8.459185666948173,-0.053791601853816526,0.3670160801485108,9.244103266577074,0.8156472178774209,0.363544904093531
120.9,0.7166448268919501,98.42090598313268,7.19596364461347,-0.5867333392068441,0.21993183434680233,8.494372098456202,-0.009996206549084445,0.3821424236558191,9.126168179174439,0.8060382643400498,0.3675389430109376
120.95,0.7155857781960911,98.46634350395601,7.224932087036316,-0.6256770589195559,0.23498764222881308,8.537715407226019,0.033710964313484186,0.3984705796989308,9.006841391543578,0.7849223661501157,0.3713057866583993
121.0,0.714887387327635,98.51177634493871,7.250569706905352,-0.6604302279615317,0.244358026300945,8.586167285942256,0.07792352317222578,0.41168362494393995,8.887232639708758,0.7548398381935854,0.37190994523043996
121.05,0.7145226828515514,98.55718551174718,7.2743363098219,-0.6862510550155093,0.24918982128471734,8.637536073000467,0.12381730594336708,0.4200383241882914,8.767045619258942,0.71918728877258,0.3669309054124175
121.1,0.7144802327007611,98.602556793299,7.295968143336457,-0.699927793883947,0.25079458256540393,8.69004710967429,0.17185059367590935,0.4240624207762514,8.645656303916445,0.6809777306618322,0.35611769779691327
121.15,0.7147585341642422,98.64788621551328,7.314581088648987,-0.7007473317748343,0.25060096025825385,8.742052399482258,0.22095184414361368,0.42502955056621355,8.523069690843645,0.6419958918719146,0.34198019859928636
121.2,0.7153577198150005,98.69318101873839,7.3305707986130155,-0.6905191772468846,0.25031762274102615,8.792393161067544,0.26853996381559725,0.42395467461112246,8.39989897867618,0.602498310838087,0.3287501484332379
121.25,0.7162714036134996,98.738455956542,7.347241926317835,-0.6726887822127238,0.2517184969902024,8.84044944099844,0.31125888291568854,0.42147601856679645,8.276242682420492,0.5615111264220386,0.3204744160908855
121.3,0.7174829168689627,98.78372659042671,7.370209756036764,-0.6510713746703528,0.2566596579196816,8.885979523787386,0.34616460646287533,0.41823316508084163,8.150411326046648,0.5176737617426115,0.3190058524353476
121.35,0.7189628582328457,98.82900263509643,7.404605111742629,-0.6288180983054878,0.2657011094822941,8.929228791253692,0.3719110858522701,0.4151730173528978,8.019046625189185,0.47036674251934923,0.3230743052195809
121.4,0.7206681342945876,98.87428364029566,7.453441250402628,-0.6076942767142224,0.2764042008469103,8.970932584253449,0.3894662034141066,0.413114619584703,7.8785755176691925,0.42061487300683054,0.3298108406510328
121.45,0.7225476285093857,98.9195590094802,7.517459624521564,-0.587963789482845,0.2835260152875572,9.012104446350744,0.4019947491796336,0.4117716665771174,7.727269310409762,0.3712589811266619,0.33766417104412205
121.5,0.724550320965823,98.96481340213899,7.594456204891777,-0.5692566347010902,0.2805399056443488,9.053617836298612,0.4137535036311647,0.40919542512590124,7.566790365167327,0.3261108817808153,0.34732743430437163
121.55,0.7266346213013923,99.0100345217114,7.679981538964186,-0.5516468473199477,0.2627964709020427,9.09557431198366,0.4285002308284942,0.4022185433779488,7.401572339667736,0.28841399453115313,0.3602456161344013
121.6,0.7287806589583244,99.05521892451799,7.769701439431415,-0.536180072172575,0.23115895971327632,9.137049042900726,0.44824556411463023,0.38826933929893886,7.236262547978689,0.259405643986735,0.3769555399547529
121.65,0.7309932210668111,99.1003740226488,7.8603085543186015,-0.5249300985036158,0.191878058816866,9.176326026211774,0.47276228226607564,0.367499836228746,7.073377850632811,0.23763104950507716,0.39537941318603487
121.7,0.7332930996488733,99.14551507066993,7.948613113928987,-0.5204805350192316,0.15333320883480694,9.211037283793706,0.500010039009891,0.3430656303214884,6.912796242312202,0.21949651708057766,0.4102666355981286
121.75,0.735705999351254,99.19065717939445,8.030728587638624,-0.5246960064088191,0.12291716097502359,9.238220849939637,0.5274258135837305,0.3195599605239055,6.753488921914753,0.20101820142039084,0.41588938515912943
121.8,0.7382509929696625,99.23580686698031,8.102830602014,-0.5373166517350628,0.10483122991313854,9.254988301026584,0.5534468185329852,0.3011322832422883,6.595830557314162,0.17965714165584273,0.4093740614001875
121.85,0.7409330997115229,99.2809580991997,8.16283841087828,-0.5552734098618914,0.09978675771048164,9.25985085713086,0.5784404223313606,0.29027039279170014,6.442756863083035,0.15520620501302582,0.3923632538577328
121.9,0.743741625582674,99.32609485020876,8.212131627650253,-0.5732076972544372,0.10727281547243864,9.253779957077205,0.6044995313337643,0.28724226270498104,6.298951773685431,0.1293563768506043,0.3705055013899099
121.95,0.7466463522901036,99.37120000818483,8.255292609341561,-0.585253890148514,0.1263285210351174,9.24019704428558,0.6340044845060365,0.29053982591842137,6.168458003121702,0.10406778556926763,0.3498401156073246
122.0,0.7495936378074629,99.41626594356681,8.297084618916015,-0.5873658061908003,0.1535609439792254,9.224235979513496,0.6678200796685999,0.29791041294413123,6.053166071690163,0.07979137393682693,0.3331395871831558
122.05,0.7525134675076077,99.46129963880003,8.340180144646256,-0.5786798584667293,0.18291642093986496,9.211383779419098,0.7043088621432991,0.30716135816705886,5.9532251749078045,0.05474866354351974,0.3197186430536972
122.1,0.75533386430554,99.50631965332005,8.384902342785013,-0.5612413684075974,0.20782936605131982,9.205910187344358,0.739683401518228,0.31629981975115967,5.868103448264877,0.02558405958092463,0.307564360284485
122.15,0.757994681359544,99.55134726016827,8.429892802523248,-0.5385200800701476,0.22369456028738932,9.210252770033144,0.7695263277366537,0.3233957796354185,5.796944681535761,-0.011052740118257217,0.2948772323975404
122.2,0.7604579262755766,99.5963961077177,8.473090261916996,-0.513498533925269,0.2293614920447131,9.225720701423986,0.7907826062714272,0.32710535148980685,5.7384736989327445,-0.05674282210820516,0.2805693929573093
122.25,0.7627121187984077,99.6414656033375,8.512025713254301,-0.48739518179418795,0.227058284937429,9.253295838294447,0.8030904937564731,0.327521595343318,5.691038845071314,-0.11021885690193313,0.26427135771813065
122.3,0.7647671407635803,99.6865415520218,8.543702556592029,-0.45961293672797715,0.2207528047454188,9.29350607312019,0.8086696995047041,0.3262495245370365,5.653338949231323,-0.16749495986434,0.2455431002265309
122.35,0.7666449250198025,99.7316030195004,8.564814280036828,-0.42869573744636885,0.21440375039923568,9.345904404325955,0.8110496617781298,0.32576491130674523,5.625728807465724,-0.22307625094587158,0.22346682529688686
122.4,0.7683753591772617,99.77663183981274,8.572349246813662,-0.39371902138374365,0.2113578449980082,9.408031489063156,0.8132505462304928,0.3286340453022317,5.610268475587754,-0.2718080584719473,0.19774355326389134
122.45,0.7699913060935012,99.82162053453494,8.56426798545483,-0.35539522787759187,0.2139312933168821,9.474204815404011,0.8162702381323438,0.3355350959655339,5.610471753883766,-0.31052863201828096,0.17088415239425636
122.5,0.7715198186990446,99.86657438530551,8.53982265746389,-0.3162674697257647,0.22276416808683175,9.53668859858678,0.8189299451485509,0.34431589177955835,5.631682035918653,-0.33864065563463935,0.14926206974157613
122.55,0.7729743093291161,99.91150749124952,8.499487041478629,-0.27997016298244826,0.236804112139086,9.589059455344255,0.8189650001670885,0.35282621868040265,5.679069065972494,-0.35766763994658013,0.13902735381736964
122.6,0.7743505165498192,99.95643617283105,8.444806306528712,-0.25002738276130615,0.25392814835648864,9.627987188575696,0.8143124636232794,0.3612922252434462,5.753946693419117,-0.3703784580511002,0.14083624237222908
122.65,0.7756257072118353,100.00137198698599,8.3782477112879,-0.22859602295480064,0.27170517473692124,9.652639706956693,0.8041763916012453,0.370874682628655,5.852777742704808,-0.37965180993649433,0.14964477772720003
122.7,0.7767619767673238,100.04631680007398,8.302902702698953,-0.21563164756559974,0.2881046153180958,9.663109910431649,0.7896280828213101,0.381123077852554,5.968086805497062,-0.3874844769104182,0.1572926902804843
122.75,0.7777208769204904,100.0912615771347,8.222631237686983,-0.20871535089301937,0.30234539049571635,9.659363539363381,0.7735367902729995,0.39029779606090537,6.090223910962625,-0.39454899714975433,0.15665673436507427
122.8,0.7784799138866685,100.13618958044866,8.142311437276412,-0.20368036193335864,0.3152507478878469,9.641448318554223,0.7598272175138793,0.39750019356322774,6.210548242726362,-0.4004415197372215,0.14660808136550327
122.85,0.7790314866800259,100.18108423498379,8.066884437103905,-0.19617243587708083,0.3279567631834305,9.609578408754473,0.7519631604130939,0.40314498885605027,6.323440238473993,-0.4047250547948792,0.13290340762753225
122.9,0.7793664171007715,100.22593824047156,7.99998986419145,-0.18345671427934354,0.3400792963675867,9.563944089127652,0.7512640236150283,0.40752738968659047,6.425856809760063,-0.4081928043357845,0.1236171453116645
122.95,0.7794604518275704,100.2707574967479,7.943707127395795,-0.16523494682478762,0.3496156742374178,9.505148676497615,0.7563296480477929,0.40957450106320137,6.515795320529976,-0.41335386566346716,0.12383518981485182
123.0,0.779275594111471,100.31555725136589,7.899286468000584,-0.1430384122161769,0.3547281491292728,9.434449896393739,0.7638442274031391,0.4072292516389427,6.591291694624321,-0.4237337643957732,0.13359918014035263
123.05,0.7787733197315281,100.36035309456747,7.868462063807338,-0.1186852040932353,0.35620268039913017,9.353599737308388,0.7701604796430067,0.3993184176984036,6.650364690996938,-0.44236191902859867,0.1493097614517892
123.1,0.7779261176701859,100.40515287344017,7.853715850227771,-0.09295067188509867,0.3574222724571104,9.264616415318061,0.7727253398244439,0.38701790839084127,6.69181372387157,-0.47035357659397026,0.1664602328973223
123.15,0.7767178446027199,100.44995399100624,7.856986297612858,-0.06522137210970357,0.360831612792186,9.168971652469953,0.7705493974136831,0.3732828404243724,6.716288663919545,-0.5063540438520215,0.18210622346870328
123.2,0.775137179366742,100.4947451493196,7.879330763736875,-0.03378398807329156,0.3654105140078031,9.066959397217667,0.763943294713427,0.3614354695776268,6.726764366889546,-0.5468495517216746,0.1960333959670456
123.25,0.7731710778587925,100.5395111347731,7.921252661039976,0.0033992522552176306,0.36734573203591814,8.958163251221455,0.7539036563543752,0.3542537451726159,6.727793396771553,-0.5871700412721633,0.20954694121818918
123.3,0.7708055114673134,100.58423953780331,7.982369873009567,0.04748213064393213,0.3628491218711151,8.842109253385905,0.7412113891683182,0.3533167354540878,6.723749792418416,-0.6229625552806716,0.22337132276922667
123.35,0.768030921009325,100.6289262591941,8.061468608951554,0.09782351644653983,0.3507946440164859,8.718500266232905,0.7256463049685886,0.35848891878882233,6.717467574768288,-0.6514882853444258,0.23673142035262726
123.4,0.7648462263641086,100.67357696817501,8.156692576895626,0.15186461396816975,0.3330622644572596,8.58737642758027,0.7058225408439028,0.3678509380492657,6.7105657521480575,-0.6720673960189603,0.24810117797520212
123.45,0.76126106027176,100.71820390881723,8.265039440469948,0.20573755171489205,0.3130325682934621,8.449452290680775,0.6797881063607697,0.3782795928865437,6.705054965070592,-0.6855236765925209,0.2567740891000376
123.5,0.7572960853295373,100.7628197858422,8.381993359482289,0.2553913392158095,0.2942607287639581,8.30637284229145,0.6460691071748701,0.38652248660015437,6.704315494236642,-0.6931162763490969,0.2633373569064937
123.55,0.7529809621752328,100.80743160069453,8.502494163922002,0.2979362152807909,0.2799785119605749,8.160505114573027,0.6046282989531288,0.39015653309958326,6.7131296764066555,-0.6955206533777762,0.2690387724893548
123.6,0.7483503818563308,100.85203810241892,8.622199538332902,0.33242167033841674,0.2723748050808381,8.014215770461313,0.5571477870041806,0.3878011273956114,6.736388586839924,-0.6925154628782351,0.2743021905201849
123.65,0.7434438394080858,100.89663189986334,8.73797257107039,0.35966234342237574,0.27204756516282425,7.869117322971693,0.5065071138119054,0.3790500693281998,6.776839544900016,-0.6835195761133439,0.2771842637577081
123.7,0.7383111062143429,100.94120358300619,8.847841817590279,0.3815544154432999,0.27805550626265174,7.725685250906086,0.4559162575703824,0.36451282261171153,6.834879110539413,-0.6682506063702373,0.274391090753106
123.75,0.7330170293634785,100.98574564563839,8.950550654827552,0.40026343440650286,0.28846789897649167,7.5832449870692855,0.40810344357764894,0.34582844970487525,6.909740248036599,-0.6471877078437787,0.26397122538894935
123.8,0.7276422753230621,101.03025548179066,9.045054297871054,0.4174981124947463,0.30129259586338925,7.440539003476313,0.36476851003711486,0.325585473998159,6.999445509406,-0.6219673667340043,0.24649804949030918
123.85,0.7222786162425475,101.0747363882718,9.130397034961172,0.43417071194659584,0.3151953499498459,7.2964483477590045,0.32641258334118567,0.3071229116717771,7.100286132505044,-0.5954187631420284,0.22414198132926855
123.9,0.7170187628725198,101.11919575769473,9.205581711368767,0.45054627901734495,0.3293379972618683,7.150663768180815,0.29260804109687094,0.29400378229936286,7.20757519146187,-0.5709418696556433,0.19982845985333
123.95,0.7119449835555979,101.16364182848633,9.26927333955076,0.46662864080403416,0.3426842164236287,7.00419671193123,0.26249794714670965,0.2890331188405566,7.3167021803401875,-0.5516236075025619,0.17676977597449786
124.0,0.7071222721357443,101.20808043642934,9.319937928197668,0.4826331368094697,0.35397647803172394,6.85901045227231,0.23523759562414107,0.293142765361985,7.4238746700202665,-0.5394441851598297,0.1582429776974476
124.05,0.7025952632697576,101.25251302541447,9.356176175677852,0.4993112802283563,0.36182548610766757,6.7168492241076185,0.21022006806349736,0.30444093281116724,7.526451292771695,-0.5348396463135605,0.14772004410697642
124.1,0.6983847990553592,101.2969368841842,9.376690637912704,0.5178447654289361,0.3642838168052195,6.578613662101424,0.18707185127484086,0.3183388751500117,7.62245957816988,-0.5368166057535151,0.14767654195964353
124.15,0.6944897623752678,101.34134668107436,9.380435728160393,0.5394787394732128,0.35961146164763724,6.444992851312784,0.16556000142501479,0.3294420985828007,7.7104294041099335,-0.5433041503991826,0.15781310525866707
124.2,0.6908997248063963,101.38573651085547,9.367420203095202,0.5651549001369648,0.34817305003325844,6.317694615589662,0.1454571011282802,0.3344811441537519,7.789621835430709,-0.5516222830708825,0.17493772339029856
124.25,0.6876090944160704,101.43010281605977,9.339179321104535,0.5950639624939573,0.33284909415707686,6.199540805753562,0.12618816287355222,0.3338853637245445,7.860164981416615,-0.5591700271979836,0.19441768166707768
124.3,0.6846216126504261,101.47444704437649,9.298352231799075,0.6282202444046263,0.3179490111585874,6.093065880363999,0.10642074252976301,0.33006608770013535,7.923078558036511,-0.5640700687946424,0.21196663040508806
124.35,0.6819473241889743,101.51877542028045,9.248574117705319,0.6626407847923906,0.3083689920984054,5.999548793797252,0.08416362266092399,0.32480865688293625,7.9797713362621465,-0.5653603443263059,0.22491174945819015
124.4,0.6795971748199814,101.56309651298751,9.194364207585993,0.695946904648908,0.3084012448543938,5.917573873646636,0.05717785617526814,0.3176652512477541,8.031097536805587,-0.5628173677953009,0.23231375173468694
124.45,0.6775756063947438,101.60741822642466,9.140098044750886,0.7258977154027451,0.319158805972395,5.841954833671338,0.02351165011249096,0.305978281125895,8.076656682110375,-0.5565820638370871,0.23391453765941966
124.5,0.6758792003731384,101.65174368755125,9.089116367759273,0.7510243320648032,0.33705970750961484,5.766625867483073,-0.017517073518214746,0.28769213369085883,8.115073030798056,-0.5465068741191503,0.22980865260148456
124.55,0.6745050500238813,101.69606827948466,9.043840555141356,0.771135081019139,0.3556081433404341,5.6875611602690785,-0.06464422872933134,0.26401333765073853,8.145078214023716,-0.5316300347062035,0.2213496624766544
124.6,0.6734578847790139,101.74038058449626,9.00633800506547,0.7872136914784561,0.3690313246229873,5.603795090720432,-0.11487095834492014,0.23980820412413276,8.166138166559012,-0.5103160147243111,0.21127170995181602
124.65,0.6727455043940647,101.78466709003787,8.978386923592693,0.80068977980145,0.3749087949552714,5.519101968385377,-0.16427258142197396,0.22179005554769796,8.178496141449099,-0.4810279479978658,0.20241753645726532
124.7,0.6723663181287882,101.82891916505612,8.960906290059494,0.81235374766027,0.3742872296407584,5.441282810073994,-0.2093208668919272,0.21392551486424047,8.182691131996021,-0.44348916362678914,0.19644740059838464
124.75,0.6723049392335603,101.87313818703097,8.953768978291201,0.8216561537846652,0.37033449426860493,5.37784148807954,-0.24819161384960642,0.21455961318603925,8.178444453087815,-0.39961536712594947,0.19368462477007087
124.8,0.6725369171653748,101.917334648646,8.956480312549402,0.8270323301214698,0.367065879173012,5.334022374026284,-0.2809936960353214,0.21881024739546465,8.164081120165394,-0.35334958764024943,0.19353695023272408
124.85,0.6730355865321591,101.96152260960875,8.968887093687664,0.8268600194902196,0.36824798734532244,5.3134042647545625,-0.30902553858645554,0.22244440087793482,8.136990543412244,-0.3094753640937991,0.19505397432620247
124.9,0.6737754545847451,102.00571318331411,8.99098666280404,0.8203915658616113,0.3757969503014149,5.317204927041174,-0.3338179185101647,0.22273190540573137,8.094946956544254,-0.27210445964064095,0.19823698394064956
124.95,0.6747331286380058,102.04990921238641,9.022450807570069,0.8084700621554544,0.3886681377242332,5.343579840643343,-0.35623305720414694,0.21792510271473345,8.038089257705533,-0.24330540515056123,0.20520995940482464
125.0,0.6758861019757461,102.09410370558922,9.061849740344927,0.7935796410836089,0.4031719596488338,5.3885207648624265,-0.37602348185822615,0.2073224526324383,7.969655859518801,-0.22256978865164898,0.21912073345207136
125.05,0.6772100922941355,102.13828327444415,9.106234033534191,0.7790765260356642,0.41475612967966236,5.447121375513336,-0.3922121221968472,0.19126594390995183,7.894427525468698,-0.207489646208578,0.24091831982834244
125.1,0.6786816754357152,102.18243379351698,9.152699200726897,0.7682748361740503,0.4209915966516314,5.514729941834345,-0.4039001466120095,0.17143318660455828,7.817074727697496,-0.19496812257708587,0.26766243939158907
125.15,0.6802847585447366,102.22654608352204,9.199753086144375,0.7635100807938386,0.42332666485404474,5.58759004670604,-0.4111121681676512,0.15104576932457514,7.7416790717932535,-0.1823802124557224,0.29381540333634204
125.2,0.6820109807181138,102.27062086873678,9.24577677896338,0.7649796296384277,0.42434563699894634,5.6623342291424485,-0.41552345548813835,0.13403319822566137,7.671854308898415,-0.16851072846448228,0.31385133340577015
125.25,0.683855611312972,102.31467004301808,9.285545853139457,0.7699755814953718,0.42297158784374145,5.7354998757408495,-0.42052621336851365,0.12388353135372626,7.6108735111538115,-0.15383585053817234,0.3245380093500607
125.3,0.6858185665183192,102.3587101643804,9.31037538404662,0.774063167778694,0.4155492714959015,5.803966263299498,-0.4300070029592855,0.12285136026134608,7.5617248372894235,-0.13954646226793385,0.3255799810693218
125.35,0.6879059890778989,102.40275146363442,9.3124783897504,0.7737631732302027,0.4010805191132023,5.8654690659479405,-0.446445394341857,0.13138681928330403,7.5273536098123,-0.12585018295042993,0.31912527443810557
125.4,0.6901246595350609,102.44679153450083,9.287308621798623,0.7680989062062636,0.3827855013988913,5.918892024198689,-0.46979818097010156,0.14775879459067356,7.510663362583697,-0.11106107967263694,0.3090835398501252
125.45,0.6924733542522988,102.49081716623573,9.23343530524822,0.7583089594211806,0.3662585985087922,5.9643167802835295,-0.49776370437097794,0.16842548789657338,7.513777711765198,-0.09209163976773502,0.29960074467320413
125.5,0.6949355326413622,102.53481163653464,9.152147690948409,0.7466162462335475,0.3567548933781387,6.002757349469377,-0.5270240104407684,0.18907873781108678,7.537377935472225,-0.06582180295929278,0.29301267456930025
125.55,0.6974766351683762,102.57876296707457,9.04650988282071,0.734792496810199,0.3564627397278191,6.035711758246528,-0.554706664876982,0.2058336552728917,7.5805381323909895,-0.030570922307278613,0.2894674164851111
125.6,0.7000495850251832,102.62266933706046,8.920347114616291,0.7231532469372937,0.3636148277719557,6.06485765875627,-0.5793976227429789,0.21637917328225487,7.640316149375499,0.012887892185092158,0.28790519847871926
125.65,0.7026040240297737,102.6665392686164,8.777891357451093,0.7104584569125562,0.3738814532144015,6.09197442946477,-0.6012774227654003,0.22057903853376254,7.712064760761159,0.061409084035382325,0.2867726443252168
125.7,0.7050934909466005,102.7103866247084,8.62328528857085,0.6946273952016874,0.3821758278877877,6.119137964695204,-0.621372011784506,0.22034343787760305,7.790978918975236,0.11070784141450533,0.28502246332780634
125.75,0.707479850457578,102.75422369052774,8.459893919919937,0.673793662049884,0.3839471074558295,6.1489745434815335,-0.6404612292853477,0.21894720604904164,7.873019577739049,0.15684136532471338,0.2827473505942647
125.8,0.7097356258201297,102.79805531412849,8.290528394220209,0.6473669028654202,0.37675926254770564,6.184402427574462,-0.6581901197400982,0.21938490045873285,7.955271636004203,0.19743632959039964,0.2812836443236895
125.85,0.7118426373125838,102.84187667413784,8.118284026883709,0.6165501810773084,0.361791030719791,6.227952434815979,-0.6728327273184516,0.2225454059219302,8.036279402191193,0.23230183884861685,0.28271510019717483
125.9,0.7137876138878898,102.88567634141519,7.947004059918989,0.583864398714866,0.3439287318567365,6.281301109920179,-0.6819451216970009,0.2271376852192023,8.115455088436386,0.2629200310585362,0.2883122641377208
125.95,0.7155571896935677,102.9294430203149,7.780791347880983,0.5518966083047276,0.3291566351336292,6.345139640148589,-0.6835875305357648,0.23110061986773778,8.192162712831363,0.2911589086189039,0.29782718153746407
126.0,0.7171337410673997,102.97317207821064,7.62293399929239,0.5219961628399515,0.32083957919742295,6.419400580954197,-0.6774039861684781,0.23295400145784015,8.265408049729237,0.3180851271610631,0.3098293940061869
126.05,0.7184957360729327,103.0168679870313,7.475323580407938,0.4937458216701723,0.3182173953184097,6.503586460185953,-0.664938410370343,0.2324077404751767,8.334115279306403,0.3435156544505379,0.3223950544096902
126.1,0.7196215196673614,103.06054150720273,7.338815085448409,0.4655094352051515,0.31738581918396735,6.5968075817261305,-0.649069308036899,0.23017250434657216,8.397764567557932,0.36647742466029204,0.33401241299063605
126.15,0.7204938927681588,103.10420386809645,7.214006032739546,0.4355904200293417,0.31366199782700177,6.697534514358581,-0.6329383678322597,0.22722841396427113,8.456639795863527,0.38616215763536543,0.34373466390637303
126.2,0.7211050915738597,103.1478615170802,7.101849170379366,0.40323198027991425,0.3041499409721599,6.803248407929452,-0.6189386687097123,0.22380179244901854,8.511510860166858,0.4027261052446609,0.35079021422339673
126.25,0.7214606491525413,103.19151358008267,7.0037339818016555,0.3690093956614818,0.28910272609954757,6.910801393412174,-0.608111440247526,0.21939382021658776,8.56337986794701,0.41760462530828363,0.3544608794677568
126.3,0.7215823242862621,103.23515274152452,6.920794619706162,0.3345260747910342,0.27159691607307745,7.017498119759911,-0.6001117110899944,0.21416579930787175,8.613585144954888,0.4332773901455446,0.3546601798607669
126.35,0.7215069505499913,103.27876967648736,6.852979447727893,0.3015386897495454,0.25562251015206755,7.12164588462436,-0.5938351703138295,0.20955369692318315,8.663843929702777,0.45244992100296944,0.3524245980730012
126.4,0.7212791113393537,103.32235867805346,6.798381553106571,0.2709594401875377,0.2440355575372869,7.222668394780344,-0.5883138963642026,0.20798634762386245,8.715725226248438,0.4769661533134475,0.34924166573991805
126.45,0.7209407957012309,103.36592125182793,6.753259751579072,0.242296920870314,0.23796594716564617,7.320697010073883,-0.5833707456803188,0.21203688838215742,8.76953033468226,0.5069784532480938,0.3455671074462919
126.5,0.7205236033167189,103.40946623139462,6.712619781682809,0.21374884961243326,0.23735669175283067,7.415518038907593,-0.5797582550834526,0.22263254559749884,8.823264416045493,0.5407564419633013,0.33961253707152134
126.55,0.7200485141864457,103.4530057757296,6.6710069297782,0.18299717806923255,0.24082555189940874,7.506282638172802,-0.5785455578386887,0.23804375790811186,8.872777579547353,0.5753754067334362,0.3285814609650917
126.6,0.7195309690942353,103.49654893304421,6.623385256713984,0.14838168275562744,0.2455765661951743,7.591535603358095,-0.5801264893559639,0.2541817635003585,8.91344311023517,0.6080734876653969,0.31132042103415364
126.65,0.7189888373612663,103.54009637279086,6.566040484313458,0.1098515289501206,0.2486536900214937,7.66913856104889,-0.5834797891671317,0.26609471555203607,8.941819313615657,0.6374469760354871,0.2897502687072735
126.7,0.7184501030859737,103.58363902766767,6.497130326495103,0.0692059536345682,0.24847695495925554,7.7370676052403855,-0.585992916564255,0.2708534372949729,8.956257563122902,0.6638337178124791,0.26874162747063196
126.75,0.7179501019857866,103.62716195141759,6.4168628501703475,0.029408048254862203,0.24507650694244,7.79431746871686,-0.5841293038271825,0.26912215289217495,8.957027804987803,0.6887765476685458,0.25482198740814027
126.8,0.7175180946721799,103.6706520883666,6.328066163395138,-0.006713544308828208,0.24004542791916972,7.840708146091751,-0.5748445579006831,0.2637524539736883,8.945748276060629,0.7137411415643995,0.2535510143056693
126.85,0.717162093585329,103.71410619274552,6.235683101919996,-0.03786384161732274,0.2362308719577284,7.875954553155918,-0.5570835589123003,0.25718610917137197,8.924075840794078,0.7386921494838403,0.26628471293749784
126.9,0.7168608035413201,103.75753392998683,6.144418582850796,-0.06502498832437122,0.23567503867728054,7.899154423600109,-0.5324065594154324,0.250320567611083,8.892903785193473,0.7614966402876459,0.289192755551735
126.95,0.716568023932993,103.80095323073627,6.057523499465415,-0.09080946356634167,0.23832085430089894,7.909056094365588,-0.5041946816399188,0.243185390358553,8.85255071571515,0.7787308856192998,0.3152871487791886
127.0,0.7162261201359488,103.84438058223526,5.976844331629322,-0.11785316017896151,0.2424758582301849,7.904547187606869,-0.4759344018952067,0.23597133421158983,8.803704616816628,0.7875170873753818,0.33783405429321967
127.05,0.7157807175662585,103.8878221662831,5.9027049685801,-0.14735384761367443,0.24578144938708404,7.88527906055103,-0.44958778143764894,0.22982710342038365,8.748445021600425,0.7872487648392982,0.35316640659664317
127.1,0.7151878723035826,103.93127076706261,5.83434285284226,-0.17849385218744496,0.24625718106247052,7.852064120857333,-0.42492658863976435,0.22688144522536746,8.6903154442521,0.7801187627532142,0.361000651931319
127.15,0.7144117283844303,103.9747095100487,5.770825901455788,-0.208934857646575,0.24294612292666168,7.806412353305147,-0.40011242769931765,0.2287823545642,8.633992550123057,0.7703473584986354,0.36338691922635363
127.2,0.7134206477942922,104.01811983933584,5.71180364842113,-0.23609817546352077,0.23690756593655762,7.749901782114368,-0.373042681651535,0.23521131491924346,8.584835374879761,0.7626363489820647,0.363705119777263
127.25,0.7121845323047797,104.06149033296732,5.6578296849921355,-0.25864317788174057,0.23151529740077875,7.684006700808293,-0.34280011884382255,0.24400359831076046,8.547581829518549,0.7603420136404019,0.3651262858831762
127.3,0.7106700069107166,104.10482244664824,5.60945998414992,-0.2774238422113428,0.2297897963297115,7.6105261376150235,-0.31048295022055405,0.2524367011851211,8.52506417625039,0.7641796877905473,0.36890643377893373
127.35,0.7088397168039668,104.14812959101684,5.5661408732676545,-0.2952860058252401,0.23142378461410543,7.532155186731759,-0.2788813710036151,0.2585760737354838,8.518016391609407,0.7722591984970196,0.37416106412423294
127.4,0.7066586331115298,104.19143025207157,5.5262851081250695,-0.3158023424594193,0.23283858997113643,7.452429779504655,-0.2512428893657144,0.26161542048881564,8.524568537872009,0.7811132139995518,0.3785496964244416
127.45,0.7041035229402323,104.23473852993823,5.488485562685523,-0.34156405641209076,0.23033625876796615,7.375204228485514,-0.22970311439093669,0.26105221303647497,8.539925822883111,0.7872614196245641,0.3790784360577417
127.5,0.7011727241194523,104.27805566479995,5.452977433698085,-0.3727060026206747,0.22347860181488324,7.304487888484504,-0.21393859127576864,0.2564413440490275,8.558410926587348,0.7890738506749083,0.37406550564571805
127.55,0.6978898382636356,104.32136818159512,5.421726146367713,-0.40664544766666944,0.21514892055964077,7.244748345058972,-0.20093894958972097,0.248429741569418,8.575407408986905,0.7874975812379209,0.3645916222075255
127.6,0.6942965138927681,104.36465465135416,5.397341486188655,-0.4393246898020237,0.20887683893422146,7.200549087360602,-0.18629671329047973,0.2394800388162767,8.587525515829627,0.7849943111561708,0.3536320144042154
127.65,0.6904383819219218,104.40789690868917,5.381989153260788,-0.4671968977907758,0.206124178986836,7.174998741051467,-0.1663526401612026,0.23264526221467052,8.592025326971136,0.7835968570845356,0.34411079481639517
127.7,0.6863556422889041,104.45108902264275,5.376565327983358,-0.48883829420365416,0.2053671022491344,7.168388655524073,-0.13992301299715215,0.22975013976419073,8.586377656212154,0.7834021054585841,0.3375779751778301
127.75,0.682082222554602,104.49423899113708,5.38086471026914,-0.5053076352840347,0.2034659790518569,7.178272363147954,-0.10861103269162098,0.23070790950967845,8.568309058202544,0.7823712614128578,0.3339788645597466
127.8,0.6776483569957386,104.53736296335734,5.394273244129242,-0.5192171111263542,0.1980750510055346,7.2006718252245205,-0.07567845338414954,0.2338534354879485,8.535967366687897,0.7773651206409932,0.33194110289802337
127.85,0.6730857919563432,104.58047585276805,5.416087448297749,-0.5331645785293923,0.18914076983881747,7.231602666422463,-0.044235343814611534,0.2371241838393607,8.48820823446345,0.7657943712163386,0.3294661383229126
127.9,0.6684347874133374,104.62358337612473,5.4456690985190255,-0.5483568817887954,0.17899202339656672,7.268004870757735,-0.01575458340505339,0.2394057149734835,8.42539363438897,0.7470691443542237,0.32541260908753183
127.95,0.6637447481669149,104.66667939815724,5.482450350593549,-0.5641256421698143,0.17142315332368674,7.307774568075533,0.010400273628653166,0.24109240445808355,8.34980334741784,0.723020896861881,0.32053038999919414
128.0,0.6590670518269558,104.70974969316465,5.525698318602423,-0.5785300510107612,0.16979222357561496,7.3497080991441255,0.03639641584265923,0.24402467050997687,8.264722536133386,0.6970269250622594,0.3169572280129249
128.05,0.654443385981404,104.75277975470964,5.574222883606555,-0.5896392101190098,0.17518188073610835,7.393511242039642,0.06466556905828123,0.25062886141533774,8.173115110175521,0.6724175021390403,0.3165297994708378
128.1,0.6498954996380096,104.795762573303,5.626497735769131,-0.5967853534073431,0.1860762023944433,7.439288184083571,0.0964923837455765,0.26221819192782714,8.076505890808434,0.6509625302464452,0.31882918159010787
128.15,0.6454260434052485,104.83870181574495,5.681341785507371,-0.601019532129008,0.1995907255986693,7.48708932296898,0.13135572786119648,0.2781221295584612,7.9746178337321085,0.6322632413451218,0.32107516643317424
128.2,0.6410289543919147,104.88160895645527,5.738790104398611,-0.6045433125404094,0.21323099543058902,7.536624643459666,0.16731371246310417,0.2958910986959357,7.866288372066791,0.6143528284721181,0.32022627492225303
128.25,0.6366992099073417,104.9244970716338,5.800263506284487,-0.6095988848929209,0.2255545937893379,7.587120048562308,0.20199638793683994,0.311771774643953,7.750715190754884,0.5949315150109823,0.3149868140446476
128.3,0.6324394660675522,104.96737459818846,5.868024022217602,-0.6173879530527128,0.23553599571197795,7.6379458716627475,0.2337970880416235,0.32161033702634667,7.62820700055228,0.5725451825316863,0.30653502822061374
128.35,0.6282660672179892,105.01024197080656,5.944422627622106,-0.6275366470746363,0.2421742368671071,7.689200855027241,0.26261217902696976,0.32236111445163235,7.500293601764017,0.5471904356571861,0.2977103260023228
128.4,0.6242119468996812,105.05309267891793,6.03054979401136,-0.63840773114959,0.24406074290904586,7.74169325572742,0.28968908889048167,0.3139599571370829,7.369188526551758,0.5201084444335373,0.2910191727516901
128.45,0.6203260816927388,105.09591723450345,6.125510723089301,-0.6478953070293233,0.2394483048738438,7.7971433180646965,0.3169528806760942,0.3005044564050469,7.237139926871203,0.49305463664256893,0.28723708450792834
128.5,0.6166705024385489,105.13870796632717,6.227415138579539,-0.6542377037845957,0.22819121434453538,7.857855696976077,0.3461107528776165,0.28867190950910665,7.106486444413747,0.4674811199049136,0.2856143486218886
128.55,0.6133141963609605,105.18146339252581,6.3341080797779385,-0.6567596490600979,0.21305579460074295,7.925227371338967,0.37768544738611365,0.28366607986453396,6.98042698013357,0.44387082076582407,0.28561502376838127
128.6,0.6103254154288591,105.2241898613036,6.443242754392159,-0.6561788114146984,0.19906012136998544,7.998842747342192,0.4106166431139153,0.286471594568885,6.8634219676572386,0.4214959373942625,0.2883547709884912
128.65,0.6077611453057041,105.2668994844506,6.552607101451566,-0.654202998901882,0.19139715493293188,8.076832798638259,0.4426969396866548,0.29406813152732225,6.760296174474526,0.398681949493276,0.295332935854164
128.7,0.6056602623594096,105.30960547297543,6.66011341599464,-0.6526803340879967,0.19282165725073544,8.15669036787011,0.47154244034640364,0.30162480725110813,6.6744058986423775,0.3734128132037973,0.30611968765246567
128.75,0.6040468564098475,105.35231661809189,6.763713938318991,-0.652657328520522,0.20262559669929248,8.236105833601437,0.4956953613025267,0.305237548500306,6.6059789217956615,0.3440780010812821,0.31738247865595287
128.8,0.6029374293543125,105.39503345545167,6.861352134070479,-0.6537760186461206,0.21711298737382814,8.31324925891864,0.5152970247116598,0.3036410662993558,6.551715250748788,0.3101366360294628,0.3231208510138354
128.85,0.6023508646344886,105.43774751792323,6.951019910331641,-0.6542172233123024,0.23088326157606673,8.386655575192837,0.532132409434074,0.298242112901174,6.506539140229939,0.2725550016027162,0.31730084597444896
128.9,0.602321114815503,105.48044428046957,7.031519254401832,-0.6512058942868746,0.23942040918636376,8.455107319801924,0.5490264820926457,0.2919221434944868,6.46621634247127,0.23363232659559588,0.2981587446197785
128.95,0.6029005754290566,105.52311009478967,7.102918223857557,-0.642193790269001,0.24121663830675463,8.51732152887711,0.5685587564342822,0.287239690433484,6.42842179676578,0.19592675423930608,0.2694596791087038
129.0,0.6041506675641469,105.5657396852281,7.166295324085525,-0.6261745390876216,0.2381236015970618,8.571674489846176,0.5917552528788919,0.28500905824784545,6.391970026860129,0.16091138477570668,0.23789505213196305
129.05,0.6061272262640514,105.60833959802481,7.2234551502087765,-0.6042850910498577,0.23442271559069494,8.616366724014187,0.6175571736838537,0.28422805201533696,6.355414181001102,0.12822915836480767,0.20932080790202154
129.1,0.608867118945974,105.65092587888955,7.2763168303433625,-0.579441649704434,0.23464995698244273,8.649935222118314,0.6433063843346732,0.2829946350090855,6.316464387191812,0.0959538363873735,0.1865474480308437
129.15,0.6123823156991476,105.69351680332967,7.3259709449155235,-0.5551830988461849,0.24145912029169858,8.671797588295483,0.6660457966660719,0.28000199703671624,6.272346960233668,0.061749242935317084,0.16994543270960916
129.2,0.6166629123648791,105.73612425840324,7.3724164330125195,-0.534193624546201,0.25501499289445184,8.682234260625934,0.6839303648699666,0.2759988328439345,6.220796683403368,0.02429810826340275,0.15961389534018652
129.25,0.6216795639916772,105.77874863855709,7.414811230623023,-0.5172965078163066,0.2730784717484303,8.681706149548656,0.6969767931212134,0.27342487471682114,6.161722371669569,-0.015773328901063945,0.1569721496657007
129.3,0.6273783932883678,105.82137982745728,7.451103128250516,-0.5035273028711919,0.2909725862878477,8.670387718681015,0.7068709553950481,0.27446344440138626,6.097357930168832,-0.05604930132721861,0.163601169140983
129.35,0.6336777549313712,105.86400256044041,7.477854675889218,-0.4909934176789541,0.3029057894390192,8.648591239945304,0.7161408980241766,0.2798638589413259,6.030338685942996,-0.09338313231406359,0.17838270035361195
129.4,0.6404762985492074,105.90660246298152,7.491593219726568,-0.4777532935464978,0.30499189471078775,8.617478783694194,0.7271809594901332,0.28938107229980836,5.962576632078999,-0.125093407543758,0.1971322483030093
129.45,0.6476646120200437,105.94917116696949,7.490526808915717,-0.46251679867596607,0.2972027994261936,8.5792064709761,0.7413381719420096,0.3026330483704809,5.895592505684863,-0.14989975272398323,0.21447085700952462
129.5,0.6551325165006322,105.99170956631808,7.475144977791217,-0.44516001905399727,0.2831627214603763,8.536345748085978,0.7582669738134317,0.3191562063433626,5.831351394185342,-0.16840435175953183,0.22551617597597098
129.55,0.6627740867814845,106.03422767492741,7.447603818845561,-0.4268108535593363,0.26848645353911227,8.491077526069907,0.7758816252803635,0.3380889979552018,5.772578151166725,-0.1829462751500041,0.22709411277790562
129.6,0.6704908426288854,106.0767407415574,7.410379195287443,-0.40936777310882144,0.2580979402673628,8.444510250450344,0.7910085254449557,0.35793921489875136,5.722067302502433,-0.19688014712932417,0.21866411892538004
129.65,0.6781901003644206,106.11926262821328,7.3651899431314805,-0.394528984864075,0.25424404685614044,8.395925278542693,0.8005152477993058,0.3758510533218227,5.681999697285111,-0.2133912758634769,0.20254824041458241
129.7,0.6857834482392489,106.1617987653997,7.312836835334841,-0.38267896279300645,0.25647927850903984,8.342942047431103,0.8026264693908144,0.38789532068433946,5.653323308356108,-0.23423906636772465,0.18277209840803446
129.75,0.6931904831065949,106.20434231033805,7.253984988639418,-0.37219717241092964,0.2624218770125158,8.283122963337489,0.7978726649674137,0.3913936995450849,5.635014734795473,-0.2590966157038451,0.16320056399852176
129.8,0.7003397968406172,106.24687605351905,7.190219159518906,-0.35970864402863023,0.2686861669842936,8.215715344290963,0.7890411528338456,0.3856139637630247,5.624356271790935,-0.28584210933002724,0.14676298604989294
129.85,0.707166879674423,106.28937898827827,7.1244793383669585,-0.3412670027672925,0.27234742964195613,8.14353991860061,0.7802313708994622,0.37193971765598505,5.618184592630803,-0.31160677965140166,0.13554073769070757
129.9,0.7136143232164549,106.3318352445378,7.06070798415926,-0.31405150175011143,0.27220454132579386,8.072737583958888,0.7751290260081588,0.3548748572379821,5.614268986742807,-0.3342259186305709,0.13108037701056807
129.95,0.7196287281075204,106.37424290626166,7.002539377688536,-0.2780372548402244,0.26890733777277387,8.008977575845831,0.7749151250277313,0.3395376682183606,5.611906723743303,-0.35365677021807446,0.13424603840308844
130.0,0.725153399289871,106.41661647452587,6.9522173092387165,-0.23644594268279698,0.26407578459927417,7.955034039456343,0.7775180015141053,0.32837701776318495,5.611133089901318,-0.3723624447961031,0.144017779719437
130.05,0.7301262653030762,106.45897966668402,6.9107614514615054,-0.1943957053591258,0.2600180948497042,7.911090882504056,0.7788780216266525,0.3206736983176579,5.611479614464987,-0.39412647346491625,0.15687897414627391
130.1,0.7344856105229445,106.50135317553294,6.878603607836389,-0.15661683715547542,0.2594823532512347,7.875603553310971,0.7751510891772094,0.31382742571041206,5.611391914855707,-0.4220069691063043,0.1676003124312568
130.15,0.73817772020701,106.54374375677206,6.856130495768276,-0.12539008139388022,0.26421908296463675,7.84616117436803,0.7646967131933868,0.3056630925837335,5.608579327509085,-0.45650944230078006,0.17124470572311043
130.2,0.7411621783328255,106.58613960039668,6.844258577610028,-0.09959267973715358,0.2738814776702841,7.820309654487722,0.7489854550126498,0.29623180088776857,5.601191424868496,-0.4948427478166801,0.16584489719471454
130.25,0.7434099120203264,106.62851514561875,6.843893190418825,-0.07551214916326209,0.2855528903749655,7.79590711593101,0.7318386640556538,0.28732818363591395,5.588676234066812,-0.5318173713568803,0.15361484871058592
130.3,0.7448978630841566,106.6708434230666,6.85476952333484,-0.04905746979608518,0.2942609178615752,7.770750722864011,0.7173217801157111,0.2804327598754099,5.571641313753274,-0.5620483224443032,0.13960326258420447
130.35,0.7456096758536314,106.71310869674966,6.875840639343417,-0.01791869578717094,0.29581244985813954,7.7423859470239025,0.7075944020991707,0.2756141379628441,5.551399824092673,-0.5822060744520865,0.12910369476271832
130.4,0.7455378631059231,106.75531291180131,6.906130806588397,0.017387881103574688,0.28902356541499924,7.708641108393994,0.7018665269535532,0.2722527264380473,5.529571679187644,-0.592230436346281,0.12570394906336924
130.45,0.7446812705204298,106.79747384585504,6.945265155275241,0.053880002182277585,0.27580389791756227,7.667720888975772,0.6967240615741987,0.26979881527681004,5.507961184688865,-0.5950904871178797,0.13033398228854148
130.5,0.7430396362098302,106.83961638979171,6.993584292113615,0.08760351950827934,0.2601385821011444,7.617702720473783,0.6875976530099102,0.267545319817339,5.488623264602796,-0.5952895856957762,0.14107096222155424
130.55,0.7406109767978988,106.88176110446732,7.051250081606247,0.11551030679758617,0.24599862419988527,7.556527751967828,0.6707946943943994,0.264277789202273,5.474117611106262,-0.5968383419036761,0.1543778187002066
130.6,0.7373957608959076,106.9239146650397,7.1176660037605055,0.13701798127528028,0.23560302251441784,7.482915895859758,0.645276386919023,0.25919470479387624,5.468133467643595,-0.6015148973499056,0.1675988941911563
130.65,0.7334028932861714,106.96606679407681,7.191880374991095,0.1545241203772494,0.22933633803498513,7.397421991380814,0.6132758152045926,0.2530181693268751,5.475410021678156,-0.608275728558929,0.1804895879220726
130.7,0.7286515102331582,107.00819607768975,7.272755560830048,0.17235316085953942,0.22697912546585758,7.302714344907209,0.5792839946962308,0.24771311502609153,5.500162657125101,-0.6142477843627063,0.193874607985069
130.75,0.7231700085577154,107.05028129255903,7.3584669164542795,0.19465431421723642,0.2287831796008642,7.202925594092769,0.5479541289252449,0.2456845158471508,5.544426615877003,-0.6166829544447965,0.20780251652562468
130.8,0.7169929808494554,107.09231214715606,7.446546162820578,0.22350702021339586,0.23501869862536964,7.102208429741324,0.5220037686376956,0.24883131637519826,5.607624530890554,-0.6147435878793938,0.22120189822219502
130.85,0.7101572260980606,107.13429445807077,7.534282869387793,0.2580841960235939,0.24483274768575897,7.00292314156122,0.5010660751139231,0.2570176952877967,5.687038945456964,-0.6102340626342576,0.23235232616704368
130.9,0.702702771211432,107.17624716403202,7.6185922586567765,0.2951148234944436,0.25574791919382417,6.904847460879245,0.48209973230661607,0.2675178488550955,5.778982680016777,-0.6068865632019534,0.23985789385091474
130.95,0.6946796565636042,107.21819229513036,7.696271334017258,0.3305645912163443,0.2646604956443642,6.806088015875382,0.46121131937411813,0.2763332878327963,5.87997745198453,-0.6085220680101108,0.24367340158962086
131.0,0.6861538949048556,107.2601430516994,7.765182140281862,0.3618058335771659,0.2699294746772924,6.7047849972306865,0.43587180056573316,0.2803777312165492,5.987134908833051,-0.6170196260278146,0.2451729620453966
131.05,0.677208302279042,107.30209720575506,7.824861579003659,0.38888122689199395,0.272003588111456,6.600762278191995,0.40623414983361417,0.2792919621550874,6.097598050443897,-0.6313314395478836,0.2463214616562989
131.1,0.6679374020145209,107.34403909074555,7.876349062290894,0.41421487274127267,0.2727825648755119,6.496224786234042,0.3749193526122617,0.2753810237307058,6.207952560783249,-0.6479920302923493,0.24867116864392544
131.15,0.6584386022652079,107.38594799711609,7.921953764279412,0.44118451336746306,0.27511439143484423,6.395083334230668,0.3455639310136142,0.2715109360972419,6.314808073915199,-0.6625619377917792,0.2530807068870835
131.2,0.6488036036128428,107.42780879221176,7.96464749375186,0.472247958921357,0.2816964938393192,6.301569713002119,0.32088317064203964,0.269334554256521,6.415552932089574,-0.67142675760186,0.2600358052880033
131.25,0.639112085106093,107.46962006391065,8.00701139129774,0.5074444111141867,0.2935414567298128,6.219223540877584,0.30119520863636035,0.26871505643742594,6.508240942537391,-0.6732756044849809,0.269453750706968
131.3,0.6294306200707829,107.51139589613192,8.050329560220543,0.544020143153899,0.30924566756748784,6.15043101565837,0.28410673253685326,0.267809523091118,6.590724882358001,-0.6695400042147129,0.2796891571024193
131.35,0.6198189011320671,107.55315971897402,8.093998432156955,0.5774577183162991,0.3250882136285857,6.096220810247874,0.2655471601879877,0.2642444125650796,6.6604939737344795,-0.663400856156662,0.287578454103354
131.4,0.6103427223958432,107.59493298319644,8.135597781409627,0.6035000708748967,0.33579602714956847,6.056136508658983,0.2416771952306645,0.25685434399135654,6.715935117644923,-0.6577921786698037,0.2904956594512151
131.45,0.6010872594797847,107.6367247594758,8.17223031334934,0.6201959457526045,0.3370833123849901,6.027910590230746,0.2106546296888164,0.24617221981217063,6.756957239658087,-0.6536257177212513,0.287915020301852
131.5,0.5921613950697757,107.67852731721538,8.202383444201857,0.6289481485411473,0.3283976137335866,6.007514419176204,0.173456966699742,0.23344221819056374,6.784911030823784,-0.6491026107698834,0.2818345824850288
131.55,0.5836902935188846,107.72031983525567,8.22662042475315,0.6339509033253531,0.31310933743807584,5.990375333534551,0.13342920761888513,0.22011831920859992,6.802786397324106,-0.6403597268231602,0.2763781528434549
131.6,0.5757998292142349,107.76207920376058,8.246881646054257,0.6401858088397827,0.2965469161434374,5.9728118302637,0.0945989594392941,0.20818482437609837,6.814841873434737,-0.6233395535960822,0.2756522528172626
131.65,0.568599899688653,107.80379260078806,8.265443023995406,0.6510247332544853,0.2838877827142092,5.9526150406026765,0.05958583964969365,0.19951458841474082,6.825437715329896,-0.5960460579639467,0.28143028372728596
131.7,0.5621734905629969,107.84546500630161,8.284063719995,0.6666987572785158,0.2786905793164725,5.929282055381527,0.028317750280385526,0.1945631908249709,6.838023328820775,-0.5599198102793405,0.29250346840331104
131.75,0.5565745343364981,107.88711800057357,8.303405472283096,0.6843472860042404,0.28192421813260726,5.9037339135184395,-0.0018359869781024115,0.19201645781517626,6.8543704496309905,-0.5196688176997559,0.305033989111522
131.8,0.5518355737110884,107.92878042590779,8.32275620406677,0.6995825582370331,0.2917073075109156,5.877336033425707,-0.03459823072671806,0.18954104268821606,6.8738645240213705,-0.48167729141903276,0.313634412638956
131.85,0.5479815050769241,107.97047474588574,8.340100005287873,0.7088434627864179,0.3038524109514591,5.851442085554403,-0.07256478844694891,0.18491519724658406,6.893663562581572,-0.4515334964264,0.3139044218500656
131.9,0.5450425556700658,108.01220571568307,8.352415806351633,0.7113206299066828,0.3134768460424517,5.827367746750251,-0.11535944207364286,0.17676317501012587,6.909904692035623,-0.43176899403723074,0.3049891507408756
131.95,0.5430612371441771,108.05395742288403,8.356573215169126,0.7095132769758897,0.31763520452365107,5.8060221742670866,-0.15921828388569526,0.16464780786794345,6.918913024176345,-0.4210122422967518,0.2897223068121401
132.0,0.5420900712733179,108.09570011379466,8.35057821859937,0.7082162320452002,0.3172064388806094,5.787797313579751,-0.19829063693288626,0.14952112405162435,6.917858125948587,-0.4149448323004252,0.27272962407156764
132.05,0.5421793901011879,108.13740365914306,8.333995726172978,0.7123130952090243,0.31622054349750306,5.773115142544738,-0.2271044059805184,0.13431352538044658,6.905054810685122,-0.40854212430753295,0.258487555467211
132.1,0.5433575854127795,108.17905143714717,8.307418022955156,0.724388500547123,0.31892729084695276,5.762763370627008,-0.2430322795691701,0.12315351953708804,6.880235988313752,-0.3984630726534983,0.25000552232211226
132.15,0.5456145665147663,108.22064846385507,8.271144442230263,0.7431910963901515,0.32650922671805044,5.757788647659301,-0.24766477783467908,0.11962098553401751,6.844518312668845,-0.3845131564751715,0.248099748432664
132.2,0.5488983504097225,108.2622196158357,8.224347102316209,0.763833677650665,0.3360131665944852,5.7587070335580615,-0.24644994568748999,0.12484716569734816,6.799996819560714,-0.3694680202337949,0.2514217710402759
132.25,0.5531247855589864,108.30379742639121,8.165808332134983,0.7800048438939892,0.34256571748025033,5.764483064355326,-0.24654258091526168,0.1365560641942294,6.749467593651539,-0.35714854430732756,0.25732701292645116
132.3,0.5581938987412076,108.34540568373214,8.095099108801646,0.7870060558035005,0.34190261860213206,5.772824507782832,-0.2538299845496485,0.15050956425049072,6.6961373970013,-0.34982623412812397,0.26313528263591796
132.35,0.564006615936731,108.38704700178084,8.01452771460731,0.7842278901789678,0.33315392992398035,5.7813176488946825,-0.2705846398634964,0.1630351984310716,6.643186019319661,-0.3463482534788695,0.2670258358787555
132.4,0.5704748653405738,108.42870135960526,7.929934934242301,0.7755387846700452,0.3204149480090071,5.788298864020296,-0.29499824272042197,0.1725115056133836,6.593451038043204,-0.3420705007673573,0.2682341711648463
132.45,0.5775185291527977,108.47033755396137,7.847776768869037,0.7668831131147794,0.3091857952689236,5.792984688571932,-0.3229269551134069,0.1792977786947943,6.5492862831389616,-0.3308715315987595,0.2668873244505347
132.5,0.5850569794032441,108.51192948875519,7.772774165624714,0.7630969251710784,0.30260460446684034,5.794939190642061,-0.35055448875023953,0.18459688333874738,6.5125837641090865,-0.30795508019760054,0.2636717621918655
132.55,0.5930050123126128,108.55346826015393,7.707832980776852,0.765765123283283,0.3009200418149954,5.7933988958378135,-0.37644857370242957,0.18930934574806182,6.484961495877827,-0.27193775492227745,0.2595078238048423
132.6,0.6012737536810456,108.5949655763958,7.653714447886085,0.7725303225703763,0.30251156899988063,5.786856148167412,-0.40217848838402265,0.19340340446484272,6.467872138059749,-0.225427263268356,0.25508127478920484
132.65,0.6097732410735907,108.63644725000258,7.608661586601636,0.7781666502650899,0.30513567504477956,5.773483290900528,-0.43121028091790004,0.19586391422871688,6.46257163806509,-0.17385987097028585,0.2501576411048482
132.7,0.6184166245882272,108.67793953462564,7.569546700512784,0.7772134457972586,0.3067608460123218,5.7522780466581205,-0.4665887285057998,0.19572448034084672,6.470015635490076,-0.12311613301275591,0.24373613339310068
132.75,0.6271253195490839,108.71945583617334,7.532983182230879,0.766540147016762,0.3058950379639993,5.723801244329337,-0.5087635546590635,0.1933276786338114,6.490473345206004,-0.0772179184467474,0.2346674595955933
132.8,0.6358307493363423,108.76099050332738,7.4953602376477075,0.7464854831611238,0.3013051388450857,5.690078590937775,-0.5547052683499833,0.19025873384221217,6.523094522509812,-0.037173141755369794,0.22211402479363476
132.85,0.6444736096189544,108.80252128310781,7.453225508184477,0.7205003982900537,0.2923739565609958,5.654064366878099,-0.5985692788563591,0.18803025891506353,6.566127326334536,-0.0011879920870395415,0.20630856076663787
132.9,0.6530026653431299,108.84401919901607,7.404332498396863,0.6935774624093939,0.2802764188789339,5.618914023821737,-0.633679488698948,0.18696602471465046,6.617555372367693,0.033882913885672244,0.1886836453230003
132.95,0.6613715175652766,108.88546166095604,7.347828960211209,0.6699900880973816,0.26778251026452077,5.587558374640418,-0.6550203121778442,0.18646652113080636,6.67633847878101,0.0705815909750135,0.1715071749098691
133.0,0.6695341713353995,108.92684252766402,7.2837342645444565,0.6514211186789753,0.2579861389808254,5.562932973855384,-0.661069431806878,0.186008143214832,6.743270559948164,0.10932033980000821,0.15771849483095463
133.05,0.6774402384324674,108.96817522998394,7.212323179455045,0.6362681695848654,0.25328879756100214,5.548243361478026,-0.6543097096545112,0.18576179893957648,6.819721955733607,0.14776694947980312,0.14943410233286367
133.1,0.6850307417222644,109.0094872672428,7.1334588646265935,0.6204546566373865,0.2544854799656673,5.546988384771117,-0.6401738866332595,0.18669895545125903,6.906214153422109,0.181664938959916,0.14620207044592406
133.15,0.6922382647272031,109.0508077267797,7.046479573900728,0.5995410054883695,0.26041889140732777,5.562556340436422,-0.6247990801256169,0.19015245171988887,7.002476061946553,0.20695816442586473,0.14534543418727822
133.2,0.6989937348293328,109.09215403847918,6.9507395418040465,0.5710668275783081,0.2686054943209349,5.597340898562304,-0.6126968838927526,0.19679578551683005,7.107607997664133,0.22196325666804642,0.14425260067802428
133.25,0.7052372627817136,109.13352418623636,6.846361932658167,0.535973558331572,0.2764030502972109,5.652212583794373,-0.6053345885203952,0.20615043851469628,7.2194208339404415,0.22839076304335362,0.1432244370317285
133.3,0.7109218028066424,109.17489773313409,6.734839557919058,0.4984499544950793,0.28216539717013905,5.726645027609887,-0.6011817897128221,0.21704499441577652,7.334487715952194,0.2309617674778732,0.14600441968541245
133.35,0.7160045445780676,109.21624611927767,6.619195371099862,0.46410622235234444,0.2854513837444984,5.818236246531649,-0.5973658702771237,0.22712876923607106,7.449301124017439,0.23573689235246,0.15696752361620936
133.4,0.7204373371036709,109.25754709594084,6.503394526959281,0.437361896336842,0.28659396740205134,5.9220357257793195,-0.5919856361984488,0.23211962748312942,7.560265802286469,0.24763599999497912,0.17724014106028238
133.45,0.7241697381260678,109.29879467386513,6.391472291925671,0.41957437611103904,0.28625812639396697,6.031852494316129,-0.5855089262041153,0.22829208397203132,7.6626492899425225,0.2684958897409042,0.20292261509029935
133.5,0.7271634711769442,109.33999987248265,6.287144832806674,0.4088174803618073,0.28488285197545893,6.142007615724686,-0.580675299866379,0.21598103013253664,7.751116461398548,0.29681417091279666,0.22792155800454428
133.55,0.7294026946178,109.38118376975925,6.193740266407491,0.401086233756526,0.28249956770144535,6.247376596829473,-0.5812924097158948,0.20009805951642096,7.82133383131751,0.3290202825440835,0.24775744729901295
133.6,0.7308927106437302,109.42236712986568,6.113736754453402,0.3920747789408378,0.27931209568096677,6.343128851897501,-0.5904751877105966,0.18784635098513922,7.870779547394616,0.361363778632127,0.26088983836394397
133.65,0.7316504176628651,109.46356110345336,6.048140981729418,0.37877381105082797,0.27566340335733486,6.425321426351972,-0.609018309824399,0.18525958582567956,7.899135619480516,0.3916050436944668,0.2688856540364476
133.7,0.7316920129757242,109.50476251808371,5.996399658259833,0.36039122688632763,0.2714708363826656,6.491215951564034,-0.6346545724399228,0.19450805397549611,7.9089141448938305,0.4199405993664316,0.2761237959427656
133.75,0.7310217208599747,109.54595587720239,5.9564559693154715,0.3381435709129264,0.26610110107995855,6.539321334331117,-0.6625739519172952,0.2135244820021372,7.905105988314228,0.44866457744363186,0.2878504571191061
133.8,0.729625879686243,109.58712123587055,5.9251907796299585,0.3140993194027741,0.258439772006799,6.569783206680584,-0.6869459077756714,0.23764801397556848,7.89354117933936,0.48067417001479157,0.30695134070891295
133.85,0.7274759552648461,109.62824368911912,5.899630037504595,0.28982691941966415,0.2476694723968267,6.58497898751952,-0.7026911057333897,0.2614888592108331,7.8792889584947075,0.5176796106250127,0.3321303452751465
133.9,0.7245396248101191,109.66932046020608,5.877920075291441,0.2653788216437235,0.2342166564664439,6.589214776855972,-0.7069425572606616,0.28009026332916703,7.865878359283293,0.5589537205705145,0.3585247100298473
133.95,0.7207960584111418,109.71036245103541,5.8592553415851,0.23904984891825837,0.2196736332738067,6.587255146276178,-0.6996883077326833,0.2902802920204205,7.855527045392783,0.6012386719002716,0.37994952351248706
134.0,0.7162488059066091,109.75138949591413,5.842699945227971,0.20805067670662816,0.20551637426699834,6.583213361639232,-0.6832419437539011,0.2917139205282502,7.849825490136894,0.6398462858606727,0.39184718787365913
134.05,0.7109313153845376,109.79242181860381,5.8260331594643455,0.16983418967623776,0.19160834153049133,6.580245470134103,-0.6608587908869835,0.28668967208132,7.850051332623933,0.6703684315708778,0.3931506567308537
134.1,0.7049052934409135,109.83347131664493,5.806222940332333,0.1236018824613874,0.17670477337671306,6.580464496232304,-0.6351883530839053,0.27889692794792664,7.8569234031772295,0.6902831043056497,0.38577261956383274
134.15,0.6982541893950253,109.87453688415542,5.780702501024601,0.07113777059811906,0.16023458908014826,6.5849094311260945,-0.6073525515828588,0.2718036610910033,7.870074380213035,0.6997295685659218,0.3725616365245201
134.2,0.6910737565976349,109.91560565320317,5.748579382707295,0.016552612280042303,0.1433179831415008,6.5936960930263515,-0.5770092343240926,0.26753966462165757,7.887515290172717,0.7011683659030193,0.35578649365505693
134.25,0.6834650179748332,109.95665892559488,5.712154312287821,-0.03480991771419794,0.12963549025022994,6.606191237912152,-0.5432154525459789,0.26635422416989446,7.905865748085259,0.6982989334273978,0.3370557669674622
134.3,0.6755282578309222,109.99768069751606,5.676443655148503,-0.07807915459486273,0.12430746605809678,6.6209759571483255,-0.5057361120040644,0.26664140418994964,7.921630267905112,0.6946835811111225,0.3181500811491524
134.35,0.6673543664075553,110.03866545495636,5.646127821928132,-0.11060223994758664,0.12958532244249582,6.635906875849049,-0.466170205001248,0.2660068553680928,7.932235188762155,0.6924742718410559,0.3014418642701711
134.4,0.6590212803032169,110.07962053052488,5.624072914812955,-0.13263261303060156,0.14301539515998238,6.648517931439786,-0.4280795406691769,0.26277264654032084,7.936471787573818,0.6919506523092521,0.2897038575427104
134.45,0.650596656446801,110.12056215341744,5.6115930364637645,-0.14674976217189944,0.15890502728518252,6.656491565901452,-0.396033508662211,0.25682335831338615,7.93463268228897,0.6920606665785425,0.2856234845348053
134.5,0.6421419908272342,110.16150782506432,5.608644747782034,-0.156569108995121,0.17096563821350014,6.658071877596136,-0.374062686438192,0.24964805066796483,7.928066142703011,0.6915377819551181,0.29052047881499077
134.55,0.6337161146932624,110.20246817935933,5.614252971810251,-0.16528201125040903,0.17586859912364622,6.652350471005386,-0.36411595580232975,0.24361340056486763,7.918366885427496,0.6900744654057388,0.30297425240586423
134.6,0.6253755244085178,110.243442354626,5.627016393560282,-0.17466651969438282,0.17473153610392425,6.63915904685548,-0.3652560428155257,0.2404040099265246,7.906736531387468,0.6888961157107264,0.31912209902786687
134.65,0.6171719592150616,110.28441941606042,5.645190212412791,-0.18505616678221185,0.17127162171281404,6.618759838781538,-0.3740000671293535,0.23986722597439786,7.893225762340657,0.6902728350939981,0.3338092962576707
134.7,0.6091512756742722,110.32538413794404,5.666064993672046,-0.196113204533469,0.16865814550962246,6.591700673283583,-0.3854838314008152,0.24029060630787127,7.876551468067381,0.6964319800116222,0.3418921031405897
134.75,0.6013584721593029,110.36632304828187,5.685509929603412,-0.20770551998753672,0.16786662922425596,6.559117920806221,-0.3947123891313006,0.23958124673013936,7.855353881881035,0.7087331693411956,0.3406925568505001
134.8,0.5938453763170225,110.40722872170582,5.69888254510946,-0.2204448706426829,0.16862343876839012,6.523345626484416,-0.3975331199129696,0.23696049630959745,7.829176342889759,0.7271375552075595,0.33168744308617604
134.85,0.5866703148074663,110.44810225185618,5.702352737268519,-0.23589603010478133,0.17057473975925805,6.488058511015126,-0.3913473389049756,0.23398726823403707,7.79832541065423,0.7498924326410823,0.3193475240816038
134.9,0.5798865819559681,110.48895342207446,5.693253987406156,-0.25644698876318245,0.17302007089830487,6.457509485822891,-0.3754788161965081,0.2332882910550425,7.763053086093904,0.7736291311980746,0.3079949550427301
134.95,0.5735320231131406,110.52979750680502,5.669878698021377,-0.2846784950671125,0.17449548070927506,6.435345600542563,-0.3509558020768745,0.23622806933237506,7.722446756725981,0.793988261962744,0.299368424213191
135.0,0.567629963834732,110.57064854719229,5.631662527620241,-0.32220390730834364,0.17370496850863487,6.423515779318706,-0.31964918844421225,0.2418171340825954,7.674483200194615,0.806903212772733,0.2928014210115773
135.05,0.5621954394321484,110.611512363229,5.579579692043706,-0.36851857776224073,0.1705173711820976,6.421464609147562,-0.28323979323621257,0.2467467713622275,7.61707713917885,0.8100261396818673,0.28666351868806905
135.1,0.5572425238326304,110.65238264201005,5.516318224591599,-0.42046124169267785,0.16584076154119798,6.426307579999955,-0.2424569128906801,0.24655276418358257,7.549821242266682,0.8036518964333489,0.28081883498950855
135.15,0.5527891627710664,110.6932422174649,5.44609758334636,-0.47268293818791535,0.16124332592364787,6.434247222924027,-0.19697690112135596,0.23818775318465107,7.475753094993939,0.7906887366333267,0.2781732984814471
135.2,0.5488524927561116,110.73407116354002,5.373851498445878,-0.5193320298326709,0.15849517330347768,6.44214139146533,-0.14638321904939375,0.22176905037266076,7.400207481328617,0.7751492321748391,0.28156111727778516
135.25,0.545440720613065,110.77485718702819,5.30424747148829,-0.5561089483473326,0.15858110622105429,6.448592646283768,-0.09151789535604807,0.20041160145021347,7.3279796786620945,0.7600185952836573,0.29042463479570557
135.3,0.5425520803238258,110.81560140598414,5.241204811008001,-0.5814853260114797,0.16096556792769084,6.454526244662364,-0.035146444913349645,0.17985129810094586,7.262109798669616,0.7460321279694379,0.3011811791625407
135.35,0.5401770832234757,110.85631750823399,5.187934696362869,-0.5967056248440216,0.16400113258394608,6.462335396582713,0.01830942245714216,0.1667155651385663,7.203982177407624,0.7317568372467133,0.309080499810611
135.4,0.538299819605648,110.89702536937153,5.147380348330977,-0.604737889948471,0.16633741813993339,6.473898541019212,0.06385064887764169,0.16469412567459984,7.153692784940295,0.7146911710408006,0.310282856151211
135.45,0.5369038572711132,110.93774149440772,5.1227104688272815,-0.608619392570238,0.16827849009321,6.489855089666526,0.09761735220869769,0.17266756941688066,7.1106180842214295,0.6929093785767606,0.30398190426239985
135.5,0.5359778545070439,110.9784711803109,5.117162352502268,-0.6100684084302254,0.17153515171898773,6.510258518493467,0.11840731037802393,0.18579616269615012,7.073738312646807,0.6663564522316431,0.293024208235847
135.55,0.5355150338475279,111.01920671818893,5.133072564954737,-0.6091157919271147,0.17734198270429585,6.535134224994928,0.12806596014198193,0.19786150235046734,7.0413040554989035,0.6370509887450327,0.2820330987917269
135.6,0.5355113094868948,111.05993181627646,5.171168067540351,-0.6047702930981154,0.18515566290178237,6.564703531155019,0.13067340560694418,0.20389751969217343,7.010114708562118,0.6081721955900068,0.2744027583448162
135.65,0.5359667053813166,111.10062919689041,5.2302912945664835,-0.5962118342476546,0.1927045662522877,6.599465240194524,0.13109389353365442,0.20193255695872647,6.975488857039023,0.5826798484631027,0.2709654918573525
135.7,0.5368884468785078,111.14128757900599,5.3072480640269015,-0.5838675461452503,0.1967159463591656,6.640099047626056,0.13354545696233677,0.19327663794148917,6.932498139998248,0.5622485068190863,0.27095935285616224
135.75,0.5382939228316724,111.18190500640904,5.397233728069544,-0.5698159042338452,0.19479950386474662,6.688125534969055,0.14084599253966176,0.18246988783791232,6.877302203039254,0.546861548572125,0.27351605136948626
135.8,0.5402088155782264,111.22248843720983,5.494839362874973,-0.5574772103935454,0.18754850341501514,6.746302560321228,0.15429555764125946,0.1759715532248102,6.807689162070448,0.5349559080828532,0.2781542173306806
135.85,0.5426553194781799,111.26305105875245,5.594863324319158,-0.5508624916422172,0.1784178716783876,6.816892535261115,0.1737449431593228,0.1784043731633145,6.723150005949895,0.5239392562976154,0.2843123102152807
135.9,0.5456386043109652,111.30360707133526,5.692834557970414,-0.553417616222696,0.17181634400562232,6.900477725330132,0.19817950853336577,0.19022153976856027,6.624870984816887,0.5111265664301136,0.2906154295398532
135.95,0.5491396374440894,111.34416576207093,5.785409037654824,-0.5668283563262785,0.1712625244585901,6.995687692528826,0.22658574636303813,0.20714054836434928,6.515402369656779,0.494736786811259,0.2949493833128023
136.0,0.5531176646397132,111.38472793771913,5.870442705873745,-0.5903599067955371,0.17812723729064758,7.098313043426448,0.25839524115622814,0.22066007486649045,6.398158209916659,0.47446606532958663,0.2955795007487521
136.05,0.557525454696738,111.42528540704674,5.946886965734458,-0.6208714220921641,0.1911273282797274,7.201822706402229,0.29360156435516604,0.2228039577449183,6.277285557979525,0.4515844773976665,0.29176566078211097
136.1,0.5623263041009501,111.46582381616062,6.014985464863376,-0.6534698185648004,0.2066557240159639,7.299621807075307,0.3326009051380596,0.21190054113444753,6.157612651945489,0.4284591783460135,0.28393825849124105
136.15,0.567499722721179,111.50632893321114,6.076169748492838,-0.6828286798829033,0.21989911427509296,7.386626608550286,0.37550350380361497,0.19348377806933575,6.0438753760478585,0.4073798124865163,0.2742687075421555
136.2,0.573037156227445,111.54679383615628,6.13220687455357,-0.7047967193704586,0.22676296048218794,7.459853390953581,0.42126536594704417,0.17742537850055226,5.939550320410887,0.389201815596964,0.26600434880424156
136.25,0.5789307916263268,111.58722286700616,6.184739840557331,-0.7174306894199123,0.22567129731308302,7.518739378271771,0.4673389153061281,0.17396605080398872,5.846319358515518,0.3726678855384052,0.261637626766893
136.3,0.5851569168485171,111.62763052883608,6.235205737949168,-0.7210408359024076,0.2178355454759467,7.564750156652081,0.510059744244566,0.18889534163521343,5.764297657199054,0.3547172736886926,0.26166012082904794
136.35,0.5916641095402841,111.66803584939748,6.2846199378861805,-0.7173917305085435,0.20610581099612502,7.600289099192755,0.5456293390439876,0.22033511921995216,5.6927077674256825,0.33165188555599523,0.26429664293901795
136.4,0.5983765045315322,111.7084542487256,6.333029839965901,-0.708492002225159,0.19373956645695967,7.627771671805429,0.5714158464025179,0.25964021848902374,5.630764624661076,0.3007563104677983,0.2662039143501415
136.45,0.6052087328974051,111.74889046480354,6.379237617026369,-0.6954812548910554,0.18393118153508278,7.6490442722707765,0.5870093286596656,0.29525872437388795,5.578471605821408,0.2616526117720643,0.2639563524377867
136.5,0.6120828235006313,111.78933619449498,6.421562955109484,-0.6780740225868439,0.1793622688674545,7.665249299087112,0.5944898182281535,0.31734919070488593,5.536699491903722,0.2166588761287257,0.25564342758287484
136.55,0.6189415169115025,111.82977401268003,6.458631198793716,-0.654997405508639,0.1814062681943118,7.6774372894045335,0.5977623798258492,0.32155117893620155,5.506231651628897,0.16989100223460765,0.2418993273809747
136.6,0.6257523424760725,111.87018580418703,6.489586669511221,-0.625236994121421,0.18973701804136348,7.686891082311894,0.6011001541218685,0.3102786556393526,5.486943686627728,0.12562190320381314,0.22558115850760144
136.65,0.6324996879103768,111.91056144655171,6.514047594085897,-0.589325262906752,0.20248588634144143,7.694652470380711,0.6074986114460404,0.29115737559527927,5.477997105943172,0.08673488603186127,0.21053696344619952
136.7,0.6391702417382795,111.95090394361873,6.531939754859447,-0.5500267479379832,0.21672689021458205,7.700900380086637,0.6176028118015304,0.27345515580528684,5.478188492927236,0.0537928081102319,0.20016146053100464
136.75,0.6457392142303225,111.99122854154999,6.5433599912809415,-0.5119955923813184,0.22922970427743916,7.704761771116605,0.6297365992013444,0.2641768886089153,5.486203984442646,0.025138487413739606,0.19601121281002412
136.8,0.6521623456096687,112.03155565975192,6.548539946228732,-0.4803836317646452,0.23728160798308134,7.704685470829525,0.6410866678394908,0.26582127464005467,5.500930954693429,-0.0019473501623734056,0.19693158223240673
136.85,0.6583785917905063,112.07190084625036,6.547849379266541,-0.4589742733313597,0.23933159040894617,7.699214440709156,0.6494895744294935,0.2767155154884494,5.521483696581309,-0.02962514109840828,0.19952734806761444
136.9,0.6643215994774587,112.11226678869369,6.541826854071966,-0.44872658354476574,0.23536397895350536,7.687781314123822,0.6548867333057078,0.2930060705426218,5.547203442104611,-0.05818976400725359,0.2000201654615014
136.95,0.6699312736609013,112.1526417423463,6.531196436326684,-0.44747693288907825,0.22687831113869356,7.671194766459216,0.6596416467676498,0.310769155442718,5.577783904767073,-0.08580395273782115,0.19597023349934548
137.0,0.6751593636166322,112.19300561838212,6.516820431922995,-0.45099636988936403,0.21635882910097787,7.651504006063363,0.6674665030961021,0.32694110289537615,5.613119903759207,-0.10952017555453289,0.18678073338710105
137.05,0.6799698298419867,112.23334057536853,6.499687138968601,-0.4548608231528805,0.20668873270784682,7.631033750491187,0.6814443213768592,0.33899598448063395,5.6526754220897315,-0.1270588376598204,0.17327259739784887
137.1,0.6843387945799155,112.27363993976205,6.481066536782213,-0.45607959528196174,0.2007090609749337,7.611425239993191,0.7023345090830434,0.3448629682871202,5.6947710146668165,-0.13833889774751296,0.1579224092136724
137.15,0.6882509179330367,112.31391095106176,6.4626467098262,-0.4537157744577056,0.20040413514580463,7.593567193369751,0.7281112034490616,0.3434014016061996,5.736588930991197,-0.14592631401996353,0.14528203452342703
137.2,0.6916895485248081,112.35417100409319,6.4463772697647705,-0.4484520275192178,0.20592675547189002,7.578113639074672,0.7547540374440004,0.33498175947702635,5.77490823903084,-0.1542000373795806,0.14012339738445215
137.25,0.6946283641693177,112.39443973705731,6.434128653308192,-0.4414731478728397,0.21541653167371844,7.5658825146389335,0.7777640272309342,0.3219305072666882,5.806256337944809,-0.16778068361228204,0.14412520142176632
137.3,0.6970305238963801,112.43473061281632,6.427406474941375,-0.4332336842314499,0.22571654899499005,7.557494506596684,0.7937023782811904,0.30775955202697175,5.826295809922294,-0.18997517674767336,0.15421318978113388
137.35,0.6988564921516153,112.47504509786937,6.427059621400209,-0.4226597341787086,0.23329078610896892,7.5526622510307275,0.8012539315908102,0.29522656619604754,5.830225436079179,-0.2216688603332534,0.1651011219090574
137.4,0.7000748728982721,112.51537160286033,6.432940237819892,-0.4071827964859466,0.23508303191782765,7.550195992759692,0.8015164822111576,0.28529193987642143,5.814270104363635,-0.2610256734201061,0.17342689468493627
137.45,0.700669460144795,112.555690109242,6.4439295212669485,-0.3836553255894991,0.22964936249155937,7.548345046635988,0.7973039800127142,0.27735645084390104,5.77660359460134,-0.3042423445301048,0.17940662470204846
137.5,0.7006394003500841,112.59598052998112,6.458467258860801,-0.34973562073699355,0.21819045790984365,7.5450614453508535,0.7917555220684371,0.27003172629862093,5.717450030599861,-0.3470278656260701,0.18560675844414892
137.55,0.6999922946815754,112.63623121073219,6.474884194410988,-0.30522143730624735,0.20422091575316786,7.538625000627709,0.7869288888680895,0.2620982352500931,5.638748911165637,-0.3861676268507067,0.19431700949107727
137.6,0.6987355530945796,112.67644378965126,6.4912162776563465,-0.25274300642804526,0.19189802493975505,7.528093361537797,0.7829638740572484,0.25320481069523004,5.543542046795424,-0.42051979577516957,0.2057127103819893
137.65,0.6968701476186178,112.71663205063336,6.504897733943682,-0.19735676238521058,0.18391202732093553,7.513199843467648,0.7781931697398244,0.24386860157924806,5.435929949590293,-0.4509401503398116,0.217483476434108
137.7,0.6943884001963647,112.75681514054207,6.512953488763498,-0.14506790719662024,0.18022535722643052,7.4936100195843025,0.7701529164572584,0.2344110605333973,5.321568872573452,-0.47919414004371375,0.2259675628666223
137.75,0.6912800842711375,112.79700795198617,6.512911602653708,-0.10082373398220926,0.178660084153384,7.467970935233996,0.757021987424233,0.22443266729283506,5.207812812240761,-0.5064299512489642,0.22859806628945015
137.8,0.687541856487873,112.8372133192898,6.503968809172072,-0.0668531571402773,0.17634536712138726,7.434161993542531,0.7388635272531787,0.21423246001128493,5.1028505323321705,-0.532028886972957,0.22512869491392212
137.85,0.6831806402354753,112.87742045669023,6.487953097742601,-0.04216450944843952,0.1715301162591982,7.390286833925435,0.7179438055022408,0.20552653401065513,5.014208552869754,-0.5535368037963101,0.21660155904696043
137.9,0.6782154456698904,112.91761052495018,6.469345235447185,-0.023458620571681865,0.16533479389187922,7.3353497486458785,0.6978338884885483,0.20088039183173018,4.947500643987737,-0.5677695704531475,0.20425256719778087
137.95,0.6726750025115825,112.95776646340506,6.453554374968035,-0.00702874871029779,0.1608192495140343,7.269665852807476,0.6817561454951822,0.20307446694304393,4.905710613902898,-0.5725480196227696,0.1891696977273826
138.0,0.6665878804896057,112.99788198503072,6.444710658753679,0.009390487502972012,0.16002984373188675,7.194658420505514,0.671032298747608,0.21361266574495322,4.888989988274701,-0.5681727894251221,0.1723450824778116
138.05,0.6599766343323716,113.03796476382837,6.444813828590422,0.02586378607706328,0.16304210514192982,7.112043614700328,0.6644579209960665,0.23100839406165255,4.894997034635139,-0.5577969054081947,0.1547617402014773
138.1,0.6528626565154667,113.07803221688525,6.454121933328858,0.0408821771470722,0.1689404197365618,7.023457125394351,0.6589845818074306,0.25091893944022203,4.9194887462236725,-0.546491788091273,0.1376875118848202
138.15,0.6452748998814977,113.11810212743632,6.472090145290823,0.05293068775265762,0.17667908688011488,6.930923019389639,0.6513670818695299,0.2685047707040409,4.957295978221193,-0.5394072345963096,0.12298377369162061
138.2,0.6372539890898401,113.15818320883307,6.498121078669141,0.062044487730175985,0.1853475839293018,6.837437516591149,0.6398287555488481,0.28117273854838,5.003600830433304,-0.5398783256273109,0.11257316259589104
138.25,0.6288507893371209,113.19827081991032,6.5317590668339625,0.07042826737633927,0.1942385425184013,6.746620090922326,0.6247781145511663,0.2890900323933256,5.054940682019351,-0.5484588811031557,0.10787743351581715
138.3,0.6201231139132354,113.2383496610588,6.572575425861268,0.08185523168549975,0.20286046681152467,6.661580326421272,0.6082803901113361,0.2938462034244949,5.109434293502455,-0.5632609758654645,0.10970228459286106
138.35,0.6111319574520209,113.27840155126592,6.6198246744445,0.10019768480699522,0.21062273337745221,6.583970606387403,0.5926917595729634,0.2971029362702392,5.1661492303882355,-0.5812574211526405,0.11778499079013786
138.4,0.6019373050599145,113.31841419077107,6.6724139737697845,0.12786257861342237,0.21664549889988455,6.513346295351565,0.5791607475877677,0.2992600062358657,5.224615939179137,-0.5997893266675327,0.1302334108438816
138.45,0.5925982918408631,113.35838650382847,6.729429641226935,0.16490345579142207,0.22015490583569458,6.447073978340842,0.5667857232442678,0.2985615689536362,5.2849078761110615,-0.6175350188805468,0.14403060055210787
138.5,0.5831808683495489,113.39832812104208,6.790259821665351,0.2091048952107618,0.2208882324075366,6.3814153391079,0.5529367114423653,0.29234090846299304,5.347542411550806,-0.6345526070779703,0.15611815346247646
138.55,0.5737664170340953,113.43825409163793,6.854076911928903,0.25686058691913616,0.21884864904583928,6.312951799434897,0.5344302955191337,0.2795053415166485,5.412880767807399,-0.6515660277759708,0.16399490897920507
138.6,0.5644548774012466,113.4781779010489,6.919273463379454,0.30441222331347534,0.21378536652833383,6.2392676559573435,0.5088623208310218,0.2617155283561686,5.480888706514521,-0.6689544389871224,0.16623751106536006
138.65,0.555363036565487,113.51810572001936,6.983617558617786,0.34899596530097327,0.20571560746426298,6.159049262594486,0.47561613438476297,0.24243591576793172,5.551477139033214,-0.6859137960106226,0.16308991865265676
138.7,0.5466186682016109,113.55803433920777,7.045052402024634,0.38944704385573525,0.195836625353822,6.072005301164423,0.4361609364735066,0.22534483779703454,5.624478308659719,-0.7002810313117576,0.15642985574507143
138.75,0.5383501127492119,113.59795376822538,7.102278575445709,0.425986090945752,0.1864508864331612,5.9785655717055395,0.3934661850362034,0.21351395681598653,5.698857235368561,-0.7092103501970957,0.14868521531030454
138.8,0.5306734958017433,113.63785297671089,7.154826503480101,0.45938248533468534,0.1802239182391072,5.8794634645844415,0.35085367978864246,0.2086095246725919,5.772484736740583,-0.7102583937225904,0.14149122128485958
138.85,0.5236827223008823,113.6777255581231,7.20275405118274,0.4900472979457039,0.17914443502775673,5.775653421956133,0.31089424930714576,0.21018063796874484,5.843167039083805,-0.7022828058881638,0.1356852365255026
138.9,0.5174451682161366,113.71757306717156,7.246141983579726,0.517482171712535,0.18330319321681773,5.668624744205878,0.2747453036795215,0.2160728588463693,5.909353033155017,-0.6859400177107569,0.13170857321081023
138.95,0.5120050359806401,113.75740464047539,7.284944838754189,0.5403626251033553,0.1907275147446243,5.560872774914924,0.24216159169098497,0.22388063374309156,5.970085510935552,-0.6635774764255608,0.12959138530814063
139.0,0.5073904405380495,113.79723315084496,7.31932520237648,0.5572143646964337,0.19860456129482779,5.4560044059144,0.21209695059232017,0.23202652453813982,6.024617311174116,-0.6385233690952372,0.12896382380113294
139.05,0.503620226257994,113.83706993488053,7.349932239254987,0.5672932754144583,0.20481494180115198,5.358133126306068,0.18351324251578507,0.23945658564258476,6.072033236720151,-0.6140848067616322,0.1292529886975272
139.1,0.5007104006194814,113.87692030254037,7.3777965040714175,0.5712618857440857,0.20884790513013782,5.271148348405477,0.15605468956888224,0.24507007738450337,6.111417921889541,-0.5926017334440896,0.1299575163181937
139.15,0.49867565757265203,113.91678191163149,7.403892137174201,0.5713180749127027,0.21158839310809366,5.198115704272146,0.13025386843616,0.24783052631171942,6.142205913089414,-0.5749769426601864,0.1308012834904251
139.2,0.49752833921119505,113.9566468502305,7.428777047839995,0.570674228656827,0.21437411699924178,5.140533384854706,0.10711389972300635,0.24666071169480194,6.164649708063336,-0.5608534817653361,0.13226339042605773
139.25,0.49727869997515833,113.9965060029098,7.452572664929729,0.5726417769447979,0.21832950436735088,5.0981266888018775,0.08738854461899784,0.24050479720301973,6.180132151286998,-0.5492348277164096,0.13579749587376763
139.3,0.49793238364358344,114.03635347847423,7.475112979440375,0.5796818108539913,0.22422139020012322,5.069579398178635,0.07097760084866087,0.22955660203172748,6.190423854637814,-0.5392601166980735,0.14243384766554548
139.35,0.49948534252071797,114.07618973766012,7.495939176744351,0.5926799620672933,0.23217546316046647,5.053188878695856,0.056574282284256205,0.21572060082205677,6.196668908361139,-0.5308218602803816,0.15152896893211482
139.4,0.5019224193551788,114.11602145074538,7.514409952219437,0.6108940404745121,0.24126911858508848,5.047683763160707,0.04189772724111911,0.2019242637675444,6.1990667307508085,-0.5245904109615799,0.16089174297076453
139.45,0.5052189621424636,114.15585756592573,7.530037491385443,0.632662956162826,0.24970078292204964,5.052980155859646,0.024531688566267876,0.19164465232108835,6.1970976827684945,-0.5213703290418745,0.16781966711994567
139.5,0.5093436812542687,114.19570437902209,7.542811889672348,0.6563449471702228,0.2555837790770643,5.0694178035704365,0.0027692970115435456,0.18768033041324064,6.190381437289764,-0.5212404938519558,0.17089037293435674
139.55,0.5142598803102573,114.23556235691161,7.553503327069665,0.6809902234760449,0.2578522969721976,5.096672244299419,-0.02388873546350342,0.19050415499572673,6.179749664455227,-0.5229849277132489,0.17114371416428334
139.6,0.5199246743344755,114.27542601449416,7.563827750258882,0.7064878911330171,0.2569596679904359,5.133674983674096,-0.054693491364679915,0.19815398627019595,6.167212652718567,-0.5241891010542584,0.1713858209944484
139.65,0.5262877618610484,114.31528754182182,7.575982899270116,0.7329912661361943,0.2546962581112907,5.178113836900495,-0.08828771392075403,0.20662464897770616,6.155058855442358,-0.5220625400923075,0.1743765122374277
139.7,0.533292060472958,114.35514175870046,7.591611549568447,0.7600231027498243,0.25292812979643725,5.225782405385338,-0.12361149917530187,0.21139016700892901,6.145047551444524,-0.5144740917068512,0.1811334779095665
139.75,0.5408783055274584,114.39498834847008,7.611092843227609,0.7860974431179083,0.2525275404937464,5.272125392232918,-0.1602021906649012,0.21098315906266663,6.138108994185349,-0.5004986070652513,0.19029310574637626
139.8,0.5489882533531744,114.43483109793114,7.633314690560621,0.8089504593026123,0.25317909246040077,5.3140707061939745,-0.19795465392488992,0.20787832525326966,6.134619645178431,-0.4803863758990433,0.19918127664640872
139.85,0.5575631182937277,114.47467569050136,7.655467366298349,0.8260598150364864,0.2532374039022655,5.349692190717236,-0.2367910127955977,0.20569125691854226,6.134693793025885,-0.45522325721641543,0.20553126327348306
139.9,0.5665401535330242,114.51452678842394,7.67351799103286,0.8353797230897503,0.2500285599952835,5.3765837253161815,-0.2763384388573488,0.2057558592187385,6.138216286353373,-0.42641067057716586,0.20825144617866911
139.95,0.575855659581287,114.55438495107481,7.683644240612825,0.8361337773781785,0.24174159265427406,5.391472447115679,-0.3155860103580782,0.20675676679864116,6.144617628973841,-0.3951085850667628,0.20721150139262362
140.0,0.5854507844408694,114.59424500246733,7.683307144484094,0.829201912673876,0.22914845282351434,5.391924073740409,-0.35268041617044693,0.2072887380545078,6.1525808289289206,-0.36192081030888784,0.20278357937205363
140.05,0.5952699668748681,114.63409763584772,7.671360685192577,0.8167739181012474,0.21537562543264274,5.37781680990369,-0.38522484067762186,0.20715878402959415,6.160098689477773,-0.32704949546150636,0.19552209109033075
140.1,0.6052549200545322,114.67393336813193,7.648032963595794,0.8015451841079786,0.2047795321886908,5.351335937714078,-0.4110360896642322,0.20700144196281875,6.165175446035977,-0.29073945330533185,0.1863010451351392
140.15,0.6153371682056288,114.7137468763634,7.614652033922278,0.7858195896350636,0.20127680307303078,5.315867988077309,-0.42901330177971114,0.20741104062272192,6.166774936509587,-0.25375028972635955,0.17659871584621492
140.2,0.6254299068720438,114.75353985983212,7.572685706040938,0.770793264349065,0.20617905007962153,5.274474536474501,-0.439729562301629,0.20775250710475815,6.165371646806615,-0.21762722073303464,0.1684468425062994
140.25,0.6354269977044091,114.79332041110851,7.52322319276428,0.7564756551469979,0.21754807625695727,5.2291477634679016,-0.445336237344113,0.20598916210161258,6.162766178236236,-0.1844888230340662,0.1639948414218955
140.3,0.6452103240989886,114.83309898708141,7.46728003281541,0.7423037059847876,0.23163772115715134,5.180963180184103,-0.44879216828739055,0.1999172116199018,6.161064697036108,-0.15637741894022966,0.16442063278668223
140.35,0.6546597443277957,114.87288307575496,7.406361744232674,0.7280113798637912,0.24508149694440579,5.130678618583316,-0.45281087412768867,0.18890174187003586,6.161554550203773,-0.13446572052322187,0.16877093193710005
140.4,0.6636613940142835,114.91267337909859,7.342602918773063,0.7141945689599155,0.25596917357133114,5.079531813022129,-0.45901856955462483,0.17476162170040038,6.1643925426701065,-0.11849086128195267,0.1742168200014589
140.45,0.6721117165593269,114.95246351047305,7.278345954127527,0.7022658910656735,0.2635181730745892,5.029593563927048,-0.4677162778084301,0.16089124882017647,6.169102806105186,-0.1067266540071927,0.17757928969200645
140.5,0.6799192953046687,114.99224306359339,7.215513792869324,0.6938573025958047,0.2674807172204561,4.983589757571228,-0.47826233050879363,0.15026270777222822,6.175625342036898,-0.09650086439648987,0.17744026852186884
140.55,0.6870044284610863,115.03200238272811,7.154819413710979,0.6899480450575819,0.2673923266510115,4.944447390701405,-0.4898127029635901,0.14401816036759993,6.1850099290601666,-0.08504984622151442,0.1753672700176136
140.6,0.6932953880691646,115.07173676794753,7.095352437431746,0.6901714895399826,0.2623036778053556,4.914918055448256,-0.5020194718401182,0.14147184920968575,6.1986550722669795,-0.07041378482492301,0.1744781175244178
140.65,0.6987278829653062,115.11144805439025,7.0352814390126,0.6927248058338095,0.2518291145243707,4.897179502782583,-0.51532215511461,0.1408663974417125,6.217328652839901,-0.051907511157145786,0.17715863381162933
140.7,0.703247272248134,115.151142856494,6.972840014799028,0.6948936148399445,0.23688098371407645,4.892363901960638,-0.5307097455328745,0.14046740465975233,6.2413654500276134,-0.029878029374745034,0.18404029911672684
140.75,0.7068108783812029,115.19082852495646,6.906678951282945,0.6938889658861305,0.2193725684345131,4.900347898881514,-0.5490952125415198,0.1395060423277334,6.2715697236912975,-0.004964694551762658,0.19447636351666617
140.8,0.7093892797292282,115.23050884311766,6.8361500963287956,0.6877183003557925,0.20222569848589947,4.9201798902809974,-0.5705948722769518,0.13835722842591852,6.309329374366546,0.022576102640418844,0.20744075517201474
140.85,0.710963599587235,115.27018188357947,6.7618225348048,0.6757376665640173,0.18927401003745842,4.950701865895529,-0.5941603146193501,0.13817438080377697,6.355830284448838,0.0530810845843287,0.2216076324704883
140.9,0.7115189549219505,115.30984132450651,6.685109378184958,0.6584974998514853,0.18358516733307803,4.990655125591931,-0.6178361867467801,0.13985962779549152,6.411594503082976,0.087200692034555,0.23546991917514876
140.95,0.7110392974874272,115.34948027896792,6.606833991846818,0.6369641801507142,0.1856324409839641,5.038233834790894,-0.6394926427333083,0.14279840804279104,6.476096299326817,0.1252485112437078,0.24743950218709299
141.0,0.7095104823784386,115.38909481889104,6.52619989290849,0.6117688466061716,0.19347329337522437,5.091154263190834,-0.6575061159872428,0.14504728885279267,6.5472998296933405,0.16661310331238938,0.2556070632181585
141.05,0.7069305115653541,115.42868490000711,6.441253996333555,0.5830521242731826,0.20457147251022195,5.147470614265719,-0.6709794360058217,0.14474243957723912,6.622464046645624,0.20981049963544854,0.2580808847382998
141.1,0.7033177197129683,115.46825307232334,6.350342032649684,0.550827287884657,0.21725561666108112,5.20617140372342,-0.6795975096475386,0.14120486419355138,6.699503922105824,0.2530126989076167,0.25371498977887097
141.15,0.698714148236232,115.5078028521104,6.25292340714153,0.5153425230100063,0.2306548200220919,5.267213800584169,-0.6834270414617285,0.1354805219738658,6.777179955140417,0.29446515704183185,0.24273917946665013
141.2,0.693182735758082,115.5473376350007,6.149567122376039,0.47723280563221854,0.2439045139831565,5.331038642821726,-0.6827949342471271,0.12987108966242922,6.854553294622249,0.33269445621654103,0.22677554698705574
141.25,0.6867984646534512,115.58685994669315,6.04186365597243,0.43755607307412836,0.25568112430640877,5.397806821517409,-0.6782068232906421,0.12636447657109678,6.930646195990043,0.36666377618848606,0.20833155727190164
141.3,0.6796412653221698,115.62637096487418,5.932323143835848,0.39774899723506285,0.2643335171696333,5.467022260368119,-0.6702720667070593,0.12566832001579234,7.004555554408702,0.3959239367153663,0.1902379641523943
141.35,0.6717949250662009,115.66587082576025,5.823649060251624,0.35938633938274256,0.26826601438551495,5.537147707039827,-0.6597744482521835,0.12748890891480383,7.075633033354616,0.42060829454349374,0.17517522995576915
141.4,0.6633475611094962,115.70535946438669,5.718001123367658,0.32384819536888737,0.26653008981834325,5.605362445011793,-0.6477928894088945,0.1309929358274843,7.143552306343443,0.4412821994319609,0.16521777689060146
141.45,0.6543899378818716,115.74483706956224,5.616923283421342,0.2921226720120999,0.2593149201365351,5.668554484413115,-0.6355672795416843,0.13515232382898335,7.20842539626493,0.4588211367178495,0.16150973705338098
141.5,0.645013989811527,115.78430419693372,5.521587030621602,0.2647358702650946,0.24805879952753024,5.724417226181096,-0.6242729350501696,0.1393358479945954,7.270840475612423,0.4743055226726513,0.16417365071896245
141.55,0.6353109316543998,115.82376204607041,5.43310492563364,0.2417141139904018,0.2352724819746766,5.771629384513863,-0.6149326997359139,0.14352454905408316,7.331672679241277,0.4888532132270306,0.17209571048876837
141.6,0.6253695131164536,115.86321251004718,5.352720294336538,0.22260673465646214,0.22389985665203904,5.809985446339203,-0.6083149056767042,0.1483831072562565,7.391742205080036,0.5034487946058003,0.18315440972947106
141.65,0.6152743095716675,115.90265801367003,5.281588046384779,0.20653122297051404,0.21599859318111386,5.8406964955091505,-0.6047924731335219,0.15522086211912642,7.451608843542781,0.5188447449444789,0.19498558897326376
141.7,0.6051032377665149,115.94210158514821,5.2204206754656175,0.19221093877542458,0.2115424022165924,5.8657693392582395,-0.6043692802769379,0.16499629617777684,7.511359903228323,0.5354740517950689,0.20551600142363377
141.75,0.5949283428876857,115.9815463575151,5.169532022020626,0.17816794920131748,0.20857876143394585,5.886935573842498,-0.6067335125208583,0.17744441451378837,7.570458283986692,0.5534820974896225,0.21338111107308627
141.8,0.584820802357753,116.020994313517,5.129220014304185,0.1630595482762216,0.20465425950629912,5.905316250773342,-0.6111617534499304,0.1911371060364451,7.627984543463867,0.5729348660811183,0.21843590392329396
141.85,0.5748568273439076,116.06044569342792,5.099893308215533,0.1458889461759764,0.1982204632102478,5.921369947637297,-0.6165067320765594,0.20384221442500475,7.682947232679709,0.5939351735146723,0.22182147493232499
141.9,0.5651206079144404,116.09989945720123,5.081696546723401,0.12600821385616126,0.18905061606830958,5.934845970662775,-0.6213655587465624,0.21320357419388689,7.734362793274566,0.6165363558382927,0.22538317595476315
141.95,0.5557035736314784,116.13935415758343,5.074189283808859,0.10303764645242162,0.1780094330205091,5.945185962028695,-0.6242884919312996,0.217982875444835,7.781063611687613,0.6405597507460215,0.23062143749716282
142.0,0.5467007382434901,116.17880888941232,5.076209172834817,0.07675715415577421,0.16683866037602885,5.951971014012392,-0.6239956891979447,0.21875331233241085,7.821530278181715,0.6654675724462715,0.23748322380361905
142.05,0.5382056501312754,116.21826386337516,5.085411339760341,0.04702375190441411,0.1574255040274073,5.955043503212106,-0.619554739284936,0.21753400261949743,7.854188299586775,0.6904140084653726,0.24405090405842308
142.1,0.5303058735326158,116.25772006306235,5.0982934272674445,0.013857916151844592,0.15066058518610997,5.954605296938216,-0.6103950985217359,0.21685793041651766,7.87810886527394,0.7144832295723708,0.24782742466777297
142.15,0.5230798712230967,116.29717837743536,5.111485411662506,-0.02235336433525843,0.14647913741153465,5.9511650417258855,-0.5962356641579636,0.21859389672105398,7.893427586513223,0.7369205598157327,0.24744229689552003
142.2,0.5165953150038115,116.33663944354964,5.122690982545832,-0.060831743487362276,0.14456566125989764,5.945270684681681,-0.5771195046583807,0.22303535131543623,7.900951885494298,0.7571060724063283,0.24326383340063187
142.25,0.5109079219857284,116.37610409752018,5.130643534621209,-0.10056237829835808,0.14452013825482016,5.937495728723428,-0.5534780732954367,0.22876159171658728,7.901491086764603,0.7744080626081618,0.23697353100493335
142.3,0.5060606750997928,116.41557347440164,5.134342577956496,-0.14047002810250425,0.14543491541856868,5.92869597665426,-0.5260845031271275,0.23330975293821,7.895521200874017,0.7881827619784987,0.23092090020670372
142.35,0.5020852092674861,116.45504869411008,5.132318593729577,-0.17954143059675956,0.14594260576714171,5.920226622760517,-0.49593093424661383,0.23433769643191782,7.883097369261809,0.7979121780042829,0.22720968755861673
142.4,0.4990047745167381,116.49453025800969,5.12310296278138,-0.21679744854212193,0.1452728699899139,5.913794361477703,-0.4640924503079833,0.23070677049552277,7.863931258376733,0.8033979019153756,0.22675398597284713
142.45,0.49683538347098577,116.53401766370361,5.105898035294159,-0.25126112540912765,0.14366540667617667,5.910964980945088,-0.43165061304665636,0.2230024409129699,7.837611916769584,0.8048869601702079,0.22893974987178167
142.5,0.49558574385051135,116.57350970329146,5.0808883545142205,-0.2820515909595945,0.14228693251451294,5.9127499098760685,-0.39968089795418255,0.21318626096193177,7.803668281383603,0.8029732938571088,0.2318940705836082
142.55,0.49525693249346686,116.61300487284014,5.04976756042386,-0.30847956472632315,0.14343616829511777,5.919441440831242,-0.36920855637848715,0.20369553006448213,7.761656440762804,0.7984137138089948,0.23333571058201638
142.6,0.49583896603620686,116.65250150481623,5.015674525266827,-0.3301120553162962,0.14942125141903634,5.9306377924540925,-0.34111212662286844,0.19661605101294546,7.711582370581107,0.7920707439148095,0.23185123914342007
142.65,0.4973056860186426,116.691998116856,4.982021485737881,-0.34691865366058167,0.16049116712509812,5.945355970159339,-0.31606171481054135,0.1930349530354291,7.654083755670983,0.7848164406281671,0.22767321696202966
142.7,0.4996132355273256,116.73149368343073,4.951475857512817,-0.35938489307278426,0.17431652572334713,5.962294402440485,-0.2944574528309514,0.19280900371429133,7.59040517454952,0.7774326200632831,0.22255063088347452
142.75,0.5027032004592331,116.77098745203662,4.925578939786843,-0.3684758601539087,0.18692952790390258,5.980254182336579,-0.27632973876493183,0.19496398699327572,7.522669645862725,0.7706913727724793,0.21909707414112978
142.8,0.5065080143079888,116.81047891386966,4.9045294753581485,-0.3755574996329983,0.19407495370535635,5.99850770888137,-0.2613061770632144,0.19828685155419604,7.453546779379564,0.7653073378799394,0.21963817873261457
142.85,0.5109567083446442,116.84996787636891,4.887480586327022,-0.3822540905162212,0.19304451442458023,6.017065575650376,-0.24863606652848302,0.20177934630181316,7.385276624632354,0.7616896201894551,0.22486580311653276
142.9,0.5159797693167072,116.88945396837562,4.87335346462663,-0.3901543754679446,0.1841612115141457,6.036754404353663,-0.2371870568251414,0.20480192648590526,7.319389138354534,0.7598920745063431,0.23364610855871776
142.95,0.521511542537367,116.9289361361933,4.861393297939072,-0.40052683029704095,0.17056989520475146,6.058874990878109,-0.2255235819654516,0.20685743836338538,7.257053411409905,0.7597236862578217,0.24403548628484134
143.0,0.5274901070038874,116.96841274435594,4.851174592895437,-0.41419026017050864,0.15664024862114262,6.084606061291139,-0.21213267843633518,0.20750077397318675,7.199299528149129,0.7607805617091925,0.2543605402298236
143.05,0.5338552673014524,117.00788220648187,4.842351803885059,-0.43153655416955583,0.14615639015386617,6.114598778517728,-0.19571082044540894,0.2066050856315548,7.146833880358104,0.7623819887939901,0.26339949256589695
143.1,0.5405467384544512,117.04734356654808,4.8345485543809295,-0.45260141330424164,0.1410454523707082,6.148808493372534,-0.17538263104924728,0.20458167258360088,7.099848078926212,0.7635740227628177,0.27022184455582415
143.15,0.5475045806224589,117.08679640715563,4.82751239120436,-0.47706046026399185,0.1410176781590311,6.186746670024631,-0.15070114417661376,0.20241109729376114,7.058047077334197,0.763252362183421,0.27454105964020326
143.2,0.5546687287453542,117.12624041359129,4.821411900023625,-0.5041938288731214,0.14415246380977803,6.228052171358257,-0.12152429998868461,0.20156456874253764,7.020274891321493,0.7602409509682473,0.276458119317119
143.25,0.561977240175282,117.16567526538805,4.81708408210286,-0.5329333210076965,0.14803237767427277,6.27259484529766,-0.08800674942577699,0.2034231718721686,6.983522330573488,0.753255089044795,0.2754370029679927
143.3,0.5693685025833877,117.20510019762479,4.816159261185198,-0.5618876265459917,0.15092109333816264,6.320276882562257,-0.0505520191205772,0.20839388099190326,6.9428305524129,0.7410878749926235,0.2706352743746029
143.35,0.5767834526943265,117.24451302456772,4.82086149767134,-0.5893368657711666,0.15257473445708947,6.371397209660977,-0.00957202696963332,0.2155076582420512,6.89293722129619,0.723119115457508,0.26197755267155826
143.4,0.5841653086461417,117.28391016579552,4.8334894135612645,-0.6134141817511141,0.15397976642894737,6.427246892944054,0.03462681253672726,0.22317162699099022,6.830032261082396,0.6996155859963538,0.25024969640369554
143.45,0.5914604178306971,117.32328829465798,4.855951030347347,-0.6325207594175166,0.15634931751460288,6.4895780630675945,0.08154352821568808,0.2301545499472799,6.752573406091862,0.6715639141764881,0.23708259365225456
143.5,0.598617831115861,117.36264642922232,4.88947632986073,-0.6457892393424751,0.16042135946284145,6.559446891608309,0.13006780073083193,0.23550981609897184,6.661608250330048,0.6402988910736155,0.22516771724660634
143.55,0.6055859959102788,117.4019873731162,4.934291332969347,-0.6534013477173938,0.16585531016841834,6.636847735874269,0.17832973236024094,0.23850431262933453,6.560077848020408,0.6070587539498388,0.21728595984938442
143.6,0.6123100122006256,117.44131799214733,4.989206534951486,-0.6566339332690413,0.17073206140960898,6.720485285992302,0.22378784285279604,0.23833838037378255,6.451075148085058,0.5725898584190864,0.21439257749403873
143.65,0.6187352045857089,117.48064695932769,5.051843916052235,-0.6573939700118108,0.17243100560692626,6.807489281673147,0.2637087787798195,0.23355069035791182,6.336606307015828,0.5372176357490382,0.21517351147698538
143.7,0.6248170695904913,117.51997983604778,5.119575250091047,-0.6572729316848855,0.16934482299111617,6.894415824328604,0.29623718069305804,0.22300260052369483,6.217873042322073,0.5015297016833259,0.21772232240189635
143.75,0.6305285245099198,117.55931529153519,5.190185547948657,-0.6568127182655459,0.16166969886740826,6.978637740763283,0.32131050362730657,0.20743695206863294,6.096297764625871,0.46699769195481555,0.22123272279989914
143.8,0.6358577642584694,117.59864596893267,5.261893892112224,-0.6555885406142153,0.15113816780016928,7.058663373747176,0.34058488938022,0.18948043402050582,5.973969590501999,0.4358033978160533,0.22595078970221502
143.85,0.6407990813364902,117.63796334253298,5.3330704403235725,-0.6529775961009829,0.1401788260204959,7.133601334930496,0.3564734368932595,0.1721590670200332,5.853488914494993,0.40997275361063895,0.23186898382376345
143.9,0.6453446575065096,117.67726305064161,5.402062422037483,-0.6489777833844078,0.13090453874527838,7.20241552924384,0.37099365951727764,0.15746491728787623,5.737554210982625,0.3904280050924093,0.2378718051332081
143.95,0.6494827157174148,117.71654721671469,5.467242325428855,-0.6445139075082092,0.12440529147985853,7.263735013558694,0.3851851387156635,0.14633920404397163,5.628676796449829,0.3765615360050243,0.24234732330037861
144.0,0.6532007441939182,117.7558231304043,5.527055750738218,-0.6411660590842823,0.12078040210065492,7.316208411626868,0.3992249080691335,0.13941329018452492,5.528829556800009,0.36645091494745974,0.24438057149234033
144.05,0.6564879012209749,117.79509956655342,5.580268004902244,-0.6404993918448083,0.11992230420269913,7.359005918551198,0.4129885748059063,0.13739414075945786,5.439239586675439,0.35753705951559855,0.24415492593372126
144.1,0.6593335372194415,117.83438272749633,5.62635109059163,-0.6433233278788612,0.1218595634762662,7.392407697734197,0.4267243680919548,0.1412768886016566,5.36029727221809,0.34742308326729193,0.24229076092806834
144.15,0.6617234882016786,117.87367381983977,5.6653386300512,-0.6493024276955768,0.1262107062509283,7.418046630097489,0.4414228200417916,0.15205724010422178,5.2915389605606915,0.3344451091760319,0.23919843151451414
144.2,0.6636364269584334,117.91296919046856,5.6975825545818255,-0.6570456044598947,0.13198780075996489,7.43855752236584,0.4586972343650338,0.16940537732889313,5.231926155391741,0.3178309133627248,0.23513651235638489
144.25,0.6650440157039366,117.95226266904207,5.723917510474332,-0.6645652994180299,0.13827422361647895,7.457057161157451,0.4802618056916588,0.1908738548195637,5.180169416113511,0.297474113482275,0.23003557465888555
144.3,0.6659150001419233,117.99154888821002,5.745926810105188,-0.6699094732535955,0.14495046271516723,7.476736288861383,0.5072646767116157,0.2124606975886443,5.134948128426733,0.2735162968620577,0.22289557669417975
144.35,0.6662210121282144,118.03082618948144,5.7656024463287,-0.6717642809589989,0.1524378416500008,7.500425840856355,0.5397107420798137,0.2297360930713222,5.095248478257203,0.24596319851371978,0.21197237115452355
144.4,0.6659444102190762,118.07009775640635,5.784602929896906,-0.6697789258249955,0.16093655386494501,7.530195722791187,0.5762299619799581,0.2392941066578504,5.060658898595137,0.21454452531533041,0.1957397006634882
144.45,0.6650875232968202,118.10937015897096,5.804008450892138,-0.6643953989961083,0.1700961347899741,7.5671601648015505,0.6143985505121966,0.24028792721979625,5.03123549572006,0.1789231510651704,0.17413704825750642
144.5,0.6636794258277229,118.14865007547114,5.824765573726695,-0.6562849191977137,0.17959705580786287,7.611271605253301,0.651431529194868,0.23492146655908686,5.007431405623654,0.13916809921001255,0.14975547451361848
144.55,0.6617711103337586,118.18794122613532,5.848114463232046,-0.6457930606311474,0.18967869116060268,7.6613783210381525,0.6848980112593734,0.22743829632719573,4.99004769482777,0.0961601083359265,0.12731972895947477
144.6,0.6594184749010517,118.227243488616,5.875199741847134,-0.6328156895887218,0.20032453985567655,7.715513393512385,0.7131032459076428,0.22224682289748482,4.979506515406097,0.051571060254082306,0.1110123319221438
144.65,0.6566692828174319,118.26655380088971,5.906471871938279,-0.6170159206317074,0.21055052052247686,7.771076303701622,0.7351386428263922,0.22195444939914263,4.975129008802768,0.007498734390865964,0.10320591221899957
144.7,0.6535597404377658,118.30586779857046,5.941415386532769,-0.5981416143800383,0.2186175789100321,7.825028089735948,0.7507531578032482,0.22624436563688313,4.974999182159903,-0.03399702231759101,0.10486020524570049
144.75,0.6501153946768092,118.34518152412548,5.978322533575834,-0.5763407734826177,0.2223780045629693,7.87427832464682,0.760176571457217,0.2325618092152086,4.976708172246433,-0.0712433616623882,0.11503966925856193
144.8,0.6463570487569946,118.38449228687331,6.014388412811009,-0.5522871960730188,0.22006094350031669,7.915975878331998,0.763988131282261,0.23808711134785954,4.978322062905987,-0.1031209019364949,0.130779865709893
144.85,0.6423099685747932,118.42379874844637,6.0464717195843525,-0.5270560911816057,0.21164616917692616,7.947394409213386,0.7629708444290593,0.24110339792376448,4.978712541178262,-0.1291436339808818,0.14822637443660153
144.9,0.63800944888871,118.46310074970214,6.071776241523147,-0.5019127355760558,0.19944170569880498,7.965925957789414,0.7580160250252316,0.24117014297026024,4.977419636887206,-0.14948506625688912,0.16394024793920625
144.95,0.6334990424629281,118.50239878770887,6.088189320056244,-0.47807057506271283,0.18733081777538782,7.969668870646141,0.7502092372484209,0.239043677874957,4.97402496234988,-0.1649114837785407,0.17503311277985598
145.0,0.6288249990321209,118.54169311828139,6.094795219082818,-0.45639705261994995,0.1797615226556807,7.958152452194863,0.7409908129600389,0.23654754094637084,4.967945525264237,-0.17656567035805215,0.17887157609931353
145.05,0.6240309666582129,118.58098314901541,6.092210317477312,-0.4372173229563206,0.18054019719077058,7.932530794393648,0.7321467825777833,0.2358418287752583,4.9593360072603465,-0.18570481134397276,0.17428368379141063
145.1,0.6191515962460492,118.62026787701399,6.082167242959649,-0.42039344163791625,0.19100518323103263,7.8953041021445305,0.7255410529261186,0.23854943445879334,4.9492643134444965,-0.19364801784617713,0.162633485214198
145.15,0.6142070261234585,118.65954697026348,6.066825721436878,-0.40557324040371195,0.20897114710264153,7.849573731899947,0.7226875649004824,0.24496838452194877,4.93929494190305,-0.20184747651397023,0.14763434726506638
145.2,0.6092023453149932,118.69882167842734,6.048430636937673,-0.3923956244637118,0.2294587967654096,7.797961913308942,0.7243330449482417,0.2533264500077504,4.931248593293596,-0.21189887902325363,0.13431092111615117
145.25,0.6041324105593693,118.73809463700277,6.029394134113304,-0.38048739690566546,0.24674653714501174,7.742368869185246,0.7303853807792963,0.2604010425914267,4.926200956166864,-0.2254195699759157,0.12664753789269434
145.3,0.5989911811568291,118.77736833540182,6.012391967778994,-0.36927268848454986,0.25673908008642526,7.684451451920149,0.7402092037536757,0.26345111067558435,4.923420779245343,-0.2437558311534041,0.1255831422191551
145.35,0.5937814430198659,118.81664337018289,6.000299675137318,-0.3577872253953041,0.25842070677607404,7.625783184350786,0.7529604902160967,0.2615407411702669,4.920717137284942,-0.2676189536225243,0.12940549391249404
145.4,0.5885196421592791,118.85591793172517,5.995811311926225,-0.3447187136139976,0.25342041021684225,7.5678206857575585,0.7677362940924382,0.25584742968266977,4.915484945486224,-0.2968996882116506,0.13524946211547947
145.45,0.5832349454645813,118.89518887448804,6.000955953479285,-0.32868883464793713,0.24421574282766106,7.5117202952779785,0.7834943077154631,0.24896576931530115,4.905690305548238,-0.33076071931512185,0.14039169579341823
145.5,0.5779654021356455,118.93445329385548,6.016876573512656,-0.3085874229073222,0.2327430141023544,7.457796626758236,0.7988887788989499,0.24323797324120225,4.890636736987,-0.3678807462431258,0.14352722043327687
145.55,0.5727541799422425,118.97370948782445,6.044042919381472,-0.28376673808878294,0.22031879322150572,7.405340684994332,0.8122562539091023,0.23968875035496323,4.8710061239477715,-0.4066886406869868,0.1449931335737436
145.6,0.5676481749173709,119.01295701671556,6.08298330352344,-0.25403335066773725,0.20854254901765903,7.353161834614905,0.8218300964504996,0.23843172841079036,4.8483719691006995,-0.44551045500582187,0.14578803705126833
145.65,0.5626962751911669,119.05219608845533,6.134509563894119,-0.21959090174986592,0.19967854683375846,7.300934429366188,0.8261678316924095,0.23993760983828508,4.824894977679211,-0.4826418422897075,0.14691454279801622
145.7,0.5579436023691412,119.09142760087478,6.198977144200568,-0.18114052370581507,0.1955029026434025,7.249907162118665,0.824375086833169,0.24503851199725127,4.803351889051588,-0.5165152750874317,0.14940172136815627
145.75,0.5534255944317941,119.13065396115235,6.275794491499202,-0.14000063299525947,0.19627800383818264,7.201659693663547,0.8158864586732114,0.25335488054147903,4.787135912109044,-0.5459464116400675,0.15405540735693316
145.8,0.5491681479430864,119.16987904769277,6.363489349704275,-0.09795920039712532,0.20064664459903997,7.15695559720783,0.8003309322188773,0.26280989083870915,4.779989162085867,-0.5702227058748395,0.1607889403730242
145.85,0.5451931262788079,119.20910711339778,6.459968798336731,-0.056886789385104344,0.20617438541307223,7.1152542456130705,0.7776254645167848,0.27000340193305694,4.78544652165625,-0.5890302379413511,0.1682948298260677
145.9,0.5415264755118042,119.24834111483756,6.563030551187427,-0.018263557180244715,0.21060256322626889,7.074187953374282,0.7481412121018424,0.27077355262172886,4.806191609157168,-0.6022981728376503,0.17452503849265238
145.95,0.5382090775397058,119.28758109617895,6.67080831496157,0.01721675523670959,0.2128932130457251,7.030054687906148,0.7129810817308618,0.2624459795650869,4.843408641470938,-0.6100424098051839,0.17731018138247903
146.0,0.5353031412539199,119.32682394143913,6.781919197845402,0.04976379805460466,0.21319686408704516,6.979246309889848,0.6741260018632591,0.24620368632385398,4.896395520811981,-0.612365040026157,0.1745847945898982
146.05,0.5328894559561052,119.36606528937372,6.895026913295025,0.08012689343594366,0.21192225392753586,6.9191454647608355,0.6341048582260705,0.22682483747401283,4.962920973821298,-0.6097076953187749,0.16530794545548988
146.1,0.5310588629926678,119.40530225978334,7.008243585568272,0.10900788253397664,0.20916363468668767,6.848336880654085,0.5953935323771179,0.2103704758212418,5.039998260630703,-0.6031674476886545,0.1508562550759764
146.15,0.5299007372425908,119.4445351241619,7.11946990431916,0.1367792784934981,0.20529306837936695,6.766624238348094,0.5599460734946355,0.2016820346982961,5.124358849827567,-0.5945930121967179,0.13491100960167227
146.2,0.5294898238530722,119.48376764191246,7.2269220405147525,0.16346803788593087,0.20134481034915105,6.6748699208035145,0.5289508793615023,0.20270512651087053,5.212380435706613,-0.5864493108167405,0.12171825352889747
146.25,0.5298745359860043,119.5230060592349,7.329085609502923,0.188879027842844,0.19841468641913204,6.574662201004651,0.5028219288011535,0.21205919382770522,5.299810153254928,-0.5814742468276313,0.11414265756956735
146.3,0.5310726162107163,119.5622570248303,7.423806421630659,0.21270932005224497,0.19667860700164147,6.46810116720832,0.48142137585748607,0.22588579579263024,5.3820343860193,-0.5821194856709442,0.11277963406106309
146.35,0.5330770968905287,119.60152471330878,7.507636760034066,0.23475706819481482,0.19555854756164248,6.3578213400057955,0.46446241875101585,0.23960358129309312,5.454914251181882,-0.5898628197956114,0.11655546747696437
146.4,0.5358648783733854,119.64080820214129,7.577040016273549,0.25545571246282905,0.19498425452473414,6.246908397766797,0.4518706877448434,0.24969211094387148,5.515435936960434,-0.6046738650171442,0.1236870519581501
146.45,0.5394006339154416,119.68010154811479,7.629644011123167,0.2760749593938918,0.19549721498736317,6.138559272601563,0.4437506385704277,0.2544858879251224,5.562024713914312,-0.6250176935874138,0.13238838022510058
146.5,0.543638239446747,119.71939693840847,7.664244083514201,0.2981968828933717,0.1972813646493073,6.035582063555972,0.43992140292927917,0.2539730800808522,5.594606012347078,-0.648426189650554,0.14141170943033166
146.55,0.5485219551510581,119.75868860530039,7.680772292489508,0.3230216141726736,0.19983749185628066,5.940000187355459,0.4393919513755041,0.24917834437187136,5.614266445382287,-0.6722866846657184,0.15005301325583126
146.6,0.5539876212209848,119.79797516014263,7.680915532967626,0.35104653566839294,0.20257983655703993,5.8529925546711805,0.44015743099920734,0.24178244263223958,5.62273217575,-0.6944475848883834,0.15781754223272051
146.65,0.5599638549860927,119.8372599027389,7.668176235011009,0.3820121497983335,0.20512233810662348,5.775024587972091,0.4393773804052298,0.23407088652388996,5.622172676161313,-0.7134777893326346,0.16430628732200095
146.7,0.5663733881882701,119.87654929779141,7.646973488391926,0.41498922843852043,0.20734752719683697,5.705979361639521,0.43387967197057126,0.22865132711185476,5.615543832198858,-0.7285452162042847,0.16945853311308587
146.75,0.5731349908269326,119.91585039821136,7.621841424390797,0.448666902916663,0.20978717904873082,5.644976178633671,0.4207938723494975,0.22742316794828463,5.60652152004194,-0.739124088000005,0.1737338913978105
146.8,0.5801641174459129,119.95516839570328,7.597000289584633,0.4817456253539406,0.21348429173045727,5.5901721317947315,0.39812203613910624,0.230525257780827,5.59851159465522,-0.7447884446232529,0.17762567891019693
146.85,0.5873717527743743,119.99450473418563,7.57589517769217,0.5132921227895636,0.21891644008516248,5.539001844900973,0.3651857392556553,0.23628771975209673,5.594077219430974,-0.7450409820620807,0.18120986208637663
146.9,0.5946653318883073,120.03385612348134,7.561053962116444,0.5429942858641753,0.22542434998481237,5.488841849310892,0.3228728088337653,0.24187133467541017,5.595108066792929,-0.7391997728031284,0.18434411140254134
146.95,0.6019533381927076,120.07321516633097,7.554379490004226,0.5712011699557732,0.23156993964620892,5.437738883585775,0.2735259261467876,0.24427968922493595,5.603415725986214,-0.726463187196019,0.18720230770797142
147.0,0.6091506987398945,120.11257317339485,7.557249565727252,0.5985549274546419,0.23550722418198441,5.384914854984709,0.22037264466233683,0.24168381473387696,5.621078935700348,-0.7062967938450665,0.1902073220545016
147.05,0.6161828038934005,120.15192441170652,7.570108403745228,0.6252823329560305,0.23509916082930843,5.331003640638124,0.16665442674547504,0.2340343612388769,5.64976204124608,-0.6791302803015672,0.19330601759152546
147.1,0.6229894209518134,120.19126897679652,7.592066933874933,0.6506835924698038,0.22840352270249006,5.277996558434879,0.11492512084386285,0.22291516101084996,5.690106350967612,-0.646797106585789,0.1959341025638241
147.15,0.6295293539516105,120.23061232717309,7.620853860153828,0.6731619984421803,0.2148838333632313,5.228830618197779,0.06687297685106196,0.21118785179378294,5.741895298680047,-0.6122918469290695,0.1978266159316699
147.2,0.6357809182483891,120.26996244928691,7.653092486430442,0.6907198133262556,0.1962566449554069,5.186445166783124,0.023510556565838843,0.20197388427851562,5.804083861141183,-0.5791051152333302,0.19937978068001258
147.25,0.6417356328403248,120.30932645484782,7.684851812630702,0.7017132794116177,0.17607585934780434,5.152878858432663,-0.014519099497497209,0.1970207992510562,5.874099795126948,-0.5505337263820091,0.20103032552355846
147.3,0.6473907044218069,120.34870705880562,7.712469567412679,0.7056887911593736,0.15863426246449983,5.129184163173215,-0.04651443053708819,0.19592927912687785,5.947604932345463,-0.5289397242555282,0.20297286891026414
147.35,0.6527434482112394,120.38810045959546,7.733329101203251,0.7038740419413804,0.1478522443350622,5.115453827872384,-0.07148900714098037,0.19670080411026697,6.019308555226035,-0.5151470045787012,0.20530502725887725
147.4,0.6577861996289152,120.42749757574141,7.746052863787467,0.6989009110739725,0.14600815652504567,5.1104418328016425,-0.08849295385029333,0.19665207675575436,6.083906380027272,-0.5084391498230991,0.20793349025781527
147.45,0.6625028566071873,120.46688775758223,7.750101191676934,0.6939258595820091,0.15266776704412546,5.1119256058380795,-0.0971789704765579,0.19339286080922474,6.136902594525791,-0.5070842488833092,0.2107423609001926
147.5,0.6668701349082706,120.5062627730202,7.745283436838023,0.6916418125869968,0.1648441701671935,5.117692844428734,-0.09827838933456128,0.1860441900219402,6.175571371800112,-0.508972387294108,0.21411996464809435
147.55,0.6708602448836967,120.54561990735657,7.731551936239359,0.6935287187492459,0.1782277921942106,5.125869409604222,-0.09392286408158824,0.1755604156185364,6.19945935223999,-0.5121968766835805,0.21895218144147024
147.6,0.6744427439866804,120.584962717346,7.7094064577531745,0.6996868955374315,0.18931436309373945,5.13453653628776,-0.08756577326699251,0.16377078462299727,6.210239601406892,-0.5153458348083255,0.2258007105808102
147.65,0.6775867873297079,120.62429897508856,7.68053062022917,0.7092653475057731,0.19731695096584032,5.1411780857698535,-0.08341066863221554,0.15241759077363312,6.211257523936241,-0.5173738491324535,0.2340340291531664
147.7,0.6802617526030668,120.66363736077277,7.64769805194124,0.7210660505432246,0.2036705030799528,5.14265561089497,-0.08558934688823504,0.14309050634818132,6.206728196911373,-0.5172922409746766,0.24157906686391228
147.75,0.682435179050156,120.70298414768294,7.61436061133085,0.7341225419418099,0.2101515701115735,5.135862570322001,-0.09730382426426902,0.1372189748284151,6.200712970486842,-0.5138940934948681,0.24538595913781255
147.8,0.6840728279284792,120.74234102922782,7.584208687281696,0.7480358017392887,0.217560551827188,5.118299499410052,-0.12020183692650173,0.1356871712378611,6.1964875352569395,-0.5056440771214746,0.242689313875698
147.85,0.6851436781263335,120.78170511756664,7.560165539843062,0.7627953045859445,0.22516703240518163,5.088912449819155,-0.1541862961061994,0.1393279098230108,6.196567509669541,-0.4908264791089973,0.23231063997449708
147.9,0.6856245788946492,120.8210706792038,7.543606046549954,0.7783591216311865,0.23114860961158853,5.049327012501114,-0.19759933934393709,0.1495040099811105,6.202947812662078,-0.4679205774742033,0.21533099586951474
147.95,0.6854993100006112,120.86043165829788,7.534676365788011,0.794359327546067,0.23403225612097026,5.0036010211739175,-0.24771632613518219,0.1665432077199982,6.217489703227814,-0.4360513458027091,0.19516207028698374
148.0,0.684757371631069,120.89978470741559,7.532697101186894,0.809792015376658,0.2338394566706389,4.956509052159721,-0.3014925528097571,0.1880798282319343,6.241928191464036,-0.39549004761378603,0.1765890545818851
148.05,0.6833927967791263,120.93913173861785,7.535260021065492,0.8226370131020788,0.2312128018698755,4.912299306548053,-0.35627212589615503,0.20952069190734565,6.277271881267844,-0.34803095262964845,0.16353853976848173
148.1,0.6814022607937388,120.97847969216338,7.5374712679909734,0.8300138355403396,0.2256019025333678,4.874109759984388,-0.41003067191076265,0.22539287828378207,6.32331134900834,-0.29679985479290105,0.1569048474066748
148.15,0.6787911413271923,121.01783608141416,7.533774571886111,0.8293561008783819,0.21625268448502508,4.843710924910717,-0.46094394709384784,0.23100481197956596,6.378724664571548,-0.24529366243285539,0.15429589988153466
148.2,0.6755859713893327,121.05720357879835,7.520050721150059,0.8196612479465167,0.2042877619496833,4.821923356577924,-0.5067749327120686,0.22468590539806696,6.441762372310079,-0.19622828576323276,0.1518489263139153
148.25,0.6718410625561618,121.09657791353635,7.494062519865391,0.8018944251268101,0.1926671294120877,4.809460102693793,-0.5447157196180562,0.20868604109423466,6.511220245573537,-0.15095132721277482,0.14711356787594246
148.3,0.667633046829433,121.13595027368716,7.455054624526745,0.7784841148293185,0.18481357500286405,4.807411389608701,-0.5719225788569268,0.18791673673556913,6.586795578104203,-0.1096849965344416,0.14061988517298477
148.35,0.6630468248841992,121.17531276856568,7.402955176900827,0.7521995840548746,0.18311112974935762,4.817015273892398,-0.5865432848531171,0.1679665865780384,6.668311539701563,-0.07236195028882553,0.13463553915859866
148.4,0.6581610679352049,121.21466344108252,7.337707170267795,0.7250774916475952,0.18782980412663286,4.8391382236786935,-0.5886180290188777,0.15324796791000353,6.7549725281975554,-0.03939992276787092,0.13129808082363437
148.45,0.6530391733371265,121.25400766716578,7.259350979357023,0.698042892411042,0.1970740152679561,4.874088449604042,-0.5802811371686544,0.14561946451861307,6.845613506907237,-0.011814525489584697,0.1318587624691647
148.5,0.6477302445402399,121.29335538156703,7.168677326161776,0.6712827590356272,0.2082320244474075,4.92167038553356,-0.5651655574237698,0.14408945992782962,6.939510000845335,0.00937388854616523,0.13703543612671693
148.55,0.6422759401035917,121.33271615009184,7.0682313036694175,0.6450261405458564,0.22021889620103333,4.981168655868558,-0.5473814841106911,0.14570341212682167,7.036699139638649,0.02395401186517908,0.1472782783311437
148.6,0.6367130345382301,121.37209547049248,6.962522827188987,0.6200966193716432,0.2336870965466879,5.051150238142194,-0.5306465697031497,0.14674529526081614,7.1375636448637225,0.03298966229493646,0.1621028655440638
148.65,0.631074048643231,121.41149397191174,6.856689838234266,0.597842105540746,0.24891588864682787,5.129132303884295,-0.5178623259559019,0.143521717936263,7.242490178613432,0.03875821843434588,0.17996931312974396
148.7,0.6253934284424898,121.45090918143913,6.755131149596221,0.579638420783463,0.2645792130649706,5.211450468429062,-0.5111189393173121,0.13346631545904472,7.350635858629926,0.04402428944146587,0.19821786960635335
148.75,0.6197159466052647,121.49033798113875,6.660652418605666,0.5663368219115813,0.2778928669089511,5.293706327864939,-0.5118408678285535,0.11665441897725908,7.458694848888992,0.05118549814370956,0.21289933959636098
148.8,0.6141031910716239,121.52977747184225,6.573682448506819,0.5579561229841757,0.2852898648089409,5.3713880784723145,-0.5207380311631395,0.09599347475592399,7.562523236777522,0.062204528132795346,0.22092873146029293
148.85,0.608637168005701,121.56922502624727,6.492403788882881,0.5536616636614391,0.28418685655414144,5.440175254521544,-0.5377160234628322,0.07585334835593621,7.659061862783068,0.07874716350477969,0.22251681119803354
148.9,0.6034159899708327,121.60867852422088,6.4139905178352885,0.5519665896118436,0.2750293258726449,5.496127000052861,-0.5619279140259607,0.06078088260799912,7.746412910458855,0.10201903393649066,0.22086197414965525
148.95,0.598539118531307,121.64813685778344,6.335850035907887,0.550980028873866,0.26159845682028143,5.536032666401159,-0.5919395175602139,0.05460370247198161,7.8231007439574,0.1324990456816736,0.21971324163556338
149.0,0.5940873839666664,121.68760030624141,6.256265079055118,0.5486353695359822,0.24944990753110877,5.557943063136436,-0.6258775114973866,0.05909725158230004,7.887813389383542,0.16982205769505418,0.22098146493700946
149.05,0.5901079051767628,121.72706985035839,6.174534102954113,0.5430135165257689,0.243887146624892,5.561909658078113,-0.6614371168808117,0.07314751704252974,7.9399909860141795,0.21297039419435568,0.22438569880991063
149.1,0.586608690576718,121.76654618759672,6.090829372792428,0.5326313330765717,0.24792506611333315,5.550462456892539,-0.6959192265573828,0.0933668220751583,7.979953163035494,0.2604874393239103,0.22850513472668416
149.15,0.5835631334130967,121.80602957295221,6.005725724293669,0.516499103183581,0.26114788736466205,5.5277422484866685,-0.7265233525122944,0.11520184901910337,8.008417228794022,0.31056657421824785,0.23166737547343272
149.2,0.5809222986078681,121.8455200722013,5.919640307718576,0.49406608375860184,0.28037848134791993,5.498055118340637,-0.7507483600483451,0.13385049025005283,8.026206024844418,0.36117442646850456,0.2325577396464323
149.25,0.5786300966731384,121.88501773447096,5.832718963171223,0.4652197651068628,0.30088000061061815,5.465299928686912,-0.7666780595855626,0.14548719651410227,8.034346686620141,0.41023232439345436,0.23085045226228404
149.3,0.5766352070124897,121.9245225828716,5.745112512057539,0.4303552734044526,0.3173380687794162,5.432984607207252,-0.7731164557296275,0.14825475910433744,8.034208016387304,0.4557963704016944,0.22741360239384018
149.35,0.5748983055963992,121.96403410928184,5.657194866278559,0.3904717106015231,0.3252276028898622,5.405031445099674,-0.7695047001664979,0.14314258003032754,8.027432120286052,0.4962781217355157,0.2238617758717135
149.4,0.5733950724044782,122.00355113601775,5.569922187508848,0.34714463948602603,0.3223541237856985,5.38634729902287,-0.7558746969327008,0.1341247432349213,8.015684139809434,0.5305682673672522,0.2216333589652835
149.45,0.5721140409210282,122.04307309575908,5.484991831909532,0.3022100638800497,0.30962082008094366,5.381280665081945,-0.7331616902766974,0.12585138438674562,8.000304351148408,0.5579186327272029,0.22102214002798537
149.5,0.5710519977290671,122.08260115918486,5.404119059626621,0.25736160394967067,0.29041742548751404,5.392161973122453,-0.703401181442121,0.12101915331481138,7.982116357794566,0.5778594264843753,0.22102405779480136
149.55,0.5702106343557949,122.12213771623136,5.328264240404825,0.21398853576162233,0.2689877467758548,5.419450617428913,-0.6694415849302358,0.11982531302554798,7.961600349098248,0.5903630587793417,0.2200793363112591
149.6,0.5695971945433725,122.1616846499174,5.257745091007864,0.17331243567301913,0.24911860739871447,5.462376567057512,-0.6343940639532741,0.1212768277305554,7.939115820070893,0.5960960883479209,0.21710020010207148
149.65,0.5692259064212398,122.20124166770616,5.192796441772931,0.13659071753760976,0.2334255500245848,5.51919633605958,-0.6011363911794894,0.12467818267585952,7.915055335380349,0.5965760328092885,0.21242011281777717
149.7,0.5691136871185203,122.2408059007361,5.133880956610049,0.10510680477344721,0.22270563474548632,5.587381052059527,-0.5719915153244761,0.12976102760794167,7.890123475582955,0.5941077705908239,0.20812161267407062
149.75,0.5692729766092692,122.28037298725417,5.082029932177614,0.07993360814756761,0.21608155517534236,5.664157951454234,-0.5485896889506617,0.13626717575628683,7.8654126966064,0.5914185459716496,0.20708131401918722
149.8,0.5697083985422122,122.31993909703597,5.039345682086195,0.06158925227090059,0.2123922383832245,5.746910803234531,-0.5319547145196697,0.14382336483385064,7.8421964133214,0.5911010732731159,0.21123423010747994
149.85,0.5704176351566053,122.35950300053821,5.008683257266398,0.04966780708547336,0.2112145660022329,5.83342006274843,-0.5226835025167267,0.15204845157551636,7.821662152464351,0.5950664999515369,0.22040108982419396
149.9,0.571392278218331,122.39906707735729,4.992353115856408,0.042635707031384064,0.21206241072482937,5.922260877192761,-0.5209933682738725,0.16080701519585905,7.804641475973831,0.604189851191529,0.23220887054012476
149.95,0.5726198848901037,122.43863654415526,4.991211344830833,0.03801502306148094,0.21372380096898946,6.012903513285573,-0.5265882414714682,0.17025588144314144,7.791160199195281,0.6182850856831501,0.24262986507004763
150.0,0.5740900473828184,122.4782172658155,5.00430974714372,0.03288629667834669,0.2148318699782186,6.10528139487484,-0.5384421237188466,0.18060514344326994,7.780086697895458,0.6364102982183718,0.24690329527560598
150.05,0.5758002619247041,122.5178133397957,5.028388255316351,0.024470101478915096,0.21357724405235293,6.199127466934776,-0.5546399217148,0.19134222418871297,7.769401904945337,0.6573314603214502,0.24138408667473657
150.1,0.5777602037850468,122.55742515545937,5.058440068141747,0.010728774856835861,0.2075838727522084,6.29312232420308,-0.5723894695506874,0.20033034101189953,7.7569489023948055,0.6799660712734318,0.22559743367263663
150.15,0.579997671980952,122.59704835632922,5.089815692750889,-0.009143294581414269,0.19619033768392183,6.384540572471765,-0.5882046548447853,0.20461581247269905,7.740824384058176,0.7036311823746751,0.20266014658114526
150.2,0.5825592617683467,122.63667514145514,5.119355640429762,-0.03476668297344572,0.18163731624622975,6.469975187741135,-0.5983418394658185,0.20245645997603626,7.71943394582859,0.7279190902027496,0.1779870102722423
150.25,0.5855013237820841,122.67629747054127,5.144834127745601,-0.06509743836835935,0.16739718605792528,6.546340663301059,-0.5994689045883297,0.19451100703554264,7.69193810749427,0.7523691936538376,0.15810526672912037
150.3,0.5888750349529795,122.71591050971763,5.163809253848436,-0.09907017368917409,0.15604858666027505,6.611622393485519,-0.5893640298416489,0.18378687140406402,7.658606038650611,0.7760991669427515,0.14936347019009444
150.35,0.5927093809125802,122.75551511557184,5.173435379800561,-0.1360804255495135,0.14875214177884438,6.665300152147182,-0.5674246295314954,0.17472635167393022,7.6202784821634015,0.7974959015970046,0.15510411355965054
150.4,0.5969975756228604,122.7951176446535,5.171604682076437,-0.17598020633054395,0.14570412830328325,6.708037371502329,-0.5347369150113396,0.1714764569030722,7.577975941258861,0.8143485102769195,0.17385280902629532
150.45,0.6016921482170257,122.8347269227604,5.157651152538429,-0.21864320919529906,0.14643669511702864,6.741122435073142,-0.4935963025414334,0.17578408953117813,7.533215578034336,0.824504291429215,0.20023240681239896
150.5,0.6067118462586352,122.8743501102329,5.13225946387037,-0.26340610413489907,0.15004159903903683,6.765994339436485,-0.4467488354782495,0.1860367214166006,7.488287637003868,0.8266638109594034,0.2274567595031393
150.55,0.6119574763812279,122.91398963247359,5.097090058134004,-0.3087077997926835,0.15520133675051118,6.78389426140835,-0.3967489510621139,0.19816981750495993,7.446099513835152,0.8209027931935761,0.24986746370223736
150.6,0.6173276229116657,122.95364248629353,5.0542636225111455,-0.35215158819560277,0.16009635465779792,6.795965199184784,-0.3456011281850614,0.20729696638375986,7.409744712692404,0.8087214966853867,0.26441452774259416
150.65,0.622731473091266,122.99330219964618,5.006123794613481,-0.39099345799888696,0.16258981484327864,6.803607564542871,-0.29478870964864173,0.2092922740856236,7.382030406224248,0.7925939317792827,0.2710189251715132
150.7,0.6280977938314772,123.03296326458316,4.95532045588753,-0.42299260408774897,0.16099619212629507,6.808735232126717,-0.24573343148902313,0.20211548351787817,7.363444779206654,0.7747845601475355,0.2708172423553699
150.75,0.6333779721155973,123.07262494525196,4.90516432971076,-0.44713561728905243,0.15551395220994876,6.813967341806452,-0.20016745022491658,0.1861153778292088,7.350005346098251,0.7562252381498473,0.26368131776153264
150.8,0.638545910570798,123.1122903861063,4.859782043173901,-0.46358684441878195,0.14856454169069808,6.822676259153356,-0.15982641607973747,0.163742648228098,7.335386875851411,0.7369116582766133,0.249486371833927
150.85,0.6435936755200352,123.15196346032103,4.823316002418792,-0.4732478351807723,0.1429123471795069,6.839081303241756,-0.1258327465233912,0.1393521319612825,7.3141641636717,0.716867108200978,0.2306518306299888
150.9,0.6485221370685632,123.19164715305907,4.798808240664516,-0.47749771110734984,0.13975413816215435,6.8677461368683534,-0.09846264943722996,0.11870392121644084,7.282632129887477,0.6964634098519518,0.21168724572883457
150.95,0.6533286594526949,123.23134332470994,4.787673091578444,-0.478067747545255,0.13853336104970448,6.912004654835109,-0.0773287656409697,0.1066678337506276,7.239014822580543,0.6764400138630563,0.19732454073260847
151.0,0.6579960718257141,123.2710528590951,4.7898488073344305,-0.47690292565056297,0.13782548987375848,6.972463395353293,-0.06164986622929805,0.1043603735457677,7.183719935627103,0.6578613712499586,0.1909032631052607
151.05,0.6624909911071161,123.31077573913075,4.804345119097146,-0.47597129416106604,0.13641576414203474,7.046698899483227,-0.05042579159022681,0.10909108077005161,7.11833546543513,0.6418514199848435,0.19308186485649506
151.1,0.6667699020246817,123.35051067638692,4.829880276227165,-0.47699513363135826,0.1340362125803046,7.130116160153798,-0.04240984985849058,0.1162891576096162,7.044501964312545,0.6293655578084576,0.2018308900388575
151.15,0.6707865000672089,123.39025458814336,4.865247678876498,-0.4811858046128985,0.1313302785636971,7.217817427089201,-0.03587831007032435,0.12179171196312148,6.963821716336997,0.6211453596732431,0.2136242451966318
151.2,0.6744992068257905,123.4300029811351,4.909254859018366,-0.4891760989538699,0.12913427688202506,7.306462388025756,-0.02856018622622292,0.12398699363831996,6.8781664815495605,0.6176094032594065,0.22506416406305013
151.25,0.6778749235306105,123.46975184646506,4.960456580151114,-0.5012345190767932,0.1275996101586624,7.3944357696770435,-0.018098102042802756,0.12418129055812342,6.789769984182232,0.6185583049366753,0.23397346462502797
151.3,0.6808885959586292,123.50949967914701,5.016856802774352,-0.5175396986765943,0.12583677347495817,7.480835077418322,-0.002738790576225749,0.12566275503867072,6.700933137792652,0.6229122811787612,0.23953122448757622
151.35,0.6835209202447169,123.54924844531799,5.076000015753605,-0.5383083141234305,0.12254666992653326,7.564272739935603,0.018197333231237282,0.13155389844963364,6.613584538970848,0.6286683703691567,0.24208610194975538
151.4,0.6857552092093753,123.58900269558522,5.135493451652022,-0.5636359067091449,0.11711891992297128,7.642388961163841,0.04437965427532814,0.1423053919020655,6.529106067066677,0.6332157634022798,0.24309915126092446
151.45,0.6875766975805144,123.62876662721813,5.193441400822401,-0.5930436763800477,0.11015005314475347,7.7127795199482945,0.07505265019819343,0.1560600018128989,6.448308568911458,0.63399691410298,0.24468930256087998
151.5,0.6889720976865343,123.66854129832296,5.248528383961176,-0.6251121530658206,0.10313473559626886,7.773971393512582,0.10959256334961108,0.17058697609830767,6.371272049089335,0.6291207021609699,0.24835442878853164
151.55,0.6899284952672661,123.70832371501305,5.299689164951491,-0.6575004463686336,0.09773684545263361,7.825614044224627,0.14769659152974202,0.1844689657560456,6.297402169617095,0.6176687553591703,0.2541379530406734
151.6,0.6904332156839408,123.74810774744746,5.345697823418548,-0.6873203312725288,0.09510296695902629,7.868646982231888,0.18932216997937673,0.19780677600488353,6.2257428602815565,0.599675477036959,0.26086980387638764
151.65,0.690472476992764,123.78788664801759,5.38530990181063,-0.7117414690196038,0.09549092548723563,7.905204124152695,0.23437858785640303,0.21178994464233789,6.155114879815851,0.5757825203212954,0.2668941680465012
151.7,0.6900291276968844,123.82765633673831,5.417819982226589,-0.7286630631748563,0.0981921124639751,7.9375984081245505,0.2821487934140234,0.22699831579325597,6.084288289636689,0.5467554575208733,0.27084229896378603
151.75,0.6890838809066951,123.86741727832144,5.443505657513685,-0.7371407444285267,0.10195409365805089,7.967488780452209,0.33093476560268215,0.24264770152578244,6.012511882218964,0.5132141848302244,0.2721063406292556
151.8,0.6876202215863093,123.90717409484986,5.463545519821335,-0.7374441150729956,0.10569478759562194,7.995680078943287,0.37822359842214387,0.257005683459565,5.939815279200458,0.4756396108306318,0.2710532314219562
151.85,0.6856291760331202,123.94693352942136,5.479478017100361,-0.7307919408330379,0.10866760788034796,8.022155271426135,0.42123571022393264,0.2681251149416147,5.866759073071275,0.4345550670189095,0.26892217816105696
151.9,0.6831109368914821,123.98670150069474,5.492749622277351,-0.718841401345571,0.11012510637667375,8.04649708668845,0.45766324818252974,0.2749168416188207,5.79417488804521,0.39084547257484026,0.26687385363899824
151.95,0.6800731004058433,124.02648056889083,5.5047123936871865,-0.703153380738784,0.10916887974744184,8.068536633493077,0.4863209614028715,0.2776008197830516,5.722848034219656,0.34602139200445414,0.2646368018458155
152.0,0.6765303439046161,124.06626884754446,5.517254684643308,-0.6848263795466876,0.1057959530109685,8.088592490848082,0.5074377011458094,0.27700706439612505,5.653089702928455,0.30223191374842595,0.26021068445322315
152.05,0.6725062904157842,124.1060613125756,5.533085243098072,-0.6645534999464499,0.10190591552079574,8.106862619618052,0.5223482228449359,0.27307679556772485,5.58491471210082,0.26191732051188604,0.2510857582358146
152.1,0.6680344938641603,124.14585315383876,5.554681996879531,-0.6431211091699637,0.09984546037560323,8.122728791765097,0.5327782945123976,0.26417264188629325,5.518561157453655,0.22715869866847918,0.23594430373948533
152.15,0.6631619313192085,124.18564222324927,5.583429973542218,-0.6217520303199522,0.10066888992116023,8.135095095863257,0.5403644693807516,0.2490264666027534,5.454719241034826,0.19916257324946832,0.21569749920188325
152.2,0.657952596983763,124.225429851544,5.619750617719473,-0.6021044042603255,0.10400903335618172,8.143171742898788,0.5464800491759584,0.22869125186557154,5.394428120671057,0.17802589675826597,0.19369103486174877
152.25,0.6524845967222842,124.2652206783317,5.663631288605788,-0.5860923823941686,0.10881341604470338,8.14672749568118,0.5521388481715703,0.2064265333444033,5.33866615132405,0.16271003382425334,0.17474332749158114
152.3,0.6468400589790059,124.305021143615,5.715018841116965,-0.5754923839630272,0.1138511774424053,8.146169895280776,0.5580790769957099,0.18685694418656057,5.2876418591076275,0.1512982818497127,0.162697424976171
152.35,0.6410940246538903,124.34483697821527,5.773830024584555,-0.5713934242645801,0.11777189432705748,8.142707955623248,0.5650583532609875,0.17481083681562654,5.240560389208489,0.1415345143881681,0.15835295192500123
152.4,0.6353080513642982,124.38467095170941,5.839892164857338,-0.573766979849667,0.11949034106060971,8.137969418998166,0.5740704958558135,0.17336476317724894,5.196487926230256,0.13143276033750437,0.1596186116702806
152.45,0.6295310879291288,124.42452183231563,5.913108588145135,-0.5813095309100226,0.11890639192230723,8.133371333275516,0.5863679500349129,0.18206980897917652,5.155729653301592,0.11969555968074837,0.16377263800948105
152.5,0.6238053474063886,124.46438524196351,5.993671009289848,-0.5916424539328294,0.11718487446201002,8.129687917257165,0.603183543946998,0.19703924276365622,5.120173062773757,0.10572384515548162,0.16921887875111927
152.55,0.6181707205177042,124.50425654481157,6.081846103789266,-0.6019425744014529,0.11608801539352073,8.126853444753912,0.6251513521255098,0.21253673781565488,5.092099518172405,0.08919999767782032,0.1747572925295538
152.6,0.6126696984648261,124.54413393020626,6.177362214307918,-0.6097202834926443,0.11724311991069676,8.123877790400241,0.6517658524574917,0.22291081210481692,5.073265660315622,0.06964529774465174,0.17868441987096553
152.65,0.6073543650065435,124.58401970154418,6.278973233461114,-0.6133096881860314,0.1217999699811931,8.118864978324098,0.6812064726047551,0.22444782658977805,5.06465999006426,0.04627032038971563,0.179042198956516
152.7,0.6022910517046939,124.62391902558998,6.38435996045635,-0.6118902165887207,0.13015244311669918,8.109415794952964,0.7107232571781542,0.21687191576401707,5.066213071553296,0.0181819501718374,0.17428833268941932
152.75,0.5975604638067116,124.66383703547092,6.490381404005269,-0.6051631025613328,0.14193250107576558,8.093263878094803,0.7374386083231259,0.2034909730385679,5.077022424236552,-0.015128672541523357,0.16410831784825755
152.8,0.5932521174120174,124.70377610188564,6.5937940779974955,-0.5929144344202668,0.15619017018614292,8.068734851837096,0.7591415593834688,0.18957602267867074,5.095995881356877,-0.0533089846406185,0.14992637025627198
152.85,0.5894537389653784,124.7437343566013,6.691800022743747,-0.5747570557062669,0.17168519844993968,8.034954914679156,0.7747702220476493,0.18036446359012126,5.122176534030844,-0.09493923000822051,0.13443248051245846
152.9,0.5862403525025435,124.78370640522971,6.782148698373427,-0.5502464227661644,0.18688450038775806,7.991947764403384,0.7844137231667204,0.17957110582490732,5.154784251330076,-0.1377496056041132,0.12068057436827274
152.95,0.5836665360255712,124.82368610168058,6.862968250935278,-0.5193037139713246,0.19934670904298066,7.940538613580617,0.788844157586471,0.18849895160111146,5.192819575176271,-0.17925593562513953,0.11176182370558749
153.0,0.581762869157801,124.86366945423306,6.932663140763138,-0.4826273906858607,0.20585041298174922,7.88217111053777,0.7889421227564717,0.20602423649011112,5.234604931712209,-0.2174624536207544,0.11047534262926074
153.05,0.5805378922233011,124.90365603305767,6.990402557271964,-0.44178102517429274,0.20438994591464285,7.818588189695503,0.7853350369977421,0.22927985278159083,5.278238652820712,-0.2512116145962535,0.11820227426653375
153.1,0.5799818201122808,124.94364900096652,7.036799448736622,-0.398967126116133,0.19574663475970375,7.75130536915862,0.7782748104699913,0.25434976826172934,5.321771173017463,-0.2802400365886188,0.1332655435152369
153.15,0.5800700376605115,124.98365386137728,7.0738673165856385,-0.35662434048579483,0.18301661461856103,7.68158128562475,0.7678448130961926,0.2771957735517003,5.362368888848294,-0.3050525976693333,0.14989988044461303
153.2,0.5807724802420742,125.02367567566226,7.104355633446445,-0.31687510795920315,0.1702293283543326,7.610846481604004,0.7544395595718788,0.29511489309305355,5.396705072522513,-0.3264879005182919,0.16077046307001797
153.25,0.5820646601478148,125.06371637151221,7.131167972732813,-0.28102313308356064,0.160872247491499,7.540822276126778,0.7391278701667643,0.3074517649449048,5.42288551259785,-0.3451805569060354,0.16189157598045245
153.3,0.5839297664361245,125.1037746018853,7.157046983118284,-0.2494572195423281,0.15667757489979567,7.4736518235596225,0.7236155529096782,0.31462610489611104,5.4410143992364475,-0.36143340603900115,0.15446331665907165
153.35,0.5863524250165681,125.14384798929989,7.184461960375639,-0.22195792804423398,0.15707777636868794,7.411507177335735,0.7096774580332855,0.3163931555087461,5.4523216926116795,-0.37552414199905215,0.1433150918164202
153.4,0.5893138286288209,125.18393530798234,7.215568584593698,-0.19805029596603896,0.1596280583663314,7.355459690253129,0.6984615735683064,0.31175898936844326,5.458287914270885,-0.38802742625836256,0.13421295574817943
153.45,0.5927919296191069,125.22403688485899,7.252079237253023,-0.1771432561970454,0.16129262386172216,7.305476597551196,0.6903929250284206,0.30073434675157973,5.459936982064335,-0.39986102126447637,0.1310418749419408
153.5,0.5967632038435474,125.26415401975622,7.295076384447151,-0.15856981363925535,0.15999225413560822,7.260886734393175,0.6853538325088526,0.2851347201732217,5.45772681144141,-0.41212332842023375,0.13443528611962133
153.55,0.6012046118966157,125.30428800623447,7.34495889724963,-0.14157439985066503,0.1557160419800687,7.220600850220114,0.6828628653873324,0.26817860636204155,5.452014362891243,-0.4258242442869181,0.14244187759294155
153.6,0.6060951479305455,125.34443921057112,7.401477589427688,-0.1252606988032492,0.1503873106996893,7.183437966964099,0.6822511002475297,0.25400861921461354,5.443652350749789,-0.44163448084285306,0.15249618927632883
153.65,0.6114128881526989,125.38460691410175,7.463605798811323,-0.10866007899606119,0.1469207710398793,7.14803447158847,0.6826905513246498,0.24652353525016338,5.434481365569353,-0.4597613407152321,0.16286229003305275
153.7,0.6171264855627654,125.42478997488834,7.5292612941143915,-0.09093305984366264,0.14791043609108606,7.11263016860764,0.6831708804627318,0.2475447956134451,5.426993893553671,-0.48002728452485005,0.17230633546877253
153.75,0.6231882176546493,125.46498743248246,7.595154977135728,-0.07151556835867372,0.15406306257904645,7.075310367380111,0.6825740748813659,0.25591777580025327,5.423436222266668,-0.5020446102660842,0.17942969032985293
153.8,0.6295347342441671,125.5051980991292,7.657493286686104,-0.0499891025243763,0.16375108019644188,7.0343309663435,0.6798878768176332,0.2681575173434669,5.425335060962602,-0.5252447118919602,0.18281448080315008
153.85,0.6360954718312788,125.54541955187955,7.713256885827524,-0.025816026596602887,0.17453313816817065,6.988516755434358,0.6744809987611232,0.28016022865592943,5.433563443521518,-0.5487638495642803,0.18136398901845335
153.9,0.6428021890342414,125.58564798345465,7.760847850433547,0.001689857849398101,0.18465357609830516,6.937861897628104,0.6662158869244603,0.28893644942862845,5.448724321557537,-0.5714228157242678,0.17478074940930396
153.95,0.6495934017373779,125.62587972447498,7.800256495599182,0.03310345667614715,0.19298558451307216,6.883489211723706,0.6552084920269926,0.29302702729722885,5.47135676763974,-0.5920043203950173,0.16419041243080812
154.0,0.6564135399100868,125.66611361362469,7.8327024046024665,0.06845468910609505,0.19824900795352746,6.826721828247751,0.6413812211125676,0.29184492766755027,5.5018369446783355,-0.6096979503911882,0.15187148867324263
154.05,0.66321296711244,125.70635236982086,7.859531949537913,0.10686289953009431,0.19913164644994488,6.767950110517211,0.6241909425543887,0.28494148810306574,5.54010988917589,-0.6243909768270779,0.14020654649754297
154.1,0.6699510508975483,125.74660160475149,7.881703161220226,0.146675467310043,0.1952413532484906,6.7061514386321015,0.6028013886894588,0.2721651343150879,5.585302099311757,-0.63658006249139,0.13063780614858236
154.15,0.6765981936139916,125.78686683376957,7.899855192365353,0.1860561590460419,0.18745963249336517,6.639527612477684,0.5766442232947148,0.25487441491510576,5.635529549284352,-0.6469409933252783,0.1232113159591961
154.2,0.6831360706162659,125.82714975401001,7.915346427259147,0.22383078141259397,0.1789107097544193,6.566483119902647,0.5460693468606914,0.2365697249902856,5.688319957778446,-0.6557358453753948,0.11725995883654482
154.25,0.6895528305078551,125.86744664822999,7.93125145121355,0.2599793405712487,0.1754910765523636,6.486186902471509,0.5125732231120619,0.2219038106024349,5.741321654203536,-0.6625309994081962,0.11252865907454722
154.3,0.6958279650205633,125.90775123441831,7.950702627190677,0.2950222301493524,0.18233621098143032,6.398696418798743,0.47826524369109064,0.21481919108225497,5.792694413304646,-0.6666187951242113,0.10952401694942114
154.35,0.7019165689332805,125.94805898215971,7.975224366274355,0.3291140727215553,0.2001412232682827,6.304776304118567,0.44504117555373024,0.21687986714471597,5.8411076698581486,-0.6676771707933516,0.10895812473941197
154.4,0.7077444473919857,125.98836933914312,8.004985443769296,0.36173084626539787,0.22503888928531002,6.205737666230767,0.4140789793422324,0.22656337765937315,5.885455317715867,-0.6661127459195524,0.11080816965965762
154.45,0.7132157819957898,126.0286850658928,8.03951871353345,0.3919272560258358,0.250765825674264,6.103424403506111,0.38582281326573836,0.2401213897919866,5.924704063483601,-0.6629350053755556,0.11397474059139695
154.5,0.7182292719659132,126.06900977643605,8.078401383227005,0.41891301171666484,0.2714165962113046,6.000257329797083,0.36029580496692465,0.253295817268562,5.958181542133216,-0.6592961294774032,0.11700298526089017
154.55,0.7226945042965085,126.10934591854142,8.121747493676578,0.44251440182310964,0.28343033852968313,5.8991076156754625,0.3373858146205157,0.2626580628288214,5.985880020795876,-0.6560617458047798,0.1186940245472559
154.6,0.7265419344162274,126.1496942245507,8.170084988795782,0.46325267440767,0.2860707020367025,5.802603024861696,0.31688102971136245,0.2661102045532072,6.008836000664682,-0.6536108274803273,0.11837299526869617
154.65,0.729726176747101,126.19005457033465,8.223394356637666,0.4820058911597987,0.2802499441557037,5.712459780422112,0.298327319601713,0.26289914691929794,6.02916983592872,-0.6519304669662367,0.11620538671084056
154.7,0.7322258209720492,126.23042767126637,8.27968043165123,0.49938633184787706,0.26663289456100303,5.6293237668252045,0.28086028324694495,0.2535457501547593,6.049138032978062,-0.6509439496796756,0.11291274601110073
154.75,0.7340429268887368,126.27081544315755,8.334681001995902,0.5154678448516324,0.24555408280564145,5.5528921364380395,0.26328482419125787,0.23963023466585684,6.0703788367966505,-0.6506289660632172,0.10907068717902578
154.8,0.7352019693036345,126.3112191219724,8.3832242546659,0.530205597474731,0.2187132143686789,5.482435102106605,0.24451550240452188,0.2235154044792205,6.0939643118927105,-0.6507490257086787,0.1049266816838793
154.85,0.7357466144899717,126.3516371577473,8.420682622573539,0.5439864035108207,0.19005008385992433,5.417658758009017,0.2240448446014347,0.20818723656180818,6.121324495233935,-0.6504954022839741,0.10142912290999238
154.9,0.7357303996372312,126.39206521754762,8.443811200894125,0.5577408371173591,0.16508572991376955,5.3590699831693875,0.2020007829702902,0.19658120911783977,6.1548101451219965,-0.64851895483847,0.10086804007137967
154.95,0.7352002341515398,126.43249867108692,8.451274531707675,0.572586144248427,0.14955246361074223,5.307658569079032,0.17874417482568816,0.19016717618229387,6.196473096180879,-0.6435436751335503,0.10521859340324236
155.0,0.7341832477457135,126.47293560341484,8.443394912356787,0.589228631945868,0.14756617530502258,5.264617393736546,0.15437676587739446,0.18835290260534573,6.247220095170602,-0.634990739382848,0.11460096177202442
155.05,0.7326821151792259,126.51337850070283,8.421465937535219,0.6075489048715546,0.1595867264130285,5.230799438472119,0.12845036292954568,0.1886449197264209,6.307075439689471,-0.6232080550183944,0.1272344713752863
155.1,0.7306798888469107,126.55383325066087,8.38744344408349,0.6267067235641701,0.1820002878809713,5.2059984573908755,0.10010590769727597,0.18713721908000325,6.375404649816439,-0.6092576505937335,0.14024485238271278
155.15,0.7281555418765218,126.59430585748571,8.34360335047949,0.6456071216598317,0.20874053800726025,5.189317882358052,0.06863712807617049,0.18043335942999195,6.45104492728343,-0.5943603730140541,0.15092887304890915
155.2,0.7251006599282898,126.63479941051682,8.291716338919745,0.6633153767960434,0.2330169298713907,5.180007100173591,0.03403144089668842,0.16756208435343595,6.532574044293265,-0.5793460105979304,0.1577875292685164
155.25,0.7215283294636884,126.67531275883857,8.232558560955775,0.6793007797454265,0.24858825547305782,5.178485693158847,-0.0027485606221829806,0.15037512715001405,6.6185053492500625,-0.5643663578445256,0.16071168209417833
155.3,0.7174766787750854,126.71584080861005,8.166457833322454,0.6935620152802471,0.25166071154863584,5.187422820085615,-0.03978497437011115,0.1333943349048034,6.707174845112948,-0.5489257716528073,0.16026629814056534
155.35,0.7130073760985506,126.75637689646832,8.094355046379219,0.7064933970295402,0.24265943332561443,5.210588634877319,-0.07477267949391121,0.12192307268145232,6.796584144369433,-0.5322765792878555,0.15692679089422695
155.4,0.7081969199221081,126.79691649539252,8.018355513845737,0.7184592761704017,0.22599734534389365,5.250422720345505,-0.10590080070550008,0.11842737090669778,6.884642529253459,-0.5139805698988738,0.15124409540880923
155.45,0.7031274687022996,126.83745976541087,7.94164881622997,0.7294391590143795,0.2082230064595822,5.307465163401831,-0.13241854905738912,0.12147492281375201,6.969686531549312,-0.494228216536424,0.14419275984103122
155.5,0.6978805981660833,126.87801208441688,7.867779319249016,0.7388416963700165,0.1958112382384723,5.380168956431615,-0.15481882244647222,0.1265846551304433,7.050769430070911,-0.4738501887584954,0.13707464676110484
155.55,0.6925356944158835,126.918582551888,7.799541468093785,0.745552757246314,0.19276179487748096,5.464026819111108,-0.1747341839436789,0.1284174570773167,7.127652374590595,-0.4540459353610102,0.13136564873416737
155.6,0.687172177276259,126.95917995374838,7.738384453970388,0.7484812029154613,0.19896793016968775,5.552895964832842,-0.1942398131674494,0.12535879120680507,7.200626441787202,-0.4357602255838531,0.12849589042771395
155.65,0.6818662117968891,126.99980843325439,7.684722384318711,0.7472885582220133,0.2107535119186756,5.641413013501593,-0.21486493954119879,0.12091102835334383,7.270137198948786,-0.419066394067136,0.1290546850379187
155.7,0.6766837823743802,127.04046592853138,7.638658943732165,0.7427113025171894,0.22303732399014653,5.725208807157376,-0.23711233528135184,0.12000265449054676,7.336477258287658,-0.4029962417733823,0.13205453637918116
155.75,0.6716780688779563,127.08114555085427,7.600476338951821,0.736364839775242,0.2315280278338369,5.7994905828522185,-0.26062200338230185,0.12449141095332102,7.399774810684843,-0.38585421138173026,0.1355482492668551
155.8,0.6668950963325664,127.1218386069324,7.570521924202652,0.7302015047028237,0.2338065429872583,5.859089181844413,-0.28461678166328763,0.13275876040181617,7.460376616637457,-0.3657497059558897,0.13794560592088678
155.85,0.6623825740459965,127.16253794273334,7.548811177347515,0.7258442756637377,0.22948723787252817,5.900520263486442,-0.3083554692073438,0.1429164070281263,7.519624295101067,-0.3410678576928202,0.13894244228664415
155.9,0.6581929350562683,127.20324109792587,7.534612658813447,0.723942036304838,0.22003589025884537,5.923159818534412,-0.3315893436468527,0.1544956329358468,7.580163613017431,-0.3109405546889049,0.1396024463094776
155.95,0.654378549575809,127.24395231424815,7.526380024128299,0.7238019589076538,0.2083210259471869,5.928615735365058,-0.35488166520819464,0.16757950149188885,7.645137617825534,-0.27569546627316494,0.14121192504861046
156.0,0.6509836094637401,127.28468166988128,7.522403248285842,0.7236551201170237,0.19781768766215194,5.919302541020247,-0.3794908173415531,0.18123390611666493,7.716956088557978,-0.23691873337738897,0.14405128869608327
156.05,0.6480402363012382,127.32544134124635,7.521310071610437,0.7214319255998317,0.19145146735893423,5.897297839020037,-0.40679845165446843,0.19299032516466968,7.796455254077345,-0.19697525619908526,0.14710145089292367
156.1,0.645571657867527,127.36624038635014,7.522000011664885,0.7156768374366363,0.19061169439002243,5.864393519331274,-0.43745689520422587,0.19994615091669998,7.882810690667535,-0.15814038985071938,0.1489406939012664
156.15,0.6435981141107249,127.40708025226618,7.523352968986465,0.7062568605218482,0.1946514988650712,5.822725601278222,-0.4706641257934988,0.20041049945628675,7.974221507442253,-0.12169069251367441,0.1494246578667101
156.2,0.642142226626078,127.44795392224022,7.523746100682798,0.6944188427381781,0.20130269104602036,5.775205895003276,-0.5041106111729435,0.19535163234369637,8.068517247511485,-0.08755574273323397,0.15032857202792813
156.25,0.6412301274143639,127.48884928427606,7.5210360157426255,0.6821616607217001,0.2085523359548798,5.725609929206666,-0.5346639826962349,0.18813016019570583,8.163102589214281,-0.05478074557214702,0.15450134135177987
156.3,0.6408823707390018,127.52975502441691,7.513291037680876,0.6712748067618408,0.21613669217508022,5.677877390920609,-0.559519291073226,0.18209616572928383,8.254812568861482,-0.02241868478463485,0.16392795148623218
156.35,0.6411015399932499,127.57066622328132,7.499457108374812,0.6624792856356848,0.2253356619653019,5.635094935174123,-0.5773161062518035,0.1786192944348005,8.33983474716352,0.009616983833198978,0.17764754462136848
156.4,0.6418687757016944,127.61158625713429,7.479591177481787,0.6551485848086931,0.2381593195513003,5.5991485369542495,-0.5885453622827401,0.17676331134978188,8.414260965731614,0.04032589508486981,0.19190051003614628
156.45,0.6431499811558086,127.65252412626124,7.454346402666674,0.647685595402682,0.2560097785110011,5.571219042616464,-0.5950558070573216,0.17426630870699383,8.47544209079155,0.06822969297044426,0.20296124970600266
156.5,0.6449041315703905,127.69348979759133,7.4239136445074,0.6382076707709065,0.27794021111863143,5.552602579774154,-0.5991380909496403,0.16951824339783123,8.522581913426738,0.09221996563061323,0.20906403013434857
156.55,0.6470901170423624,127.73448995973438,7.38779998206989,0.6253085379252403,0.30043699626072734,5.5449236050748265,-0.6027018569891236,0.16295371688890511,8.55571959397697,0.11206008930954382,0.21004875110244287
156.6,0.6496695404094964,127.7755255009811,7.345301322134241,0.608598190411468,0.31855800922011834,5.549690157079342,-0.6067857410510114,0.1563651678550401,8.57438514088701,0.12850825512332398,0.20645935719867295
156.65,0.6526086203140865,127.81659109484744,7.295804928437765,0.5888176805431645,0.3276922183030382,5.567974654850037,-0.6114241924647127,0.1514354380105194,8.57786808133847,0.14336034736769288,0.19944639723488933
156.7,0.655882414345153,127.85767711703464,7.239120967957872,0.5675274409533894,0.32606014797114313,5.600435332099194,-0.6159112280366891,0.14899738705712692,8.566032805279507,0.15914991620814434,0.19095935673711092
156.75,0.6594755958042102,127.89877376430013,7.175580954309683,0.5463807795112644,0.3158809670673994,5.647263749756182,-0.6194432860711053,0.14889187170544466,8.539631488748288,0.1783687380515557,0.18354692561018285
156.8,0.6633770089784555,127.9398751398729,7.105322145327719,0.5262948586986678,0.301955958106567,5.70797750665144,-0.6217626618825524,0.15006715961075734,8.501879652419639,0.2029184465891206,0.18079038190956567
156.85,0.6675679484555019,127.98098199084487,7.027130493764224,0.5068749378932396,0.28862969337794825,5.781439318757267,-0.6235526424824132,0.15104972377476067,8.45938035186223,0.2337414024783664,0.1864408811989779
156.9,0.6720118137420881,128.02210268844186,6.938230379446312,0.48638109035083005,0.2774114674132688,5.865891010533164,-0.6265223355829318,0.15062285316883284,8.419143037352269,0.27014082324650207,0.2009938790462216
156.95,0.6766565011416594,128.0632497399342,6.836151256381877,0.46262526377955887,0.26788884466979596,5.958587602439486,-0.6328112718282815,0.14776733540498974,8.386112977417122,0.3099144070100267,0.2206845671008111
157.0,0.6814451927907789,128.10443276330494,6.721045960346809,0.43434801324295813,0.26013567417589567,6.055662378686463,-0.6438195790556379,0.1411198500015892,8.363712598652603,0.35059131133889243,0.24044150792724966
157.05,0.686326131676415,128.14565284156262,6.596028761218009,0.4020838619131031,0.2554735302610392,6.1530396610792755,-0.6591923628381466,0.12968232215262984,8.354847449047371,0.39058302049792126,0.2570190846718915
157.1,0.6912557026021542,128.18690236437635,6.466115527705206,0.3680185746003975,0.25511535232347327,6.247464587739525,-0.6767500423165279,0.1141219322818843,8.361440626285908,0.4293351590759852,0.2691595451569647
157.15,0.6961971543659243,128.22816978441463,6.336448410258903,0.3349895784842323,0.2581752692384835,6.3367785862184585,-0.6933598336515411,0.0969209251634922,8.383482451622166,0.4666715594202964,0.27660964362463797
157.2,0.7011192611620535,128.2694452297314,6.210794876182481,0.3053188238330057,0.26126167800265127,6.420013432471378,-0.7060097384648162,0.08179881783198176,8.418926221353233,0.5020902061531013,0.27982441209558906
157.25,0.7059947825422634,128.31072448461475,6.0914807255573375,0.280036973003923,0.26009993043509017,6.497257433168841,-0.7126409469303416,0.07251858866990911,8.463961650040687,0.5343482237481825,0.27946902596097545
157.3,0.7107992965205892,128.35201041509137,5.980027708765055,0.25865188705966785,0.2518420141353059,6.568929118313404,-0.7125917344410702,0.07093129755792016,8.513132475529456,0.561405703751701,0.27575879536178466
157.35,0.7155126650077398,128.39331089142698,5.877730519362235,0.23955826355379187,0.23641895139615685,6.635361828266878,-0.706408625284714,0.07612358525347121,8.559834352266494,0.5809383279703165,0.2686852155576983
157.4,0.7201209545991959,128.43463396004512,5.78561655529289,0.22087469790363568,0.21643416738759697,6.697185445665712,-0.6950939359483518,0.08553346547890928,8.597467012379905,0.5913367616746732,0.25876913208372376
157.45,0.7246141383814267,128.47598350113222,5.703755681019271,0.20117500458403245,0.19556584551291434,6.755775651594818,-0.6793654393384634,0.09661887718216335,8.620549562273187,0.5925543194462497,0.24708709566124532
157.5,0.7289804498733932,128.5173576221556,5.63083645630224,0.17982611574026372,0.1766071318797347,6.812948078436661,-0.6594037080200237,0.10742432402922444,8.625450674156502,0.5863697559561195,0.23490917109437143
157.55,0.7332033881550329,128.55874957535582,5.564595905984871,0.1569627750625148,0.16079897124147188,6.870421362358276,-0.6350389078715842,0.11651935411627068,8.610754531477445,0.5760770395460844,0.2240258672698057
157.6,0.7372610310582077,128.60015068755595,5.503010553265807,0.1331540789897453,0.14858026975574976,6.929476609444505,-0.6062158878279392,0.12285886230139988,8.577182282515926,0.5657000038443919,0.21703134645098748
157.65,0.741123175595235,128.64155470971735,5.445093713923323,0.10879591454760479,0.14047093032696384,6.990155124823431,-0.5737135787627536,0.1250525489459761,8.527154750204383,0.558931046076298,0.2164688989758326
157.7,0.7447496672179628,128.682961438037,5.3904019760452835,0.0835322693044032,0.1366227920499429,7.0504504693367425,-0.5397280506282714,0.12136305686112688,8.464198313715398,0.5582273461900396,0.22360268593113708
157.75,0.7480938177564038,128.7243768297654,5.338453302885613,0.05623934711806443,0.13592034761092822,7.106868793055132,-0.5076426801693852,0.1114728804613214,8.392419781355844,0.5645237531864907,0.2376663529805005
157.8,0.7511051544859169,128.76580968301528,5.289685673417243,0.025662413734655738,0.13614627744921698,7.155694943648662,-0.48104976993560683,0.09741763918725534,8.315897656951094,0.5775288223364154,0.25543880319176915
157.85,0.7537340527621051,128.8072664940086,5.247530480190677,-0.008662192778281699,0.13646366138002072,7.194121287404504,-0.46252005659395784,0.08321987448076404,8.238298012795232,0.5964285622431675,0.27174562036655875
157.9,0.7559380480637681,128.84874764168794,5.21796405708393,-0.04589770280853661,0.1389622611315875,7.221210354705017,-0.4527036418185397,0.07400432335189405,8.162801624685143,0.6205232640971305,0.2811791923851028
157.95,0.7576783305061031,128.8902478446562,5.206117888993135,-0.08420828464119878,0.14544396931829434,7.237988801147036,-0.45029334209054456,0.07352236172329644,8.09210529198421,0.649266934387893,0.28003351073501553
158.0,0.7589159156769641,128.93175932425729,5.214530840241972,-0.12144866734927322,0.1550814509175249,7.2465998341731686,-0.45268906849367235,0.0818257459208714,8.028444956481781,0.6819084126656116,0.2677102858960215
158.05,0.7596156546184635,128.97327563647684,5.242458915643163,-0.15594272453295077,0.16418191640391133,7.249605001852809,-0.45689282685006855,0.095312383971538,7.973311463170858,0.717000625872254,0.24713378368360642
158.1,0.7597565965682369,129.0147945369913,5.285170789302829,-0.18708985634398057,0.167548504737911,7.250066863293889,-0.4602012486038154,0.10885623824431893,7.92671660632294,0.7520340404597455,0.2236024504687055
158.15,0.7593444497317243,129.0563178510726,5.336220627906281,-0.2152803492376099,0.16311354503781939,7.251743076788386,-0.46042641694577163,0.11843958691437254,7.8867023443535045,0.7836331223276178,0.20265941522317105
158.2,0.7584110537958475,129.09784936247138,5.3904406868593195,-0.24134636884317362,0.15375985686066876,7.258644472766261,-0.45586128636913437,0.12249663714627039,7.849761580854365,0.8082556656195761,0.18823908756243857
158.25,0.757001927133499,129.13939230787688,5.4444130229442385,-0.2660572772547477,0.1448392750858174,7.274433928031111,-0.44514751489969684,0.12162877303917356,7.812294382165871,0.8230942870408822,0.1821120288771257
158.3,0.7551629961978188,129.18094748460106,5.495773953034162,-0.2898174806083035,0.14122348572285742,7.302287345667434,-0.42710903033540343,0.11759949372371557,7.772058020696924,0.826771742639229,0.18440350700752042
158.35,0.7529299588370988,129.22251295713542,5.542885700054738,-0.3126221866278882,0.1453324851820769,7.345113215006993,-0.40075024409134846,0.1127180613769407,7.728257819337529,0.8194599446854036,0.19368920611568965
158.4,0.7503233487934556,129.2640853706624,5.584916421255486,-0.334241817293593,0.1563934880933303,7.405825424777393,-0.3654661957140788,0.10946204586370316,7.6810492634089975,0.8025602312160539,0.20698470099297908
158.45,0.747350722127756,129.3056621464091,5.6219119243305675,-0.35453791036811166,0.1708858892406073,7.487432540322979,-0.32135331861184785,0.10975779819939828,7.631534642551751,0.7782495330083516,0.22033102701016788
158.5,0.7440141562904038,129.3472436075306,5.6544435798859505,-0.373782848722526,0.18366319415497037,7.59239980987096,-0.2695507195526622,0.11400051139192578,7.581648088905718,0.7489720353805118,0.22983646538494426
158.55,0.7403237971675146,129.38883377747857,5.683246945671277,-0.3927675912768405,0.18983459152695628,7.721691651101399,-0.21237871653941953,0.12073879791951912,7.53345562417601,0.716998655249719,0.23313079911713167
158.6,0.7363132990201279,129.43043947724934,5.709337304300869,-0.41261870199261097,0.18722875427695684,7.87405373914664,-0.15312775845231882,0.12716244596915527,7.488682953973817,0.6842797154254282,0.23030357193957832
158.65,0.7320465256040892,129.47206828548678,5.7339671852850325,-0.43441920135280554,0.17723433986611625,8.045275773437675,-0.09562750110293045,0.12979600226243612,7.4486353049512175,0.6525615548519375,0.22355893714472264
158.7,0.7276140638495766,129.51372572505306,5.758088944833447,-0.4587307758716615,0.16332834159020554,8.228271877209549,-0.04353783832481639,0.12595534682944212,7.414255849194023,0.6236519853548279,0.2159935999174903
158.75,0.7231253324672141,129.55541293893856,5.781550431104472,-0.48524600886645597,0.14863416910571933,8.414660905296312,0.000530902672857632,0.11589821212060683,7.386209524313285,0.5996032294845008,0.2102679930329378
158.8,0.7186991450506639,129.59712643224566,5.80270053561825,-0.5128105485364104,0.1346332529024514,8.596240156887369,0.0355040193439122,0.10346623665884781,7.36480501122812,0.5825427860615464,0.20786412492929637
158.85,0.714453181091376,129.63886029689627,5.819008583429068,-0.5398378893264678,0.12181411858367472,8.765656343535875,0.061720497504174854,0.09386744525319303,7.349922069195252,0.5741430928877962,0.20910165507981052
158.9,0.7104940692812198,129.68060953664744,5.828236345887038,-0.5648556953234696,0.11048878788653829,8.916762945882393,0.08043533376632292,0.09067088965144302,7.341558298666817,0.5750568529904273,0.2140600482977112
158.95,0.7069098806167896,129.72237235506267,5.829309261520429,-0.5869118755505447,0.10144177224905444,9.045034658641347,0.09335420458954151,0.09458259114122003,7.3405041515545975,0.584614995131574,0.2234746159306149
159.0,0.7037642100174298,129.76415121435738,5.822781396106369,-0.6057834055815092,0.09627793195736496,9.147915772003453,0.10230743773483689,0.10410645548846123,7.347511541103619,0.6006557303906075,0.2376773849226449
159.05,0.7010940853577854,129.80595277033547,5.811128772762104,-0.6219180317330284,0.09666896643344061,9.224404977555913,0.10894474672341607,0.11678580671322404,7.361888276331958,0.6195791615171851,0.25526019266101746
159.1,0.6989107680685989,129.8477862091208,5.798386014316708,-0.636121291111884,0.10274177613100426,9.273817004174608,0.11452752760755823,0.12966655911338112,7.38142143936959,0.6369195900598479,0.273293357607461
159.15,0.6972028097138494,129.88966005398942,5.789183778591775,-0.6490889673097355,0.11213505988272525,9.295504066663604,0.1201767335010522,0.1396283542958559,7.402568223204516,0.6482470384425624,0.287585989745836
159.2,0.6959483504911971,129.9315782113287,5.787998455552717,-0.6608906379879103,0.12101775495902345,9.29001040508953,0.12753489421366324,0.14501636458163342,7.420270234034663,0.6500963183373829,0.2933782478945142
159.25,0.6951329769015219,129.97353769371273,5.798801333931664,-0.6707311257572431,0.1261450830700976,9.25936263819095,0.1390149234812431,0.14639756974417673,7.4287284214162375,0.6406682807274936,0.2880997483478924
159.3,0.6947595171417928,130.0155292241123,5.824725105657149,-0.6771601773836842,0.12625952298381715,9.207215580303274,0.1575596427027031,0.14655948979305844,7.422992885611875,0.6201059838540017,0.2735367625945711
159.35,0.6948415669325521,130.05754103523313,5.867564409050308,-0.678754443293221,0.12201674447834958,9.139773897634337,0.18604177436296773,0.15012940348760967,7.40002939822129,0.590089113333477,0.254751328829519
159.4,0.6953864240156248,130.09956561608846,5.927509700322041,-0.6751590790022248,0.11503756980329781,9.064832135993555,0.22593223627054881,0.16068893495997835,7.358728482059956,0.5527113580650317,0.23726787729737417
159.45,0.6963833882628772,130.14160484765375,6.003494253063513,-0.6677502445119495,0.1071119717472514,8.989361767164585,0.2760782608156148,0.17806306044103637,7.299274169756198,0.5094421534822453,0.22515971181154046
159.5,0.6978033510875854,130.18366897900566,6.094026136873253,-0.6592591529583106,0.1000738612516975,8.918821141980272,0.3328775312334161,0.199022782346162,7.2228138717442,0.46105821303324185,0.2203584964114681
159.55,0.6996051956003233,130.22577050802477,6.197747774600918,-0.6526120617990283,0.09568162902373452,8.85824351701471,0.39170939318101194,0.22036039371145744,7.1314115665122415,0.4084123075875338,0.2225058545930461
159.6,0.7017401202772443,130.26791767301532,6.313344176668048,-0.6497621391188702,0.0948438445491723,8.812647973057997,0.4484358154675602,0.24036116934797158,7.027998033725385,0.3532484832916026,0.2295610310092212
159.65,0.704154472863576,130.31011126059636,6.439176203288553,-0.6511291166214161,0.0974791387726266,8.785760211436322,0.5000712049672779,0.2575717858652534,6.916291469377083,0.29847178981155065,0.23893448074060042
159.7,0.7067951775856772,130.35234527951923,6.57181683558983,-0.6558537912000515,0.10201078035467957,8.778960084112114,0.5447687722082083,0.2702531622225869,6.800529168160858,0.2477897793610332,0.2481740241491905
159.75,0.7096157549726075,130.39460991773913,6.705365019890986,-0.6623752141671269,0.1048455798504242,8.7911365886845,0.5815106395671031,0.2771354145355445,6.685042761682451,0.2049687354224251,0.25506748654024497
159.8,0.7125852954671427,130.43689481004316,6.8340190985730915,-0.6687775916538772,0.10312308230249984,8.81854337967261,0.6096881458483454,0.27789074920911006,6.57365580097462,0.1730087047089193,0.2578894901459149
159.85,0.7156958424252483,130.479192272972,6.954048714655514,-0.6732354746168319,0.09715104753913434,8.85502790407218,0.6287366599388109,0.2733935002550593,6.46900199615728,0.1533675915333612,0.25585486941452995
159.9,0.7189601017566876,130.52149935415554,7.063493449526586,-0.6744899628196391,0.08966050418488238,8.893035637880821,0.6380645496597558,0.26591823482846083,6.372251351915667,0.1455301829340997,0.24948289128814768
159.95,0.7224012588672145,130.56381765182107,7.161170853204688,-0.6720489660701214,0.08417260585261149,8.924847942452569,0.6373197286719127,0.25843701300399785,6.283410090776205,0.1471293159304931,0.24080258738538368
160.0,0.7260390540021472,130.606151245844,7.245916511700851,-0.6660750824393773,0.08392815962939601,8.943659274052512,0.6268665551441753,0.25323005630901047,6.201654849351145,0.15450545918250866,0.23272722678184984
160.05,0.729875227955471,130.64850334635273,7.316775866966236,-0.6568937296220735,0.09075759599545652,8.94459395895891,0.6083400311165749,0.25152253533091873,6.125734097608568,0.1635692867039643,0.2276605776046239
160.1,0.7338841212840005,130.69087337457145,7.373572143646347,-0.6444628046896587,0.10419307441051091,8.925446615840983,0.5849448300377179,0.25414774140591,6.05454497374664,0.17064719036684742,0.22648347103630959
160.15,0.7380107968544303,130.7332563602952,7.417200263952767,-0.6282437392589214,0.12185926045027184,8.886629340221791,0.5611697350626875,0.26174092262041965,5.987216572965459,0.1729035936640976,0.2282183476119527
160.2,0.7421759168321954,130.7756451968668,7.449574857682743,-0.6075676775227398,0.14050191959338537,8.830466913914673,0.5419227904574678,0.274110344862024,5.9228102536541,0.16825399844112313,0.23047823457118255
160.25,0.746285916774874,130.81803423332227,7.473212403721313,-0.5822560355532967,0.1568566618580514,8.760494823280025,0.5314573554456378,0.28976107092413544,5.860449043186321,0.15506768841366475,0.2307707646088526
160.3,0.7502445707253049,130.860421978934,7.490686753014128,-0.5530881468809898,0.16835632656325109,8.680960117890203,0.5325080378950136,0.30620536646703783,5.799687084854483,0.13197605874318924,0.22759119767000366
160.35,0.7539633814840382,130.90281147481468,7.504217945233511,-0.5218347754263581,0.17384652160817496,8.596333652107157,0.5459275121357312,0.3204989851787384,5.740773550955846,0.09796199618935733,0.22122404958497313
160.4,0.7573685745865163,130.9452085305706,7.5155223738615655,-0.49085911150138867,0.17411582823590374,8.510692369563134,0.5708143581537254,0.32966212200817785,5.6844543449682075,0.052674455332727396,0.2136920169131697
160.45,0.7604023745737127,130.98761897420542,7.525963563447203,-0.4624590318782078,0.17167595962639717,8.427114101938601,0.6049473926274647,0.3312712498869221,5.631260652891887,-0.003207815558420999,0.20710172948044953
160.5,0.7630205950745852,131.03004553852352,7.536781439359154,-0.4381592272817248,0.16973956366083923,8.347434039150428,0.6454242521313398,0.32426553742829284,5.581248286370617,-0.06762649297097327,0.20242546318761587
160.55,0.7651904794372703,131.07248572157604,7.549419755375414,-0.41819834065050543,0.17077700380892727,8.27257875130757,0.6892987553846817,0.30957773489139107,5.535289091149147,-0.13695964374531105,0.20038329699736096
160.6,0.7668856002225253,131.11493236553207,7.565932204317426,-0.4014927358743113,0.1753282681402087,8.203034926731233,0.7338800449080441,0.2897626426461693,5.496834507073582,-0.20629470545161205,0.2019169088510474
160.65,0.7680790727476501,131.15737737195644,7.5890804060243715,-0.38622267770603813,0.18180966078804572,8.138776119541832,0.7765104098520249,0.2675584744090439,5.4710394308696495,-0.27040700173518945,0.20615437024775218
160.7,0.7687479879144284,131.19981612905013,7.622019506209296,-0.37066418083085906,0.1874031616822953,8.079039728117428,0.8142095470089964,0.2449523390298108,5.462530213727477,-0.3250109942867794,0.2099587859371084
160.75,0.7688856823402791,131.24224970674345,7.667780908413997,-0.35373133486941905,0.1894078917760157,8.023088648092841,0.8437570327469599,0.22404653527724921,5.474089793960781,-0.3675631683107528,0.2091541950030977
160.8,0.7685102973150435,131.28468462432704,7.728858775554842,-0.335081048596573,0.18616132937160115,7.971072283676714,0.862085601053879,0.2078993362453834,5.50581775626591,-0.3974985978229436,0.19929300929143834
160.85,0.7676684191569759,131.32713084798783,7.807052597166431,-0.31484550117309623,0.17726105023932134,7.923406518592063,0.8666778704688858,0.1989823005167484,5.555171448542239,-0.4159948486174164,0.1779015452083328
160.9,0.7664360464096014,131.36959815023104,7.903247675977951,-0.29312875017645057,0.16340860505084456,7.879840450429044,0.8561174926350302,0.1975630202375694,5.61780687749618,-0.4253312595720274,0.147461536209146
160.95,0.7649123698135004,131.41209272159472,8.017130734632408,-0.26957716814341254,0.1458535625484649,7.839166724592304,0.8306305876577758,0.20152976598470088,5.688404410855492,-0.4281593950264305,0.11521847166568631
161.0,0.763205729122161,131.45461543292785,8.147267676638606,-0.24320765537448008,0.12596373163237967,7.799594605517692,0.7923664543363391,0.20702647903142335,5.761537364519518,-0.4269142397803549,0.08988187130219932
161.05,0.7614216432171281,131.4971621521235,8.29122422168898,-0.21260247208359456,0.1051965223675193,7.759799572240198,0.7452661996322457,0.2103598180786383,5.83276490535043,-0.42351731936843406,0.07834309231104356
161.1,0.7596555668173022,131.53972658621643,8.445715033694613,-0.17648939925958895,0.0851952092289105,7.719683648052168,0.6943544110994554,0.2098859900331711,5.899488964788443,-0.41952062577788607,0.083452853815011
161.15,0.7579877275165795,131.58230412144448,8.607157671274726,-0.134395371017122,0.06844240825509794,7.680142517389698,0.6447015047785765,0.2061063930767541,5.9610932111964186,-0.41650505728649684,0.10335914929472093
161.2,0.7564812062743295,131.624895220337,8.772154458606952,-0.0871282277270635,0.058413756619952954,7.641916735264675,0.6003708605722794,0.20033173424806794,6.018440457858731,-0.41646843902119807,0.13242210938706236
161.25,0.7551833076318456,131.66750686210227,8.937350435590668,-0.036889474507550486,0.05808894026081155,7.604447593720128,0.5637065239324912,0.19402730642940488,6.072925211967549,-0.42191446257432685,0.16268379476174252
161.3,0.7541285535587725,131.71015054816525,9.099055573100859,0.01318138907807608,0.06813682606242126,7.566043701030379,0.5353941748560631,0.18906328899639058,6.125247747474804,-0.4354411457044973,0.18549587189818945
161.35,0.7533418205899883,131.75283837485594,9.25214533119959,0.05968342361947959,0.08463041513877188,7.524883345290078,0.5151084091068494,0.18711157609794438,6.17452192777644,-0.4590666579403051,0.19405087478665362
161.4,0.7528453060146432,131.795577602709,9.389658970855114,0.0999346590419591,0.0987796371748439,7.480228377474481,0.5024657952190461,0.18984069246922441,6.218364374675732,-0.49332244776415124,0.18588092829951153
161.45,0.7526696823774386,131.83836513498795,9.505241709886775,0.1332584697794971,0.10253828186825473,7.433304418851488,0.49792387765311447,0.19940111817799835,6.253828689408667,-0.536357591622223,0.1635160106318417
161.5,0.7528579797173088,131.88118781103776,9.59509978376319,0.16114886370342857,0.09435851161122757,7.386637831163463,0.5026719033216256,0.21644565709600588,6.279048703272722,-0.5840046024603885,0.13409799214809365
161.55,0.7534582108046994,131.92402982291884,9.657006436915854,0.18578998221979648,0.07982381660281224,7.342901909736645,0.5174065457822093,0.2381919182878423,6.294204237668323,-0.6311089202024026,0.10776248329122055
161.6,0.7545058803457011,131.9668819265479,9.689036363130162,0.20838414660107063,0.06805392578974884,7.30433614742226,0.5408939399233028,0.259244153543764,6.301077209693743,-0.6732720673286531,0.09340097426721725
161.65,0.7560048361383999,132.00974625344247,9.689987856894478,0.22863503413530906,0.06666856371230369,7.272249798683806,0.5692929560950879,0.27411430565293166,6.302294509717467,-0.7079531692135898,0.09492368487688085
161.7,0.7579193850850564,132.05263465622068,9.659778981337768,0.24516743433320629,0.07851304593111424,7.246594991554279,0.5966792787825789,0.27912221015169947,6.301075748147454,-0.7344958700253272,0.11065557234706902
161.75,0.7601816585415174,132.09556170538934,9.59995155283067,0.2566691942385239,0.10200720892539905,7.226036087996348,0.616624705032974,0.27343429910542255,6.301220594264504,-0.7532134958638257,0.1348020466391898
161.8,0.7627055185687145,132.13853547833756,9.5160758479222,0.2637203345262753,0.13431859122803258,7.208757029225253,0.6242198023996113,0.25937989064986056,6.30691283896379,-0.7640902815989018,0.15962943063153484
161.85,0.7653976456405697,132.18155286424536,9.418397925334494,0.26960387259519936,0.17258630347423987,7.193395863867365,0.6173125746146337,0.24185187003931113,6.322361495983313,-0.766156922148797,0.177962603344334
161.9,0.7681670275333118,132.22460339900547,9.317638032423776,0.2787251256319523,0.21226365001857853,7.179029741001822,0.5961730884112371,0.2264944563982026,6.351038230888851,-0.7581861934635286,0.18554798108817522
161.95,0.7709328855610027,132.26767665299266,9.221816409099423,0.2945503408429384,0.24744011756877074,7.164159917937594,0.5623122093591831,0.21672797596605783,6.394930767398224,-0.7398944238845317,0.18217658623295327
162.0,0.7736306514803883,132.31076739512068,9.136314980945663,0.31857651243329094,0.2733201145388937,7.146108454530101,0.5175177185197495,0.21223350398188986,6.454561456963621,-0.7126619461743702,0.17129132716772946
162.05,0.7762152526756302,132.3538765661492,9.064996982885225,0.35031081186123014,0.28832606151458445,7.121758055628479,0.46358611234413966,0.21024896619132716,6.529113888022438,-0.6795261550178807,0.15843068803313795
162.1,0.7786604891860148,132.39700882412313,9.011111252045975,0.3879312137895298,0.2943627904828085,7.0889276344984165,0.4025992609482802,0.2084304676905897,6.616255164969276,-0.6446064184802198,0.14939771183179512
162.15,0.780953350586916,132.44016933127602,8.97704414888288,0.42898093120317127,0.2951699158174794,7.047387730595156,0.33725596641745303,0.20716346876408911,6.712257791516669,-0.6122962522026614,0.14819640408670287
162.2,0.7830823967959919,132.4833614821857,8.96336083933307,0.4708210308536729,0.2938538737994249,6.99834988734704,0.2708940193250081,0.20899807058350672,6.812662191652702,-0.5864641550934612,0.15508775830127866
162.25,0.7850282682297485,132.52658532981,8.967664817719756,0.5108953890291564,0.29085226481149357,6.9428923715014355,0.20726060313051853,0.21594790858232374,6.913138964956438,-0.5697545236316385,0.16699512315972295
162.3,0.7867647728153017,132.56983617671486,8.98436639050971,0.5470545700062852,0.2843390573340536,6.8811234629551485,0.15027794119826193,0.22752014751405114,7.010273277781672,-0.5630698524546481,0.17980318170932125
162.35,0.7882678302346413,132.61310410278517,9.00634018758066,0.5780551008699877,0.2727290193230875,6.812662414553431,0.10379700826363636,0.241015302747845,7.101657765155649,-0.5654297815023761,0.18992872885533116
162.4,0.789522715382375,132.6563756523812,9.027145361347777,0.6037789052976408,0.25682974338423636,6.738022099987145,0.07116719435862379,0.2536213485684333,7.185767438642191,-0.5742904810979614,0.19427139823278325
162.45,0.7905266350578921,132.69963767384374,9.042495015124977,0.6248775908136692,0.24082697926924643,6.659471755100851,0.05451004173085522,0.26402279196474654,7.262455465350478,-0.5862495781833085,0.19049607092616716
162.5,0.7912880154923858,132.7428824859674,9.050617269252443,0.6420084566009729,0.23116995108583707,6.580526579966138,0.05379130500839019,0.2723787248145615,7.332895803573599,-0.5981290611701596,0.17867450075662003
162.55,0.7918182082591955,132.78611222400295,9.051207166023003,0.6550337960499157,0.23309265937951162,6.504531820899049,0.06611173272071681,0.27921506895372306,7.398869149516465,-0.6079907008198028,0.16194257746760188
162.6,0.7921193629482417,132.82933924345178,9.044155759465047,0.6628064149931819,0.24760885572443034,6.433071795334586,0.08578424260888487,0.28392293031535,7.462117710265258,-0.6154263466410815,0.1449825948048323
162.65,0.7921803390679758,132.87258110178826,9.029248597606765,0.6638909579263144,0.27104282117161443,6.365652596932476,0.10555084565092857,0.28471375981936936,7.5233615980212445,-0.6209894470180564,0.13177830126039958
162.7,0.7919831954743056,132.91585175811653,9.006389759776212,0.6578936612754426,0.29709848222175494,6.30076248928314,0.11860327974738083,0.28025028805489294,7.581783172062054,-0.6250103690558886,0.124561343190188
162.75,0.7915096835253471,132.95915381230114,8.975693836769086,0.6465521800061129,0.3196395857135541,6.237021856447922,0.1204050337370117,0.2704066844746038,7.635971612250369,-0.6264144534296744,0.12403413402501862
162.8,0.7907446119875245,133.00247664683226,8.93736077921497,0.6337924621644287,0.33451578000640947,6.173635148451708,0.109403245456425,0.25587828328813156,7.685362398560786,-0.6223904721910472,0.12977307485390654
162.85,0.7896804139303719,133.04580156129188,8.891567962608265,0.6246103607626989,0.3405629764322595,6.109969933639244,0.0864125534867921,0.23798692668409058,7.7310346967120855,-0.6092337205164813,0.14033007160356603
162.9,0.7883190467069278,133.08911094976284,8.838625556528745,0.6233447440147714,0.3395120848692495,6.045244499990067,0.05321438654757423,0.21859811235742974,7.7755237866273825,-0.5839322412592193,0.15310564075788055
162.95,0.7866696758121082,133.13239660255334,8.77931815997403,0.6321810378465436,0.33491179507027397,5.978770779489824,0.011233757066836596,0.19989573631685167,7.822215467731602,-0.5456123444781115,0.16467187275983405
163.0,0.7847462323853416,133.17566317419067,8.715049528577321,0.650526632733929,0.3303213309818697,5.911578608121041,-0.038978435908873475,0.1852168121551779,7.874795936338405,-0.4961212085506101,0.17177252838925547
163.05,0.7825625025313345,133.2189262737634,8.647436342250801,0.6753085356834047,0.3272705362384802,5.847653356822487,-0.09741793803599845,0.17845808344199074,7.936783187337643,-0.43960276707987617,0.17231588290443625
163.1,0.7801272640781651,133.26220686896448,8.577647461973909,0.7019389511803829,0.32453534714196236,5.791729589769326,-0.16393247374129857,0.18002622314626796,8.011156105798248,-0.3813547157723932,0.1658849740767282
163.15,0.7774508239089222,133.30552289328676,8.506005712925065,0.7258292791138022,0.3197254858946141,5.747348513005414,-0.23719077496717758,0.185623425028216,8.100106964920693,-0.3262216313264461,0.15376899338248962
163.2,0.7745571467593988,133.34888109498218,8.432545537232311,0.7440330078524059,0.3117790720437504,5.717186431304924,-0.3136749820748298,0.18913271207938434,8.20486777522065,-0.2770778667922387,0.13852745839322592
163.25,0.7714916030324649,133.39227458723676,8.357736713101655,0.7559887815067062,0.30207474982080446,5.703536143998423,-0.38764212731718545,0.1857562288532708,8.325513072734973,-0.2342727353915438,0.12313200749253385
163.3,0.7683216682453435,133.43568818990718,8.282116832755069,0.7627864443500997,0.2932011319187003,5.708045538779875,-0.45242883892201935,0.17385034025891088,8.460765853785636,-0.1963799308385572,0.10974145022695289
163.35,0.7651321417158695,133.4791077363202,8.20597245023701,0.7657253950821351,0.28699543712787273,5.731054001049801,-0.5024257481110062,0.15534575625660632,8.607752192704613,-0.16170614393070223,0.09880975178389023
163.4,0.7620167036965013,133.52252782453462,8.129479883472799,0.7651232227325463,0.28315297396757416,5.771249402749938,-0.5346933271399954,0.1346933059749239,8.762273408410787,-0.1295630546938113,0.08952135609242434
163.45,0.7590698528933209,133.56595433394412,8.052416473517809,0.7598841386710972,0.279185699608032,5.825995490062306,-0.5495326007370652,0.11686214514518552,8.919836009969638,-0.1006169040918958,0.08132274756554175
163.5,0.7563832869754907,133.6094014269977,7.974024694683213,0.7480133443329707,0.2720361913838955,5.892116514116283,-0.549959811092701,0.1057029283641701,9.076367235018054,-0.07635543161397318,0.0747107132122301
163.55,0.754042935738327,133.65288508853635,7.893440061383411,0.7277563784031139,0.2599103904753363,5.9665864928345895,-0.5404658753806705,0.1030137085340696,9.228223965804325,-0.05807346666028005,0.07083773932226559
163.6,0.7521249471722042,133.6964156762451,7.810951724207994,0.6989304375648054,0.2442297825341578,6.046898748644453,-0.525526879770263,0.10802923949704037,9.372022501514431,-0.0457748511018853,0.07077929148377025
163.65,0.7506911724769931,133.7399936841335,7.72917107404454,0.6636520588354387,0.23049149628552965,6.130830214412298,-0.5085751766413766,0.11684033479376094,9.504677400856403,-0.03758722471481198,0.0747825671075808
163.7,0.7497847954551514,133.78361145959815,7.651566450912646,0.6257101924951688,0.22513571225559262,6.215742548489979,-0.4919436618088366,0.12294697740060939,9.623285474184563,-0.030241502537698025,0.08221518657320334
163.75,0.7494307013862844,133.8272586118484,7.580392948711199,0.5892162125388385,0.23139665012093405,6.298439111117314,-0.47746587911098193,0.12021413303172145,9.72489316033754,-0.02024294887267061,0.09171718834959793
163.8,0.7496399591303348,133.87092711063497,7.516307991163687,0.5575223062352818,0.24738486440148016,6.375512361629747,-0.46708490502687006,0.10635607322208035,9.80694310412332,-0.0048781437966061,0.10142739405034842
163.85,0.7504168760618699,133.91461394410194,7.458593830493499,0.5326375861875478,0.2668757628737868,6.443860562112942,-0.4630387782697459,0.084192572775054,9.868285264834142,0.017335188743969422,0.110076542217338
163.9,0.7517662670557379,133.95832090597452,7.406082174548661,0.5151795732203959,0.2827902798710363,6.501303193921097,-0.4675526478737072,0.06057104532101292,9.90939909571061,0.046580179529559874,0.11821240204653125
163.95,0.7536951803328762,134.0020525189776,7.358484956711297,0.5047174009467096,0.2906527699602516,6.547261232254112,-0.48226933554224855,0.04440749527154961,9.93143801861767,0.08181440805860238,0.12859097352077054
164.0,0.7562040383291118,134.0458138274556,7.316762848189405,0.5001477383559073,0.2897253766149553,6.582679573354259,-0.507749003075705,0.04340066408743773,9.935629637773124,0.1211825398697354,0.14492454462813756
164.05,0.7592699185683717,134.08960854203164,7.282700769203397,0.5000180373869403,0.2825907412324904,6.6094220403351,-0.5431550699006567,0.06033738292605569,9.923645048585426,0.16271310386079182,0.16921783109073604
164.1,0.762835365011605,134.1334377230064,7.258067177139862,0.5027820603443702,0.2735326587108569,6.630079324746768,-0.5861740710601392,0.09208981245814755,9.897640560054064,0.2046996292669586,0.20013786364025887
164.15,0.7668100647289654,134.17729921746007,7.243408974299058,0.506922012180214,0.2660726107174369,6.647926775324271,-0.6331929746235978,0.13124598207119736,9.860104540352696,0.2458318188942714,0.23376737165722491
164.2,0.7710832356015899,134.2211880698572,7.237266733107901,0.5109525610110278,0.26146617269506944,6.6666434028960015,-0.6797508608569569,0.16894905314559014,9.81382324372302,0.2852551308222491,0.26523349864204987
164.25,0.7755417230274809,134.26509819539748,7.236178366732514,0.5133136630266314,0.2586026062492012,6.690013505213503,-0.7212566145691389,0.1983530177294539,9.761978613187862,0.32253616294339704,0.28971056890016417
164.3,0.7800895673319295,134.30902472570358,7.23546714094062,0.5122454276072421,0.2550913298985121,6.721434638260587,-0.753787406915485,0.2168934352168193,9.708126329742303,0.3574538841859512,0.30355470842921234
164.35,0.7846619040496357,134.35296565302517,7.230948040157231,0.5058634315818952,0.2495554548614216,6.762704299468073,-0.7747609785669988,0.2256215316659967,9.65543708576445,0.38961039714951107,0.3059648687689632
164.4,0.7892245750290872,134.39692209292437,7.220507043806771,0.4924397863853329,0.24323901360547123,6.813103885535411,-0.7832764713233346,0.22694362948540062,9.605911903217072,0.41822548830525647,0.29927069527423944
164.45,0.793763270390051,134.44089696766002,7.204366315989081,0.4707803367768696,0.23936687553248784,6.870173835554526,-0.7799102004940923,0.2238289856105033,9.560068622686574,0.44230202835677823,0.287475768378141
164.5,0.7982695994766889,134.48489280607183,7.184140570670801,0.4405610404820302,0.24099657719682577,6.930986442263568,-0.7661934759428123,0.21969788831275863,9.517098150892037,0.4610416626231767,0.2747100039173471
164.55,0.8027258843454251,134.5289099536995,7.161188482074764,0.4024478682077289,0.24852140286762422,6.992965907818683,-0.7441097859921378,0.2170406622599474,9.475438290794559,0.47428529674892994,0.2643045007967789
164.6,0.807096280615221,134.57294531488319,7.135849790313516,0.3581293889737095,0.25874493073087196,7.054124345240312,-0.7156940438635958,0.21607249654639998,9.433806610211516,0.4828882575265356,0.25879472675753745
164.65,0.8113313040627785,134.61699197167363,7.108096243042223,0.3102708959944104,0.2668200293922148,7.112715955663464,-0.6828230894907725,0.2152239479119134,9.392371365498164,0.4888983960116463,0.260292557946037
164.7,0.8153763042343539,134.66104115225173,7.078290097066516,0.2620701152142042,0.26911247128464977,7.167212957805362,-0.6473357430466065,0.2126340199279085,9.352612757913509,0.49509337152315247,0.2694467761803362
164.75,0.8191782182337648,134.70508610968596,7.0473532916260595,0.21645545033661337,0.264820502550494,7.21665824339136,-0.6113849075858687,0.2074183524037959,9.315963235897721,0.5039706923046484,0.28395236803831037
164.8,0.8226914590954328,134.7491251769507,7.01643566406029,0.17537178503555986,0.2558447971912272,7.261384678558523,-0.5775986430213282,0.20047305849040678,9.282849247732003,0.5169093492614588,0.29889630002715195
164.85,0.8258793997182734,134.7931623723349,6.986346698926625,0.13946090698919655,0.24546755014560157,7.303131962544007,-0.5489029320681137,0.19369631472563525,9.252558722362972,0.5338783032199715,0.3086937700079259
164.9,0.8287148487359901,134.83720564308177,6.956864053723826,0.10818476771426931,0.23689962847573628,7.3437170975582955,-0.5281295866841806,0.18809802393197247,9.22378954408345,0.553734068550838,0.3093310758921525
164.95,0.8311823611922814,134.8812629357304,6.926132105413349,0.08038328422991345,0.2317779734354963,7.384298274771663,-0.517290760650768,0.18344763963415928,9.195582774249926,0.5750069599183715,0.3003444807641025
165.0,0.8332773234554999,134.92533770196428,6.890939111187392,0.05506127558276464,0.22917659665763104,7.426095980874814,-0.5167048145521129,0.17950950289399625,9.167876785960216,0.5967425184858701,0.2851215043246821
165.05,0.8350015338338256,134.9694266565909,6.848167497327688,0.031947059302267905,0.22660093230330602,7.471123025025536,-0.524561973607369,0.17670286987614267,9.141253412893771,0.618885400368359,0.26907950701567235
165.1,0.8363583946834496,135.01352139713458,6.795986117871176,0.011388804129053413,0.22197738532482256,7.522025714151429,-0.5373020390118326,0.17532278610593055,9.116226506279798,0.6419827084863345,0.25748191207481186
165.15,0.837350063209359,135.05761279585147,6.734121365339616,-0.0062776045837053575,0.21490158677346774,7.581581056685915,-0.5506043736141967,0.17491059032710746,9.092604832752642,0.6664403519423066,0.25382223910415663
165.2,0.8379767859617816,135.10169569479282,6.6639126289547574,-0.021412067217613413,0.20726285277224765,7.65237600749141,-0.560489382567876,0.17436368909599578,9.069371440123753,0.6918042130994786,0.25875235585822354
165.25,0.8382358740452135,135.14577183875468,6.58770571262967,-0.035492397923274153,0.20223722062803529,7.736527493518283,-0.5641405413737719,0.1721378158298787,9.044977374554957,0.716421309277305,0.2701454605774123
165.3,0.8381215986803986,135.18984963394874,6.507501592998686,-0.05102950681414079,0.20165779175699913,7.835251982174908,-0.5601978280278967,0.1667546654467284,9.017824897593222,0.7377056557490707,0.2841844087919189
165.35,0.8376299176062841,135.23394061343888,6.4244290941032345,-0.07086924170452163,0.20480097023582555,7.948779695330985,-0.5483885614446292,0.15749791900193658,8.986349529573824,0.7529054521903534,0.2964996781306063
165.4,0.8367634754287275,135.27805417996328,6.339893618385999,-0.09711736966762907,0.2089889066673506,8.076532965618876,-0.5287694706178644,0.14462824942387556,8.948699466853038,0.7600575355671965,0.303097031558938
165.45,0.8355357414652145,135.32219349034642,6.256906595080819,-0.13026797228744624,0.21037998789405218,8.217112166312129,-0.5011310430161501,0.1289880660026677,8.90293575120583,0.7587469129715181,0.3017013398522831
165.5,0.8339791004335949,135.36635489759604,6.179299469794915,-0.16911401427309292,0.20510480873608877,8.368321500541004,-0.4649474499725229,0.1119047769063613,8.847884920294186,0.7502696569276184,0.29287815311053067
165.55,0.8321507602490813,135.41053077778736,6.1103527673708085,-0.21135653737547258,0.19116322492200807,8.527588327470307,-0.41979370749241934,0.09541743294981148,8.784114984325013,0.737159466887771,0.2800446232326075
165.6,0.8301284963037245,135.45471395624935,6.052717497475776,-0.25445660946496007,0.16976574419673285,8.692381424810081,-0.36599396795839534,0.0821917461967988,8.714022724799541,0.7222947538821416,0.26845986202084093
165.65,0.8279958504456195,135.4989023468463,6.008767108047205,-0.2964826394203764,0.14482108737482877,8.860222414055494,-0.3052814116482755,0.07485392448956027,8.640487134356285,0.7078174569976734,0.2626967566707355
165.7,0.8258254355208327,135.54310199663172,5.980171072271605,-0.33671723526077646,0.12083725739639362,9.028471414366003,-0.2410755780790418,0.07467545996768198,8.5654088287014,0.6943462279215082,0.26406445322244027
165.75,0.8236728745912135,135.58732578347616,5.967232682021911,-0.3755769638842042,0.10119710068445921,9.194074081931667,-0.17800209024337513,0.08070114178486422,8.488812086514338,0.6810166173242475,0.2706053103422572
165.8,0.8215800212489873,135.6315872371853,5.969004725380331,-0.41370905584048984,0.08763389550517377,9.353705069799561,-0.1206478329963321,0.09069427503388443,8.408801195264623,0.6664697805640776,0.27892680512826595
165.85,0.819577876521954,135.67589317269778,5.983651133856198,-0.4508755584429653,0.07989581553110732,9.504045588513558,-0.07219730782301366,0.10291977815252491,8.323321585987838,0.6502555837883705,0.285971128641762
165.9,0.8176890990099902,135.72024046302386,6.008764584898833,-0.4854890949696522,0.07574109728548896,9.641617661983762,-0.033797468535965484,0.11641569679284475,8.23195503806754,0.6335208263054637,0.2903371794572013
165.95,0.8159300606001308,135.76461809541655,6.042334808318646,-0.5149826403712062,0.0723236242730665,9.762216802493734,-0.004875471603475375,0.12985397251491193,8.136080779247447,0.618613546359342,0.2924822254151391
166.0,0.8143122276592257,135.80901213197876,6.0837512049935185,-0.5366682833146357,0.06775201194593285,9.861034478844699,0.01609746307925325,0.14132519160770898,8.038319425366597,0.6081597050823512,0.2939440546822911
166.05,0.8128453737360593,135.8534117742255,6.133597212486032,-0.5488274194292637,0.06164457029576877,9.934090217103819,0.030867832444583673,0.14973988490407084,7.941832051972578,0.6039755727605378,0.295948638382385
166.1,0.811539795009383,135.89781442204574,6.192291449636256,-0.5516735739266553,0.05493558384848205,9.979513944089309,0.04078721090537625,0.1558527088428864,7.8494178407033015,0.6060913432267794,0.298044808443387
166.15,0.8104055676232587,135.94222631574075,6.258919261019245,-0.5475316862714191,0.049172095387848114,9.998236880210365,0.046768405765360496,0.16222414987461975,7.763083326238159,0.6125732419428535,0.29851769573969433
166.2,0.8094506539088843,135.9866589682825,6.3309575410272885,-0.5401640479856382,0.04576894911757058,9.993736200300793,0.04968909410609538,0.1721298967150144,7.684360569819598,0.6202061891250463,0.29632737675978144
166.25,0.8086771870704793,136.03112472935243,6.404666593895082,-0.5337683879054832,0.04550477055485041,9.970512588326804,0.05068366964846265,0.18702150239506793,7.6144898412107676,0.625420121014261,0.2920672634199372
166.3,0.8080762141450152,136.07563203420764,6.47612790955387,-0.5318346748628028,0.04835009942849572,9.933031627609365,0.05152910401522906,0.20499491727970742,7.55370048151172,0.6252401834861607,0.2868454857339475
166.35,0.8076281114714094,136.12018101392513,6.5427584780955765,-0.5360813635617476,0.0536474119984985,9.88569165711881,0.05508010725662559,0.22228482484088044,7.500528352752404,0.6181363646951203,0.28109870236177464
166.4,0.8073098137130549,136.16476209993687,6.60411936317128,-0.5460514692177251,0.060729444588288516,9.83304664871022,0.06522258427803987,0.23615714702960625,7.45211668788582,0.6043889742326505,0.2746767194070195
166.45,0.8071014174030569,136.20935981640073,6.661092852972331,-0.5597537966849169,0.06926632656316836,9.779836815939031,0.08598458682637994,0.2461243943326017,7.405530757512951,0.5856253712332528,0.2679688457492181
166.5,0.8069866775294008,136.25396023010168,6.7145358196836895,-0.5749708031474726,0.07871602632278245,9.730478974475343,0.12006131739814078,0.2532350217263259,7.359148857592944,0.5637154320144381,0.2627389919073541
166.55,0.806947789613703,136.29855780582736,6.764357722717972,-0.590496468409573,0.0878091823106761,9.688251938597848,0.1675209839647214,0.25860625300433504,7.312607888778047,0.5396280574330475,0.26113439169447467
166.6,0.8069613075634415,136.3431577845579,6.809435060791025,-0.6066148010130047,0.09512176687436676,9.654978288661043,0.22550124776533592,0.2619099222830424,7.265749195499107,0.512933462005971,0.2641340227365808
166.65,0.8070004488847788,136.3877725138194,6.848583188153524,-0.6244926061543052,0.10008714693139385,9.631553219007788,0.28917536542352146,0.26147736051117104,7.2179876973155155,0.48231849353668776,0.2710647844695097
166.7,0.80704067057761,136.43241406615397,6.881696728336177,-0.6449458494145638,0.10326781082633639,9.61827434834875,0.3532955561564815,0.2560871134131975,7.168668775499535,0.4467836733362844,0.2800214674754215
166.75,0.807063179751753,136.47708779407023,6.909663566668042,-0.6674811111025419,0.10584381155781464,9.61459517635297,0.4134846105015726,0.24588597697322148,7.117834123010419,0.40669788345297436,0.28871610004311576
166.8,0.8070551119756019,136.52179008095757,6.933448759886119,-0.6900990613308523,0.10869908190812691,9.61843054562136,0.46678354235592834,0.2314236048882003,7.066581924822978,0.3641019397515825,0.2953709260959618
166.85,0.8070104178801564,136.56650994109583,6.953612673411647,-0.7097299712559749,0.11201302631132351,9.625781279735218,0.5115922172680332,0.2132410693730749,7.016845190931888,0.3222969910107588,0.29892379547606607
166.9,0.806932366369348,136.6112327287979,6.970749188803868,-0.7229924127631309,0.11578571343125499,9.631545198904881,0.547402304827302,0.19335182412148566,6.970599372034484,0.2849811249532114,0.29861586905005677
166.95,0.8068348130455808,136.65594497568617,6.987098208102489,-0.7270252250542449,0.12145405855194698,9.630978717355754,0.5743860522259678,0.17639887035119486,6.928872862800996,0.2551542320557359,0.2936849483440173
167.0,0.8067373195759895,136.70063931498976,7.006908071600998,-0.7203789303796261,0.13191995499844944,9.621259683725055,0.5929230566423833,0.16926283305338316,6.891454300116841,0.23413084638309598,0.2834181399773765
167.05,0.8066502514807277,136.74531804062553,7.034102690167517,-0.7038212540721358,0.1482107764920575,9.601965565437158,0.6031235055534124,0.17822758638588151,6.857708577401543,0.22099441146109944,0.2677783886622442
167.1,0.8065616252459308,136.789992586684,7.070770078930997,-0.6803165240972119,0.16775984646871794,9.573902665092826,0.6047134752227786,0.2042239676108803,6.828206935119753,0.21287529328168212,0.24888933490024273
167.15,0.8064372601939263,136.8346780890115,7.117497102587486,-0.6539427299169552,0.18559854242795415,9.537927508027138,0.5976368354016995,0.2409358354947448,6.805498163904044,0.20603714235176418,0.23144892687886076
167.2,0.8062302996875156,136.87938603213706,7.17418371657899,-0.6283764977944194,0.19648551853324722,9.494823055890434,0.5830338775277599,0.2775798507054176,6.7925652078615,0.19716460012034695,0.2197442303898716
167.25,0.8058990197577163,136.92411862905857,7.240598713546099,-0.6057167844331884,0.19749734760878246,9.445770707317992,0.5639601467556353,0.3039853609649847,6.790628583613154,0.18431435962284007,0.2143423248339943
167.3,0.8054278966778862,136.96886754360494,7.3163353155888435,-0.5861419273520989,0.1894522878300808,9.393101668685693,0.5453852353697752,0.3152866770371282,6.797678780892898,0.1671683780737825,0.2117848697722703
167.35,0.8048372576627287,137.01361792853254,7.4008822569575266,-0.5684608820225765,0.17663072788026338,9.340589708890018,0.5332302479949832,0.31355217804174185,6.808436726038858,0.14651916603666099,0.2059309433192209
167.4,0.8041786735263425,137.0583557287162,7.49405422265495,-0.5512016237872366,0.1652216401759198,9.292480190067847,0.5326538952862192,0.3055516490495982,6.816853718909637,0.12334633607142237,0.19150768492512704
167.45,0.8035216336744081,137.10307501283089,7.596050633298792,-0.5337545952601026,0.16052611627167984,9.25172356187603,0.5462457409471185,0.29863385724991737,6.818902847364845,0.09782050535986034,0.16860782650446918
167.5,0.802934633319097,137.14778210916347,7.707035555296047,-0.5170367438844032,0.16459294293900822,9.218782358040059,0.5730288135057942,0.29670293676811005,6.81276874666315,0.06868957630080544,0.14304704609337568
167.55,0.8024688588189208,137.19249313970857,7.826657144415506,-0.5030829924081198,0.17535531735551374,9.192165649081023,0.6090604741867567,0.29887279260275645,6.797953751932791,0.03372243248270719,0.12280230961695168
167.6,0.8021520849382846,137.23722559585158,7.953806080018952,-0.49366411703883173,0.18744887722548184,9.16971560759435,0.6492519808527105,0.30165064317238466,6.774717365795243,-0.00889784034468546,0.11361301577334018
167.65,0.8019943301502441,137.28198924784158,8.086980642162526,-0.4888288875730677,0.1952689967116388,9.149434680782349,0.6892335695874521,0.3018388028183674,6.74346632997784,-0.059164409637881714,0.1161016079294025
167.7,0.8020005079148171,137.32678162387222,8.225175447468626,-0.48622642965482005,0.19614229832897967,9.129617591434622,0.7263537401324922,0.2980152493034704,6.704815966410494,-0.11463754838870949,0.12636756786714406
167.75,0.8021800036631551,137.3715901144028,8.368209788167619,-0.481636070164721,0.1908354160295374,9.108463178300433,0.7594886321096986,0.2907386141724158,6.660542085615673,-0.17092888188517122,0.1390108276442545
167.8,0.8025487570319282,137.4163996077388,8.515905973807635,-0.4705831521288526,0.18148314690629158,9.083712746389258,0.7879946575659056,0.28205932370660614,6.61423633119045,-0.22311347115000738,0.14952612742063826
167.85,0.8031288815172511,137.46120123321353,8.667155435416584,-0.45014570635474144,0.16983762323588011,9.05250361983738,0.8105816864592692,0.27469754161483406,6.570520782588604,-0.2674257401222261,0.15490403279621254
167.9,0.8039478785254659,137.50599695104253,8.819995509935191,-0.4198700634379154,0.1576076078885065,9.011147095330973,0.8248503090454969,0.27049994556153545,6.533715826174797,-0.3023364919966138,0.1538929489297571
167.95,0.805033718388343,137.55079824429575,8.972093336359356,-0.38155502707557487,0.14707428592793215,8.955142796711735,0.8277383234735298,0.2689036059457303,6.507199177508101,-0.32854512005985775,0.14693990116693878
168.0,0.8064100427637159,137.59562047433872,9.120999577315086,-0.33826813201795564,0.14062516148947007,8.880266710442788,0.8166614674941158,0.2674802645283622,6.493320833577475,-0.34810191921262096,0.1355398393153524
168.05,0.8080962370686053,137.6404758943826,9.264501368787155,-0.293053465516761,0.1399939945778196,8.78392993115663,0.7907834442376519,0.26392149037870527,6.493045926132405,-0.36326901234955156,0.12181962545221409
168.1,0.8101065280337716,137.6853681124487,9.400718595317262,-0.24787852299820945,0.14568693869564775,8.666533204525223,0.7519661597466921,0.25751554978522223,6.505318006959814,-0.3756183205520643,0.10850591968652239
168.15,0.812445038038474,137.7302900506906,9.528037964987737,-0.20317895924979804,0.15670581505439538,8.533060864896498,0.7050581022597063,0.2505529853587588,6.52736338958891,-0.3855956735367275,0.09852426034516579
168.2,0.8150999832722091,137.7752277801589,9.645012577637035,-0.1583672465035268,0.1708759656234848,8.391722470609597,0.6567549745570422,0.2474549966185751,6.556256784587894,-0.3928768956297469,0.09432168775664897
168.25,0.8180378588481471,137.82016900955497,9.749915424692468,-0.11311584028270844,0.18525218291422582,8.250066920186356,0.6133578499525892,0.25056572153788104,6.590322978388555,-0.3974408702250377,0.09740033287040703
168.3,0.8212024530558062,137.8651097740888,9.840461209717152,-0.06834872077536765,0.19681611261155213,8.113398759061395,0.5790931016556259,0.2584650770494181,6.629109855271003,-0.40045701566089287,0.10717395611065994
168.35,0.8245224524983829,137.91005553020065,9.914351635964552,-0.026259115528009056,0.20394225594196053,7.9854483996448975,0.5556602943969529,0.26815428280781434,6.672222256461096,-0.40436731730602415,0.11950543490200312
168.4,0.8279253061620556,137.95501772045085,9.970022397247469,0.010457363598665162,0.20732236600317422,7.8689156564119545,0.5426431324591507,0.27724525478193013,6.718192862606443,-0.41226964381184306,0.12744612013831447
168.45,0.8313519790291265,138.00000805084335,10.006658903328791,0.03964457222000634,0.20916592435796014,7.765503712381625,0.5384143674885898,0.28423392222716054,6.764953699143009,-0.42687756591526327,0.12552279835324742
168.5,0.834765709434782,138.04503312161705,10.023446837543606,0.06049801310816697,0.21100352094147817,7.676116900061926,0.5411056370152134,0.2886689498011767,6.811352771292459,-0.4494699329313231,0.11378131493784653
168.55,0.8381502527884522,138.0900915079484,10.019205510772332,0.0739564856693967,0.21229609809083888,7.6013992717080185,0.5492317738495831,0.2921237989558156,6.857425196143604,-0.47933150270565184,0.09745819698512259
168.6,0.8414985391463372,138.13517432363523,9.993248623278719,0.08264120061693155,0.21152563457929976,7.541642739965075,0.5617348707371501,0.29757575827882654,6.9033170084580044,-0.513951704499438,0.08323347770238658
168.65,0.8447955429941962,138.18026959961747,9.946485016475267,0.09015482425289587,0.20757502462698246,7.495845287279416,0.5774242549829842,0.30664346764182715,6.948190432136213,-0.5499302062171985,0.07475411286024232
168.7,0.8480106197471003,138.22536659665627,9.88398214479528,0.10048814360758952,0.20254386833910393,7.4614095323231835,0.5945116883488115,0.31783602040040226,6.990546646867262,-0.5838593173271226,0.07092249778829778
168.75,0.8511033499987155,138.27045910792097,9.816064575187168,0.11731854671674813,0.2032831245829812,7.434700312242606,0.6103999992855949,0.32704252589420824,7.0296119141520474,-0.6130198956386618,0.06829897891414384
168.8,0.8540270089769646,138.31554983651498,9.753439442933804,0.1423875475077174,0.2152556028211535,7.412053285004627,0.621399133825327,0.32960017332387764,7.065962557223619,-0.6362297804537327,0.06434695763777981
168.85,0.8567329597503235,138.36065063246295,9.703275569963752,0.17478721271381548,0.23735110482005214,7.390797423020404,0.6230963575796913,0.3229082124579589,7.1010471222564755,-0.6540524516116667,0.059188990933261285
168.9,0.8591796297249241,138.4057768275026,9.66876597614263,0.21186890699032565,0.2626637114648848,7.369313011324488,0.6115337339263095,0.3074265149895,7.135874271039761,-0.668085820764161,0.055468662866395846
168.95,0.8613396901960336,138.4509396756943,9.649735455599906,0.25075839564861374,0.2819942034402644,7.346498556462888,0.5845611201505712,0.2860380988236391,7.169866233901453,-0.6798200138108099,0.056223291343542765
169.0,0.8632031303439149,138.4961399987726,9.644764404837257,0.28983233645505563,0.28880087560692586,7.321544460009213,0.542866888752569,0.26298954619988774,7.2016936427135185,-0.6894675345378836,0.06276655721853906
169.05,0.8647753575645073,138.5413667308167,9.652822388124008,0.3292658761989449,0.28219975631376415,7.293962855857016,0.4900748147359918,0.24237691177281429,7.231470522522086,-0.6955092870028845,0.07459580481403354
169.1,0.8660701262679522,138.58660259617798,9.672242666729565,0.37006052069765855,0.26503306822576517,7.263552329541434,0.4315844108978033,0.22656830334575354,7.261218186103243,-0.6955877306669354,0.09049377297424126
169.15,0.8671019708939135,138.63183348436917,9.698586538209387,0.4122980557176126,0.24010246605813515,7.230198297725695,0.3727400181535667,0.21566547456186697,7.293347683190612,-0.6881778458764546,0.10868754171548346
169.2,0.8678877738566771,138.67705441810077,9.724842386544713,0.4542636685745469,0.21030706175317904,7.193602784129675,0.31748664131786763,0.208229176550244,7.32946261568073,-0.6736631656441151,0.12681841620496095
169.25,0.8684507788669663,138.7222695437958,9.743576401708278,0.4929016389397766,0.1803476511221054,7.153059534524592,0.2680025280105222,0.20228224858543048,7.370401339616103,-0.6542687623099795,0.14282653581927432
169.3,0.8688200721540437,138.76748784667427,9.749247066300393,0.5250395572504486,0.15727895103982026,7.107664673475092,0.22512526772468158,0.19616904681902972,7.416812677536298,-0.6331797813892959,0.15578324433758006
169.35,0.8690240498848305,138.81271730009118,9.740176878439803,0.5487668417075959,0.1499107916010316,7.057127078012133,0.1891559459914049,0.18934841473085656,7.469171475441326,-0.6134296723659426,0.1657977745865959
169.4,0.8690741482306713,138.85796122306854,9.718498000530746,0.5641144816778773,0.16454344653032293,7.002988843229714,0.16043108441862833,0.18296182078547182,7.52744629255134,-0.5971497021406997,0.17332619256459283
169.45,0.8689508255512117,138.90321811634496,9.688116332104807,0.572779748698403,0.19999665185366944,6.949251888175592,0.1393607579820553,0.1799862846142392,7.591056664790768,-0.5853714057555806,0.17879751004970004
169.5,0.8686032554819068,138.94848385363656,9.652947531923397,0.5773552871117233,0.2472382677175765,6.9010306308424445,0.12602007990312766,0.18342621788498806,7.658965384873828,-0.5782630884654136,0.18262015861879774
169.55,0.8679605456886531,138.99375469380163,9.616226383476134,0.5804957059188681,0.2930253548387723,6.8623127263353805,0.11961997290293168,0.19333703603385194,7.729990573962263,-0.5755000724203948,0.18506335500734067
169.6,0.8669519595901904,139.03902896971474,9.580358382010955,0.5843444206686991,0.3250847632613447,6.835190887253024,0.11832098517806064,0.20632505393821052,7.803274721195153,-0.5764433798033205,0.18632410426999446
169.65,0.8655298497449084,139.08430701464238,9.546977978767215,0.5903311262832969,0.33684870347200635,6.819934868392748,0.11943429170891941,0.21706361511554179,7.878356241190087,-0.5801676466178778,0.18704176253575264
169.7,0.8636841350833583,139.129590314881,9.51686698900371,0.5992091312691652,0.3293124813149004,6.815007272830457,0.11980873798670295,0.22000908191694374,7.95525283089099,-0.5854002358615867,0.18855629763009077
169.75,0.861444045871585,139.17488057871174,9.489710256650602,0.6111870201494591,0.3092420793560433,6.817960287095899,0.11631020867250445,0.21191319113429097,8.034836758781083,-0.5904417128222931,0.19231571883905332
169.8,0.8588686620836522,139.2201792730312,9.464057556239641,0.6260388209733011,0.2857259433186527,6.826459601166607,0.10623372748902356,0.19357929764813336,8.119057445441934,-0.5932285320404386,0.19851531801514954
169.85,0.8560323916670965,139.26548745342018,9.437855674007963,0.6432335236691552,0.2670357597459588,6.8383005399686585,0.0875768781029376,0.16947209478663688,8.210662004111317,-0.5915530089372109,0.20538744482077514
169.9,0.8530108387289851,139.31080561074216,9.409196861694596,0.6620803981629606,0.258336481116799,6.851252994234218,0.05924083728546765,0.14587197801884222,8.312385447535112,-0.5834022299562815,0.2100152407271087
169.95,0.8498694015384608,139.35613364533796,9.37663510873596,0.6817949475188788,0.2606770281847344,6.863373923540412,0.021162523188134573,0.12823764635697088,8.426147467947452,-0.5672950601691066,0.2098747685349973
170.0,0.8466602672614174,139.40147111571164,9.339232652769885,0.7015048961991028,0.2716684895575049,6.873204635350414,-0.02570779302149791,0.11929124302064388,8.552546310029157,-0.5425355361398118,0.20424828099510303
170.05,0.8434271325882026,139.44681752000338,9.296569441391709,0.7202955569520418,0.28696192131712395,6.880474273553362,-0.07950824724997468,0.11937200074994851,8.690371067574958,-0.5093964413039521,0.19484580383875427
170.1,0.8402084784230835,139.4921724591206,9.248649801972169,0.737284065834412,0.3016923340582406,6.887554664755649,-0.13753839092803005,0.12727214314693122,8.836290584451932,-0.4691873002700423,0.18547744772122224
170.15,0.8370367686321413,139.53753623620722,9.195921999161577,0.7516131669704876,0.31199325395036115,6.899358368275858,-0.19653011302554454,0.13948874319290494,8.985468360284969,-0.42410523648521753,0.18050734245450878
170.2,0.833941839705485,139.58291073413554,9.13897020540429,0.7622939007618768,0.31615766520875377,6.92142290689043,-0.2532079994224068,0.15075809399524698,9.132804644975463,-0.3768749677432203,0.18247237002499797
170.25,0.830954978152332,139.62829999605512,9.077435927319282,0.7679748518611719,0.3142038406453703,6.957745707356787,-0.30486197342400856,0.155143459532788,9.27384288271934,-0.3303609294244792,0.19055606050489704
170.3,0.8281130977983281,139.67370911768853,9.009481889549749,0.7671687293280014,0.3068168186390629,7.008571391262976,-0.3496129342477216,0.14637430242938934,9.405245871654978,-0.2870914564296379,0.2012429811477883
170.35,0.8254728496291609,139.7191408571576,8.932536579711247,0.7590624141080239,0.29573689744235054,7.070312634094525,-0.3861711125720406,0.12144866674454248,9.525198689607137,-0.2485650775303749,0.21042771942312233
170.4,0.8231207448582857,139.76459293149276,8.844336077794232,0.7441491877369636,0.28392781061863387,7.138125129696765,-0.41342997253646274,0.0848809240043344,9.633672086619589,-0.21478837154053101,0.21597614028453585
170.45,0.8211630735903992,139.81005853564454,8.745082409144848,0.7244067818429024,0.275271155834435,7.208332228061673,-0.43043246687509235,0.04810640092991819,9.732143664827866,-0.1844349153676977,0.21894882251753808
170.5,0.8196996866428023,139.8555306432069,8.638746661113212,0.7026796417898765,0.2738265668796263,7.2793705715518096,-0.43692890267349194,0.02478977495825154,9.82312019324157,-0.15559908351384397,0.22223462684479725
170.55,0.818793117761218,139.90100869504397,8.53052916021154,0.6810969242971341,0.2810991188871111,7.351006832604774,-0.4343221444855804,0.024244666017180835,9.909725611235336,-0.12693999248871674,0.22840385165405913
170.6,0.8184491589334951,139.9465020059318,8.424698444894842,0.6600783504668585,0.2947197187712887,7.42259901491951,-0.42613093232059823,0.046730194224821844,9.994569292058006,-0.09847311375478132,0.23773159459670878
170.65,0.818621311986887,139.99202692124794,8.32373293567895,0.6386382289866548,0.3093349736969909,7.492025894540024,-0.4174169418817549,0.0840030348354301,10.078272542957665,-0.07144184378124414,0.24703044011772382
170.7,0.8192393615381302,140.0375991450227,8.22734973853384,0.6155077892764675,0.31874604014956043,7.556074649912794,-0.41326302856384706,0.1234911490870387,10.1593308729583,-0.04726465524514325,0.25168186669678805
170.75,0.8202475269627537,140.0832250585871,8.133653033244157,0.5905993913579369,0.31951121153799966,7.611977167892078,-0.41699316230485023,0.15396949378046854,10.234333039857836,-0.026321667000737587,0.24920987623691368
170.8,0.8216263199925559,140.1288979344679,8.041466556460218,0.5658120589620604,0.31272185927529805,7.658640410998837,-0.4292510482446255,0.17022934803577908,10.297537127156941,-0.0075218680435220255,0.23979106316167045
170.85,0.823390409080854,140.17460023054224,7.951939753646385,0.5447076011487992,0.3043082759358763,7.696503892203875,-0.4482356074609837,0.17370292446751215,10.341782032748437,0.011503504131182654,0.22495662460988686
170.9,0.8255707542637405,140.2203106607625,7.868293295627428,0.5311651467411731,0.30281206408062683,7.726548625373637,-0.47088386072542643,0.16956997268922377,10.361049832571743,0.033677958405167026,0.2080728703535444
170.95,0.8281850023160402,140.2660148268885,7.7931503161519995,0.5272791573322652,0.3129339568123475,7.749328255275965,-0.4947033627788404,0.16308946611644878,10.35206925624806,0.06098837730000985,0.19375494464301282
171.0,0.8312148599961302,140.31171189499307,7.727017408751362,0.5320856165626232,0.33157975221047986,7.764817961943322,-0.518951768811813,0.15748491198047185,10.316129483877418,0.0936554270835431,0.1866344147421145
171.05,0.8346047858054252,140.35741304896126,7.669105139361215,0.5419606073266827,0.3498078522348544,7.7732148842462925,-0.5444034317833552,0.15392755251816614,10.260118346222727,0.13049255271576174,0.1913586302328405
171.1,0.8382726776759989,140.40313598654583,7.618419875867063,0.5518303698800535,0.35791218310639883,7.775774106658908,-0.5724153481260795,0.1525772478852418,10.192902291413569,0.16924579192336411,0.20962850282682938
171.15,0.8421242648898152,140.4488973394548,7.574161942816505,0.5567192545269369,0.3501658269075445,7.7752077623932765,-0.6036959736563542,0.15366429798883877,10.121670342239504,0.2073197634803164,0.2372322058867748
171.2,0.8460697431240393,140.49470499245376,7.535412182165522,0.5532499667205336,0.3265048141872038,7.775001157549006,-0.637224097315981,0.1575726388112327,10.05191365629364,0.24312179585910895,0.26602178853524916
171.25,0.8500364293961509,140.54055443751923,7.501227317382669,0.5404769161917005,0.2917950808959307,7.777915913960917,-0.6699991354499801,0.16402061040002688,9.98883952323518,0.2770311848266019,0.28804479134794375
171.3,0.8539753669109874,140.58643130635537,7.471173492981663,0.5196486394631041,0.25456163962327516,7.785177339534434,-0.6977915206280617,0.171978307574457,9.937529353339263,0.3110719591565757,0.2982581323252158
171.35,0.8578608175147127,140.63231882209615,7.444525379424389,0.49296582218617235,0.2242579397033211,7.7966901132672914,-0.7165666636534728,0.18034202016017434,9.901682065638761,0.3474078083982712,0.2957496642446584
171.4,0.8616786602785139,140.6782062886011,7.418665396862343,0.46208525101612763,0.2068440479201732,7.811802444786749,-0.7239574952097606,0.1885186487749468,9.88253141318777,0.3867117283724051,0.28296891201216745
171.45,0.8654136720120804,140.72409384475546,7.389076329792401,0.42735018029993826,0.20237608238914803,7.829918106776752,-0.7200766603381537,0.1967775995532826,9.878376952575644,0.42732126453937874,0.2635488314762194
171.5,0.8690453012619549,140.76999025006666,7.3512153389117705,0.38820867353396793,0.2068953220298249,7.850398712214633,-0.7072007600092212,0.2060687252361647,9.885100025072699,0.4658040495360508,0.241271901891724
171.55,0.8725478212673269,140.81590590498178,7.302694611947384,0.3443554068602227,0.21582925190030766,7.872118289474002,-0.6886568921137662,0.21743879671751518,9.897415653936614,0.498529405653931,0.22005261556605593
171.6,0.8758884890073003,140.8618459483236,7.244230201429719,0.29678266897516636,0.22524042674713907,7.893469887242624,-0.6675779387992838,0.23156768817808304,9.910275573505565,0.5232326731787434,0.20378478179222118
171.65,0.8790242656930333,140.90780628283366,7.178815900142217,0.24820351019520867,0.2314534453279578,7.9128292366456,-0.6459599950547785,0.24844384999629926,9.920510378616285,0.5400204345426638,0.19623962355212185
171.7,0.8819013283947413,140.95377445292854,7.110231136343942,0.20255156441310387,0.23176308972448514,7.928737760961191,-0.6245223517722991,0.26715800813545726,9.927991636543377,0.5513817128725466,0.20032416701778438
171.75,0.8844570805000183,140.99973526590855,7.042477184295792,0.163749500455898,0.2259893115590061,7.940397651863142,-0.6033629231621733,0.28642806482808175,9.935202649378358,0.5610870802197464,0.21621405225869164
171.8,0.8866192669046928,141.04567808077593,6.979584754128847,0.13432103337296852,0.216436786233609,7.950225536673068,-0.5826447814369843,0.30438406842764154,9.945457942359665,0.5725369765039992,0.24023796023992297
171.85,0.8883068872495432,141.0916028439458,6.924761842792541,0.11431082724272465,0.20574617938384301,7.9651711780535805,-0.5631759012395458,0.31699909750214317,9.960948838062475,0.5872789593216465,0.2655203985178965
171.9,0.8894490945692555,141.13752153480272,6.879670133834544,0.10108777203833184,0.1951841927468627,7.993140608639406,-0.5469110323494786,0.3192705397320194,9.981885899303924,0.6044906365499192,0.2843529972375086
171.95,0.8900106804187057,141.1834524188244,6.844615599522715,0.09043432087753663,0.18506310220585112,8.039875461083273,-0.5363919893846905,0.30854767796312466,10.00709073374792,0.6219160686669991,0.2916573016705956
172.0,0.8900052335695322,141.22941093487225,6.819313665696362,0.0782635332288136,0.17598496030191815,8.108263524684565,-0.5333423235679626,0.28583182546065294,10.034800272719103,0.6374718999002272,0.2871285537235926
172.05,0.8894930222291362,141.27540295587337,6.803302620890894,0.06197763654883435,0.1689132726632797,8.198074411992973,-0.5375976271582369,0.2553936615317691,10.062670585491036,0.6503915219551306,0.27469042257030396
172.1,0.8885665743609635,141.32142276287868,6.795978671913594,0.041011832455898435,0.16455827990059563,8.306696220581689,-0.5468045607570404,0.22413982442224195,10.087238746007955,0.6615129130183441,0.2599255604867223
172.15,0.8873273508069363,141.36745587560637,6.796832885301715,0.016531277711337524,0.16285017342122474,8.430340491250062,-0.5569248316833068,0.1993957761834316,10.104024755723351,0.6728293500896596,0.24753255032573498
172.2,0.8858646814856904,141.4134855442639,6.805783143992104,-0.00953772992711508,0.16256276585885238,8.56435020875215,-0.5634532361189872,0.18544197649688793,10.108692994109827,0.6865223026907252,0.2407157973624817
172.25,0.8842477495107215,141.45949989940212,6.82322151808116,-0.03571365718477873,0.1620811670377452,8.703267452317325,-0.5628046098531203,0.18213746425533295,10.098227724877441,0.7038666951801265,0.24156570588033416
172.3,0.8825270388358593,141.50549661317896,6.84989350036029,-0.061786716475502934,0.16044257717342109,8.841760665456698,-0.5532002486115398,0.18650153541760228,10.071364728788602,0.7245038641124844,0.2509269922414521
172.35,0.8807392186554602,141.55148336452504,6.8867275123017,-0.08888646431930436,0.15764550739440977,8.975629612366177,-0.5348193989461154,0.1952869891048944,10.028341083115615,0.746376371244338,0.2681364653098576
172.4,0.8789119344766606,141.5974742538671,6.934689560121622,-0.11883086169747469,0.15419162407956377,9.102311219206689,-0.5092751808369671,0.20708610810989483,9.970376179712824,0.766349176188622,0.29096684802453865
172.45,0.8770648640251888,141.6434840635689,6.9946207487323155,-0.15316202360829959,0.15045005007561996,9.221078195288397,-0.47863199846019056,0.2221690860478959,9.899501953189107,0.7812815031650115,0.3159086026735762
172.5,0.8752098343252738,141.68952306240624,7.067016042345812,-0.19233821169353127,0.14675849471338065,9.33256323086322,-0.4444596869683552,0.23978296607907135,9.818295091903433,0.7889926866223261,0.33905336752750187
172.55,0.8733534591740065,141.73559471962787,7.1509991517644975,-0.23545921811121465,0.14236728658847747,9.437944814944355,-0.4074274410193158,0.2565924292339738,9.728719030449957,0.7886261677770694,0.35659121901920343
172.6,0.8715065613872255,141.78169571212135,7.243022796557558,-0.28046929514237295,0.13472114129556897,9.538664832251575,-0.3673022206144266,0.26796218415846246,9.631572647401786,0.7806865878872794,0.3656270438053727
172.65,0.8697020483919365,141.8278172199817,7.338061929105798,-0.32451860328051296,0.12279110742494757,9.636497564240697,-0.32314779284553796,0.27013509016707626,9.527324515638954,0.7669564081158577,0.36607226702416845
172.7,0.8680021418540808,141.87394877200416,7.432192958370531,-0.364585521451845,0.1097804305354219,9.733292951513848,-0.2739904614947979,0.26185590628888994,9.417158586579601,0.7499693937887583,0.3609154195798851
172.75,0.8664869462784206,141.92008414870955,7.523439719574384,-0.39844812343427677,0.10147001494141045,9.8304113360503,-0.2198447828768472,0.24464009580875867,9.3037291724462,0.7320760635824504,0.35472488306724664
172.8,0.865234813923233,141.96622651172967,7.610900574778764,-0.42560320968408494,0.10246389738368543,9.928548832029577,-0.16249360464837412,0.2216881143270496,9.190441096832961,0.7143826811528177,0.3516008777371154
172.85,0.8643061666267082,142.01238924326955,7.693742416191944,-0.447488243637182,0.11336260131649431,10.02802481138521,-0.10548790952583773,0.19708751437226815,9.079725770729098,0.6962627510968551,0.35303662493584836
172.9,0.863739285981596,142.05859057072985,7.771050494434653,-0.4666391555839635,0.13073641790627846,10.12896416299027,-0.05318489114795151,0.17590877112362233,8.97252567580894,0.6761057703507192,0.35752862913729117
172.95,0.8635545245894822,142.10484505977118,7.842304707899166,-0.4852633218619289,0.14918578994016074,10.230668644965741,-0.009344688029596093,0.1632966369937025,8.8687047322732,0.6527724164821916,0.36189671644783183
173.0,0.8637616881059073,142.15115708646093,7.907735189345425,-0.5041136879493525,0.16390790945461678,10.330257960929305,0.02391718959708852,0.1622993280795685,8.767624359883985,0.6267389799154301,0.36297606138509775
173.05,0.864367613047903,142.19751922475533,7.968036735558724,-0.5222237402761056,0.17246874197541381,10.421534534479195,0.04642686744738577,0.1721522948070663,8.668919778142065,0.6003519301114588,0.3590496811001069
173.1,0.8653777628454287,142.24391540928846,8.023733358274885,-0.5374667114002223,0.17499076823864715,10.495340374639017,0.059742699573894574,0.18731289150644498,8.572956883929775,0.5771695608974158,0.3506482398702642
173.15,0.8667957327892757,142.2903263109256,8.074776948449673,-0.5475034427557905,0.173347122882461,10.542891804749933,0.06684124159810767,0.20022058949481036,8.48106617392085,0.5608584790825694,0.3404591765615259
173.2,0.8686244985035981,142.33673593907895,8.120586443244685,-0.5508951923671066,0.17012981952227066,10.559733848629959,0.07135238429340249,0.207230809564121,8.395413174592251,0.5539117768401852,0.33177932031061763
173.25,0.8708592373513759,142.38313854705024,8.160715608131245,-0.548115557143596,0.16757730703569196,10.547185851468688,0.07646227110274097,0.20999999451621348,8.318054685497476,0.5563996499582422,0.3260475335479375
173.3,0.8734776487237564,142.42954106257582,8.195645765172436,-0.541765312347824,0.1669778368317029,10.512342531766963,0.08445704438085658,0.21350968372920165,8.250152394871796,0.5655805493473582,0.3219561068232842
173.35,0.876437043072666,142.47596035074085,8.226922576323261,-0.5359396083123047,0.16871451620501185,10.46552640376354,0.096545808786207,0.22345174096081322,8.191767309506742,0.5765407278877137,0.3161479370922548
173.4,0.8796747981614732,142.52241791407033,8.256889252028012,-0.535124370008225,0.17274929588395366,10.41575709212145,0.11272493982042071,0.24146340934432547,8.141506905118737,0.5833625052226158,0.30427418220635405
173.45,0.8831170393974285,142.56893138631384,8.2881861697693,-0.5426481661010605,0.17928295658955032,10.368846316077756,0.13260399796601005,0.2632465992313337,8.096563665989,0.5808593636800182,0.28298106743149054
173.5,0.8866944502114856,142.61550631849695,8.322800721452383,-0.559360497099445,0.1888681225782232,10.327395845807043,0.15649508688920896,0.28088371561512343,8.053874735503092,0.5663236357899858,0.2521517212939069
173.55,0.8903571857451434,142.66213271340365,8.361300287101193,-0.5831880664262934,0.20204831826737307,10.29139327612718,0.18588841992136212,0.2873924578658894,8.01166189378055,0.5404120944561075,0.21602137661859333
173.6,0.894079852634312,142.7087879555672,8.402883176645789,-0.6097688399377653,0.21891178587289845,10.260110828852925,0.2232534953330706,0.281185994276135,7.969580761139068,0.5066518934370614,0.1825098466996137
173.65,0.8978492094754897,142.7554467304871,8.445710249261095,-0.6342365875108531,0.2382640232107335,10.233350299541529,0.2707256506965729,0.2665489193264615,7.927374654076603,0.4695579193010167,0.1599608669879781
173.7,0.9016452073482016,142.8020925902319,8.487538533613709,-0.653190763539655,0.25765819520476907,10.211665563731367,0.3284219382254409,0.25116889723307717,7.8841818804949035,0.43256627017378924,0.1526217368632995
173.75,0.9054293114647136,142.84872437368742,8.526713184102572,-0.6657256006956674,0.2749029891934759,10.196007553068915,0.3935681301599742,0.24231896520546822,7.838591154527277,0.39683473908926725,0.15919325361444994
173.8,0.9091400945337017,142.8953552425802,8.562324131190694,-0.6733051871690409,0.28877577774705054,10.186691241936654,0.4607760682689032,0.24291740772479803,7.789059516658748,0.3612584913075009,0.17504872167068194
173.85,0.9126986508258227,142.94200492750105,8.593526716758888,-0.6785956424021308,0.2987764240997966,10.183110734031159,0.5235534375538303,0.251018634459336,7.734746091957508,0.32372479859038766,0.19476409255995125
173.9,0.9160239395139784,142.98868873626856,8.619398273350935,-0.6837072000503007,0.3051680099164918,10.184693140058789,0.576507372963762,0.263060451363447,7.675846756131622,0.28291511956003923,0.2134918446168229
173.95,0.9190459972129291,143.03540939889118,8.639463650468555,-0.6888313796295169,0.30914772810135366,10.191747782145024,0.6170452572784484,0.27659573867021797,7.613111118131625,0.2395521319082437,0.22761849205528525
174.0,0.9217074093077413,143.0821561352102,8.653915080870815,-0.6920832387682918,0.312435152449314,10.205178865932917,0.6456884479136099,0.2899484437312721,7.546938540086903,0.19640118106797205,0.23455502696048167
174.05,0.9239576707907715,143.1289101854656,8.664771116025378,-0.6902440573222246,0.31616361675473276,10.225662092457538,0.6651243215578206,0.30102818963084144,7.477103992973287,0.15726112614556675,0.232051619606262
174.1,0.9257522851501281,143.17565375894878,8.677209522763052,-0.6800221747564524,0.31924954741018535,10.252809556356965,0.6785373470712054,0.3070527885552527,7.403595369899497,0.12543328065235718,0.2194625058703312
174.15,0.9270636743583417,143.22237908403366,8.697702780406495,-0.6598277447127309,0.3184003715451883,10.284701301325248,0.6879228965983776,0.3053551678838627,7.327392675479568,0.10219059013939906,0.19931319348079238
174.2,0.9278949385615697,143.26909213538838,8.73149636097641,-0.6308285309419573,0.3108049395763203,10.318393358467379,0.6934137983127869,0.29524886512884013,7.250808821184396,0.08616884811407344,0.17722336426672738
174.25,0.9282819866891869,143.3158096630265,8.781547512241302,-0.5965920715284749,0.2958037082253111,10.350770883227081,0.6937731781954437,0.2791488963529933,7.17728836798961,0.07389801456792507,0.16054957074974682
174.3,0.9282810834263557,143.36255205434446,8.847854982791251,-0.5618383983386912,0.27473854599520403,10.379072199797433,0.6875861354142975,0.2616211332591176,7.109832501232256,0.06101566478184853,0.1549466199282099
174.35,0.9279533246154139,143.40933424472342,8.927637986529989,-0.5307390520863992,0.2512958621969302,10.400878195457512,0.6747060328966346,0.2473393305628311,7.049780771735506,0.04385214530569374,0.16145485712607854
174.4,0.92735194788572,143.45615832688793,9.016697647551355,-0.5053588820337195,0.23133003533101937,10.413786232334926,0.657287325862756,0.23933102374632198,6.997998189803858,0.020872918416118456,0.17674578313368303
174.45,0.9265130949056363,143.5030122901022,9.110847537887155,-0.48510759358747735,0.22072724087260287,10.41555271504601,0.6397557140556159,0.23828473298608907,6.956516145044238,-0.006884146905058009,0.19515363463518373
174.5,0.9254531695047552,143.54987579648298,9.20603362854179,-0.4675753259883239,0.22220267139823383,10.404923925539418,0.6276715966296246,0.24307151607082475,6.928030838814287,-0.03674535317080935,0.21111420110814305
174.55,0.9241726628105436,143.59672952944894,9.298011503410962,-0.4500983351919458,0.23352326849449065,10.382772203046942,0.6260506082926337,0.2521234690596807,6.914915211659928,-0.06602322201829514,0.22107001572410664
174.6,0.9226666242801349,143.64356334988642,9.382916129933136,-0.4310877940875102,0.2488817292322623,10.352755513643583,0.6378303991203386,0.2653367734187834,6.919017513053946,-0.09339164723679354,0.22441196070225838
174.65,0.9209335232489018,143.6903807498222,9.458137499074295,-0.41070523477464466,0.26185507480768994,10.32025320991387,0.6628298793205659,0.28419550125553883,6.941781365211192,-0.11955960670208374,0.22282224648436344
174.7,0.9189780568313939,143.73719858916522,9.52293374660528,-0.3907342483706512,0.26790958769787854,10.289923042626686,0.6975162328566663,0.30918814618292245,6.984007091546465,-0.14712488874375515,0.2183016805056743
174.75,0.9168151619609824,143.78404115587938,9.57885965446796,-0.37351293784125783,0.2655413540950478,10.263718262712693,0.7359408617988529,0.3377829787076214,7.045241138857274,-0.17954722718393143,0.21224948975585922
174.8,0.914470911718566,143.83093048524495,9.629567757436288,-0.36037809201930576,0.2559416828115582,10.240234137847338,0.7715983274867376,0.3641359382146668,7.122863278968036,-0.21957700700751637,0.2044883461126334
174.85,0.911984885906336,143.8778767869489,9.679567876021244,-0.35039392159527827,0.2419455335436988,10.216115550336017,0.799584295612138,0.3815567624368755,7.211341847099774,-0.2677606092685705,0.1926629846031382
174.9,0.9094209927205353,143.92487347520242,9.732762145961589,-0.3399671694977516,0.22629941422880023,10.188603376944434,0.8180643505762579,0.3870163226884493,7.303815583828436,-0.32162388413969223,0.1752810509017118
174.95,0.9068686327703894,143.97190105933572,9.791446769313858,-0.3239034620511083,0.21003423138717026,10.156206873209442,0.8279514445262366,0.38238705691170377,7.394901644663528,-0.3762212666409182,0.1541720630517424
175.0,0.9044305286066798,144.01893781232934,9.85616269330445,-0.2974878185830139,0.1927234944335564,10.117418429786408,0.8311261151140152,0.3721670625372308,7.481714285536981,-0.4259568084347798,0.1332095834840216
175.05,0.9022094850445449,144.0659702187231,9.926355523582913,-0.25835913946818206,0.173984369809101,10.070081756621187,0.8287158127774242,0.3613683795433908,7.5636296116988495,-0.4665679586583714,0.11671049599895408
175.1,0.9002977353647441,144.1129986571663,10.001058167215268,-0.20746267031409824,0.15479623225723774,10.012067906808277,0.8203014277004301,0.35439783633742056,7.64206008691382,-0.4963327140660345,0.10850363871680636
175.15,0.8987672283178619,144.1600368568516,10.079148128033934,-0.14888678620845353,0.13837448548291453,9.941742229132743,0.8040816563719416,0.3539193822942041,7.7196678946806845,-0.5161979589970206,0.110519952138033
175.2,0.8976610185415437,144.20710589640942,10.158842142245211,-0.08869844261953312,0.1291840951933481,9.857895571508031,0.7778278093693805,0.35982003790339007,7.799232528102359,-0.5289185733943682,0.12170438895124944
175.25,0.8969888878996237,144.25422522570048,10.236771975584098,-0.03314293959855134,0.1301055437536827,9.75986321494269,0.7403448598103827,0.36889641793272954,7.8828317772919485,-0.5376144313512797,0.13815308334571086
175.3,0.8967326175864657,144.3014037263146,10.308440024225133,0.013391122192866964,0.14071222038218226,9.647896667495845,0.69289739551283,0.3758838544396519,7.971636857141802,-0.5443136920251299,0.1545621306109119
175.35,0.8968633572022472,144.34863471606243,10.370610886426089,0.049837373518025196,0.15864873146242087,9.523525708253704,0.6398269792918004,0.3762346872020957,8.066143135532364,-0.5491061668135858,0.16610888144612976
175.4,0.8973603129353497,144.39589823470502,10.423143575419253,0.07841260116881972,0.18182838916642152,9.390315895024097,0.5879087390162111,0.36912870301221196,8.16606939591298,-0.5504784985841872,0.17001461848448932
175.45,0.8982139641901005,144.44317111318213,10.468376694987573,0.10291950754692027,0.20798183017365732,9.254039527215875,0.5443338580409276,0.35745555593077205,8.269890870196143,-0.5468648611203906,0.16593405740499712
175.5,0.8994203523355713,144.49043979176437,10.508878829620466,0.12632393384829393,0.23332535184894077,9.120912810404114,0.5140236869541175,0.34470026601508025,8.374915705807263,-0.5384844858661176,0.15556929757090102
175.55,0.9009790651073271,144.53770745772258,10.545167019305136,0.14914450468750437,0.2528024712505052,8.995512075323173,0.497910309030841,0.3325608199858527,8.478305615831259,-0.5281517090420603,0.14275399047234272
175.6,0.9028933566757169,144.58499131567478,10.576080887698188,0.16978154155917985,0.2624388272009043,8.880045750819272,0.4931539186242624,0.3207204480589692,8.57862155605443,-0.5204319288908534,0.1330193740124622
175.65,0.9051708268116088,144.63231288996428,10.600761976348414,0.18624939141823113,0.262013747441678,8.774764698579316,0.4948661787131533,0.30786612997283963,8.676777512219218,-0.5197536126534334,0.13237941096014122
175.7,0.9078192992705715,144.67968757290393,10.619236986830519,0.19791776421357035,0.2549100634217209,8.679008081584747,0.49823449072000836,0.2930377669454236,8.775176084719002,-0.5286732861247829,0.14535480516875576
175.75,0.910837794286725,144.72711846273114,10.632000165526714,0.20640724178491818,0.24588291908979967,8.592346390233043,0.5000291426699305,0.27636470474812835,8.875585852448348,-0.547089761127094,0.17265106110146658
175.8,0.9142105102076054,144.77459619214625,10.63960886947373,0.21537173115729705,0.23902862239814263,8.51490499064889,0.49899929491893014,0.25872800987020655,8.97777750508086,-0.5725109837759319,0.2110146661295259
175.85,0.9179034843487179,144.8221043359706,10.64244917932174,0.22929095694490106,0.23670895969328012,8.446464200654754,0.4951284386248693,0.24111499086275465,9.07843664839085,-0.6012778288046416,0.2534643295069076
175.9,0.9218640627399309,144.869627263375,10.640812172320137,0.2518832656061787,0.23927248956560962,8.38582464322219,0.48846089488383576,0.22418219699684577,9.170951109044333,-0.6300274875232762,0.289482490880136
175.95,0.9260327495591358,144.91715519535296,10.635536003467019,0.2851063186573321,0.24545757215278988,8.331224401156119,0.47845294799270316,0.20816593370503217,9.248548544911372,-0.6562605417841362,0.30992334817020034
176.0,0.9303601388102497,144.96468554077475,10.628783712109222,0.32898860979630234,0.2532280024218951,8.280731415149816,0.46387353268828047,0.19363491263023158,9.307828273231058,-0.6782542018713873,0.31250505974520276
176.05,0.9348110682146353,145.0122226875608,10.623582651646005,0.3816859634853138,0.2604948081103739,8.232168800500625,0.4429269589312229,0.1817310776948828,9.349665053729828,-0.6949622845945472,0.30164799235328466
176.1,0.93936008161852,145.05977624484413,10.622536761273441,0.43971393134143416,0.26606087656251975,8.182842939822997,0.4136301208272437,0.1732780196971199,9.377767549225629,-0.7059592462282273,0.28532797988143976
176.15,0.9439850087451106,145.1073576586939,10.6272155012543,0.498614106226788,0.2705094559753242,8.129372168656058,0.3744097044404928,0.16823022761648457,9.395909815711356,-0.711399903281222,0.27123180625245075
176.2,0.9486560726983936,145.1549757047454,10.638194405775248,0.5539859458759926,0.2757657240752687,8.068057357169327,0.3248707210382776,0.1654083945536368,9.406451330072473,-0.7116320523318662,0.2636382800160349
176.25,0.9533273515054236,145.20263195824091,10.655038170791368,0.6025606995704214,0.28342176533479135,7.995740779687744,0.2665220781947415,0.16264972617569892,9.411343642600201,-0.7064162559635067,0.2633786399327747
176.3,0.9579364866470337,145.25031889051346,10.67609066116954,0.6427829226542129,0.2933917321162436,7.9107691767202235,0.20295494452503685,0.15828609700285076,9.413894302323882,-0.6944050029950374,0.2691810027003557
176.35,0.9624091397189873,145.29802298008346,10.698527048436281,0.6745608229823904,0.30366493618019413,7.81358246101155,0.1390980094079457,0.15264368244545787,9.418537260830345,-0.6736708609770053,0.27774436799494456
176.4,0.9666679693602821,145.34573090441614,10.71912996571816,0.6985192926154238,0.31153449176030645,7.706936471779322,0.07991480644709185,0.14790274903496367,9.42929483361851,-0.6429621798102609,0.28466465466850865
176.45,0.9706439711827006,145.39343508367602,10.735257071334589,0.7152441466452781,0.31565404285255505,7.59579825415398,0.029156366450584646,0.14761706331010702,9.44900849561426,-0.6027414200859819,0.28644710899134435
176.5,0.9742803545248283,145.44113696641386,10.74532471456308,0.7248153191091519,0.31648065494814775,7.48591245006456,-0.011547559450256028,0.15523286804640085,9.479305633145355,-0.5556325577883667,0.28185401772122926
176.55,0.9775279663855334,145.4888466049212,10.748925901467492,0.7269107728111168,0.3153197497223283,7.381656318009965,-0.04290380471959407,0.1712730252829996,9.520779326736644,-0.5060913669472809,0.27240560012409004
176.6,0.9803406695336673,145.53657764005797,10.746792396849685,0.7215280495990721,0.3138476074437199,7.286561437737733,-0.06709947241788869,0.1928993652216775,9.573147040085267,-0.4592489717751469,0.2617723473854844
176.65,0.9826729825477787,145.58434067179357,10.740530198171454,0.7098237244592724,0.31326831805105526,7.205744932535624,-0.08643809773297607,0.21645589054882666,9.63539527047075,-0.4194580591955114,0.2540512687063799
176.7,0.9844798730830056,145.63213954383303,10.732116803896567,0.6943977461695185,0.31293526851344194,7.145547602467344,-0.10261958785145914,0.2395639291055881,9.705085731517746,-0.3894434403537674,0.2513153087233236
176.75,0.9857204655331794,145.67997117416311,10.7233619234211,0.6789314479792649,0.31039753384827073,7.111100502875681,-0.11672635111934952,0.2607244206592823,9.777368582349915,-0.3701868305880557,0.252364556203378
176.8,0.9863680084387593,145.7278267365476,10.716040487820143,0.6676300579586883,0.30388483955418333,7.104639229393994,-0.12937808166960996,0.2780985588773628,9.845531697231104,-0.36097977219293387,0.2542907536679356
176.85,0.9864204987420335,145.77569456427622,10.71225481686591,0.6644460702409272,0.2951315651889788,7.124883411144575,-0.14108138061385747,0.28870436558982343,9.902798437784888,-0.35969612462368067,0.25460119120621466
176.9,0.9859042441390135,145.82356471359037,10.71364815400966,0.6719826672613229,0.288888786357579,7.168548618018639,-0.15265534291064214,0.28956025038237104,9.94424198012896,-0.363415245480755,0.25225727398839426
176.95,0.9848705626560961,145.87143291591718,10.720343995062683,0.6906434316948111,0.2896270995059931,7.232642783469634,-0.1655038113451338,0.2801885798416252,9.96843735952842,-0.3690288445974367,0.24824104942206623
177.0,0.9833813123763607,145.91930283130353,10.73012923550667,0.7183197997934413,0.2975539985279586,7.314031087849927,-0.18184200537188458,0.2621672444082886,9.978307181672875,-0.37368325809656106,0.24510569686602315
177.05,0.9814947929185227,145.96718504975715,10.738648886648404,0.7508379008276266,0.30770902892942376,7.407191991933284,-0.20454088756968908,0.23646945010372794,9.98003172102947,-0.3750224059540614,0.24542459200983457
177.1,0.9792714327952481,146.01509162664996,10.741599424892996,0.7833548308285387,0.31452922015783025,7.504575786916223,-0.23610303336698857,0.2045414053262342,9.980672087619176,-0.37101452309156935,0.2501438282296534
177.15,0.976783307286209,146.063030484224,10.73630235328124,0.8117313067925757,0.315913310575026,7.599479184629407,-0.2774640264910193,0.1707285501279523,9.985672542441009,-0.3598061511172031,0.2574649596273231
177.2,0.9741124063188431,146.11100292258314,10.721348073392937,0.8331650947027913,0.31299776505509197,7.688051754175821,-0.32743255985062686,0.14196709775914518,9.997633121443394,-0.33978522412471895,0.263575961975212
177.25,0.9713412012292866,146.15900379623673,10.695617822461445,0.8462537525266924,0.3079921441083151,7.769442753794172,-0.3828290389494216,0.1253874349258505,10.017122402544834,-0.3096524349356523,0.26516461086845405
177.3,0.9685403860991554,146.20702434331332,10.657822057672306,0.8506716671129539,0.3025766288281408,7.844821474805708,-0.4392301695856808,0.12463115498321159,10.044149874124225,-0.26872166796332475,0.26156165887919064
177.35,0.9657614968772014,146.25505673507482,10.606996125240318,0.8466134494578497,0.2980131809102145,7.916531211343692,-0.49207622978147664,0.13787173030286234,10.07828981331272,-0.21754529795244737,0.2545131788670342
177.4,0.9630391458575661,146.30309799266354,10.54307248988524,0.8342168014902863,0.2967286089693693,7.987772493617908,-0.5376903047656789,0.15910561695407915,10.117766035713272,-0.15839432910440954,0.2458593620943574
177.45,0.9603955113438132,146.35115141167574,10.466272195627639,0.8132305698135018,0.3022265183654229,8.062137688451669,-0.5738613158044492,0.1805998372307061,10.159676112920017,-0.09506690292733386,0.2358964022323519
177.5,0.9578423781552539,146.3992247611543,10.376411488682411,0.7832912174423469,0.31611388436324367,8.142609458805131,-0.5998680465906967,0.19480580519173663,10.201930254716427,-0.03197978283712468,0.22428931456520632
177.55,0.9553902533539145,146.44732637939632,10.272645397186105,0.7445641465203379,0.3354870950154207,8.230638283518903,-0.6160730683998651,0.1963524793085248,10.245249561977644,0.02698425756067086,0.21279658678995653
177.6,0.9530586244691995,146.4954618325863,10.153445422583438,0.6982124746361751,0.3531449450480435,8.326305715372557,-0.6233760081798144,0.18397255327019163,10.292484639341751,0.07915981358965318,0.2049783248506568
177.65,0.9508802856680965,146.54363187593927,10.017961951886628,0.646704805653751,0.3613451014804379,8.429408393949048,-0.6226848558260172,0.1613970119728422,10.345919388448683,0.12325789216498116,0.2025246100307257
177.7,0.9489064267830886,146.59183205097358,9.867314648198308,0.5937581085632222,0.355988209186756,8.540182962964966,-0.6146708767523877,0.13648031355351833,10.405638581149335,0.15921636850884738,0.20491563809475258
177.75,0.9472048037838728,146.64005512741724,9.70430734317925,0.5435933598493236,0.33818633718765584,8.65868343310207,-0.600117078591709,0.1179270634800155,10.469978061697722,0.18782911227894408,0.21167196160198548
177.8,0.9458438618698712,146.6882953006032,9.532917176549104,0.4998910301136714,0.31353710477146324,8.783686971202616,-0.5805692371977185,0.11134729135277031,10.537267012472743,0.21035021383724362,0.2227075793260333
177.85,0.9448741544879544,146.7365519496907,9.35779380248113,0.4649004397858413,0.2891933806822335,8.911948575128882,-0.5588528024777251,0.11723559936575272,10.606622638155498,0.22799910493824777,0.23763310219126374
177.9,0.9443160011153414,146.7848307592835,9.18378341759581,0.4390623488256091,0.27018392199504604,9.038529093910817,-0.5390129945377682,0.13221413300304666,10.676573425595866,0.2414885724543122,0.2542103704980129
177.95,0.9441623204034456,146.8331405848381,9.01644324245544,0.42150635906212436,0.2585658725124895,9.158455838593285,-0.5253550885534655,0.15229527607815568,10.743403706357453,0.25111608005290276,0.26749105659624894
178.0,0.944394311846943,146.88148693832034,8.862773654955756,0.41117716021173706,0.25516008900217196,9.268083007430869,-0.5209877175746322,0.1750667076972531,10.802608624793764,0.25776959270241606,0.2733134441075
178.05,0.9449870979475131,146.92986778920482,8.730286332649804,0.4074516726139647,0.2596970153116288,9.365016337403596,-0.5269279858861843,0.1989480718569745,10.851238546879733,0.26370726634631736,0.2719807369163124
178.1,0.9459067019064508,146.978274854258,8.62520533186908,0.4098293987594653,0.2694683103506052,9.447490236218739,-0.5422121964320904,0.22175906253616695,10.88896047732232,0.27231376960246134,0.26880840308940546
178.15,0.9471119663841122,147.0266985272918,8.551183446981645,0.41714921196074767,0.2795951771440525,9.514696380360622,-0.5646255361477321,0.24130079004018357,10.918051314449224,0.2871424613971998,0.27163484340813954
178.2,0.9485539763308396,147.07513396930705,8.508262710353033,0.42673892678748376,0.28445197617475776,9.567567061825844,-0.5916507621998304,0.25617702955463334,10.941401978311195,0.3105218475654308,0.28508774530850084
178.25,0.9501778911197718,147.12358394584396,8.49169641797356,0.43416024136170783,0.2790534022756704,9.609119160636379,-0.6210158979922735,0.2662041779788755,10.960648258687346,0.3427073936673574,0.30694329234955836
178.3,0.9519364223112541,147.17205623012302,8.492220683720603,0.434026409832544,0.2615173388034613,9.643636361990012,-0.650626849960228,0.2727724114513248,10.975927034326732,0.382196117170935,0.3294661434867766
178.35,0.953804170328182,147.22055791979014,8.498588227433704,0.4215888340373453,0.2349942642350239,9.674934354312093,-0.6781943456244042,0.2777655570228996,10.987065050068894,0.4268062369847191,0.34436792700210855
178.4,0.9557810652701286,147.2690903856881,8.500165070699898,0.39418739046368007,0.20636602683134192,9.70538694406682,-0.7008674889028667,0.28214410664225104,10.99524436822951,0.4747646615961037,0.3481375969387068
178.45,0.9578823172003894,147.31764836578026,8.48839441968446,0.35173094386530684,0.1833853425331422,9.73507562143782,-0.7154784420838535,0.2848746866838702,11.00310612677688,0.5250108000954249,0.3432137578900755
178.5,0.9601246710572677,147.3662226718382,8.457415290852959,0.2962801454781174,0.17258940943187273,9.761732199434066,-0.7192325766967465,0.2835040910333799,11.01375166717813,0.5768145141620429,0.33562058482366797
178.55,0.9625138151824021,147.41480396673927,8.403899032925363,0.23122325018575887,0.17764794931791306,9.783042647590477,-0.710215505797065,0.27704012885958645,11.029788746318344,0.6292323485569706,0.33142898754806216
178.6,0.9650311613071336,147.46338694002628,8.326196419085166,0.16025091518036969,0.19754724236884397,9.79854159632547,-0.6879237882347912,0.267723363402951,11.05228544468156,0.680518219034271,0.33327182774605935
178.65,0.9676282328858982,147.5119723959149,8.223761725360797,0.08664637146763836,0.2263524563163027,9.810468449556675,-0.6535182799268465,0.26096236290306546,11.080089417554127,0.7278973741722844,0.3392720729307772
178.7,0.9702311375276002,147.56056585707782,8.097688089083391,0.013224061086796354,0.2560938145156515,9.823312809762134,-0.6095502841479553,0.26274998725066195,11.110416331799655,0.768064712383797,0.3447280193265933
178.75,0.9727499494810161,147.60917448548844,7.951753536769578,-0.05736867349199796,0.279655466792499,9.84104964748216,-0.5595771658100762,0.27564199469347245,11.14005935234357,0.7980558933605492,0.34510917934750196
178.8,0.9750935874844717,147.6578027196614,7.794856663336965,-0.12203522656839752,0.29395551450988866,9.865175796479178,-0.5074528149069777,0.2978699003666029,11.166101688104218,0.8161797079121834,0.3386418878705101
178.85,0.9771840634466592,147.70644969224037,7.640957098184266,-0.1771400201172497,0.30227930790402757,9.89502893614952,-0.4565579778009799,0.324954945494903,11.186030008258397,0.8224970182532493,0.32665559029960767
178.9,0.9789577179811975,147.75511162639359,7.502874115853173,-0.2196640664812072,0.30971396536283313,9.92855401928505,-0.40972224816659514,0.35142869831136964,11.197804903289272,0.8184514765393395,0.312135973865774
178.95,0.980360648933323,147.80378489631443,7.388154178666147,-0.24823359394718109,0.31820044518394586,9.963226233000386,-0.36929343299893674,0.3724778925530603,11.2004044652099,0.8063495452412782,0.2985454837327403
179.0,0.9813461213497199,147.85246708410443,7.300151954643982,-0.2632715768790625,0.3263523246493805,9.99697087218425,-0.33695434364362686,0.38455657638508056,11.194242055444763,0.7890576029012892,0.28897874070750607
179.05,0.9818733433498594,147.90115765697584,7.240501705638408,-0.2667642705373084,0.3307921307118982,10.02819331192016,-0.3136579760704944,0.384876802244736,11.180342505776943,0.7695521783607758,0.28457436779577333
179.1,0.981917498002256,147.94985795011064,7.210207091597894,-0.26189785402525545,0.3279416270303281,10.055883464727716,-0.2995516880774008,0.37248471072620515,11.158886880800017,0.7503879665858745,0.2837720717113348
179.15,0.9814890845231858,147.99856915659512,7.209122812251339,-0.25249384656987384,0.31630226881313617,10.080487716621223,-0.2936133649272822,0.35082105775821903,11.129770315429427,0.7337062753106253,0.28479533699769854
179.2,0.9806389241903773,148.04729005742502,7.2358459824315196,-0.24233678037812703,0.2975627595603718,10.104117745304912,-0.2934352576752845,0.32776150606488974,11.095077410786114,0.7216875818850461,0.2890772367129337
179.25,0.9794383125717347,148.09601815583943,7.288503737039772,-0.23492834284238198,0.27620375420410115,10.129595813814353,-0.29572517449361857,0.31169976796221566,11.059154003426068,0.7162995366021516,0.30026089283324053
179.3,0.9779498348041855,148.1447536393771,7.365179792937627,-0.2337062495509891,0.25778269862463693,10.15915173914782,-0.29730187054139057,0.30632321693266457,11.02624940855888,0.7183409578196888,0.3200174524707577
179.35,0.9762071434831392,148.19350203318865,7.4629784163725015,-0.2421491172477786,0.2454342807503114,10.193846715149679,-0.2958616852629926,0.3090234393795965,10.99714750527128,0.7266496698449444,0.34385504365848635
179.4,0.9742183651642882,148.2422717220036,7.576058705738538,-0.26321864209131274,0.2362282537182021,10.233798359398222,-0.28991603161787327,0.31436444515235806,10.968008190376736,0.7384411475656958,0.36158399936254965
179.45,0.9719991316686233,148.29106673275,7.695421368575974,-0.2981439228809369,0.2229801528438702,10.277975329759409,-0.2780092784161957,0.31789802873961703,10.934802007816245,0.7510811824970047,0.36585300224820627
179.5,0.9696035084558644,148.33988243676154,7.811805176262554,-0.3456079483802788,0.20119032443396517,10.323558347789184,-0.2583232839978413,0.3167369992963261,10.896337116633633,0.7632886555341005,0.35774070901464855
179.55,0.9671263772029235,148.3887077109145,7.918931501695412,-0.40201410469014576,0.17372833046563604,10.366285173665364,-0.22907303564310205,0.30906348217278884,10.852626448597315,0.7747813719307877,0.3439534396944657
179.6,0.9646835776517999,148.43753070355203,8.014749363936879,-0.4625260496740832,0.1496384933050705,10.402358843294055,-0.18917647936116774,0.2945920413766174,10.80264248675812,0.7852424794217486,0.33127591592880545
179.65,0.9623815042295805,148.4863444873317,8.100357257124324,-0.5222842016266355,0.13798908563892473,10.430809883454586,-0.13877841379529093,0.27539822561966726,10.744135227776525,0.7935514067566538,0.3229680359502396
179.7,0.9602968986196097,148.53514981369872,8.177995068508421,-0.5773095500505272,0.14176494174810383,10.455185204027313,-0.07935048201505808,0.25756915613384085,10.674727486875632,0.7976383512278147,0.3184806059557561
179.75,0.9584735402899293,148.58395530723737,8.250072958180162,-0.6249936513307286,0.1570203049763996,10.481869884022137,-0.013755052737674989,0.24948497718524415,10.59311292153425,0.7947564628495163,0.31558989239065377
179.8,0.9569231034287604,148.63277563198884,8.319681878728284,-0.6641260481701431,0.17703412211387695,10.51574201913206,0.05374198557687713,0.25502464097360666,10.499546256618233,0.782019537606386,0.3121565857182606
179.85,0.9556351181971535,148.68162627149385,8.390783659896858,-0.6943538496479573,0.19719958028947246,10.558708015016919,0.11835613719047905,0.27098292843096966,10.394966111950902,0.7572861349139789,0.3064139767804774
179.9,0.9545932645129295,148.73051695489528,8.467038010487512,-0.7154094534207092,0.21638035289222865,10.611319300797819,0.17622693525160313,0.2904362957619768,10.279991434454061,0.7201385144205784,0.2972423766317731
179.95,0.9537863303088979,148.77944767696167,8.55086671785582,-0.7265894182071138,0.23512993480133004,10.674085656885165,0.2254408582401099,0.30671858318626294,10.154911056706831,0.6724601295112996,0.28468628018460795
180.0,0.9532130858209712,148.82840952578638,8.643216864339587,-0.7268898808372124,0.2535426809741506,10.747657158051002,0.26614461883881296,0.3158642703078471,10.020234719305106,0.6181993379256157,0.2700906418137631
180.05,0.9528804848132982,148.87739035853298,8.74369708124872,-0.7158327373447398,0.26981315411331264,10.831176704719603,0.29952977630364436,0.31615603830509287,9.877036901046926,0.5622091038192865,0.25558093753309985
180.1,0.9528053956750235,148.9263813862176,8.851338901551797,-0.6943392761827412,0.28115773513406367,10.919374108352443,0.32633012018829355,0.30693247064298074,9.72722913417363,0.5088564076742028,0.24382692105916562
180.15,0.9530227452099549,148.97537989111217,8.964749667918943,-0.665029744820757,0.28636618699819155,11.003421741965015,0.3464242334127717,0.29021703318043435,9.574148636116524,0.4613136306921364,0.23818476541100797
180.2,0.9535784718475486,149.02438843198266,9.080819891368176,-0.631995414064015,0.28612368015872336,11.075267720448004,0.35963294180459593,0.27134586309452086,9.422855694488511,0.4214754514024951,0.24190087253344827
180.25,0.9545088546781249,149.0734119487775,9.194440566934315,-0.6000092909904792,0.2816861630473558,11.131030268009003,0.3666503187603924,0.25821312265613167,9.279558686450534,0.3901928211768306,0.2560180120715258
180.3,0.9558223220063607,149.12245410784845,9.30018520186101,-0.5734059154979146,0.27517420644416524,11.172490698111602,0.369698282346853,0.25928047300688584,9.150572208089983,0.3676093691717805,0.2780083040977178
180.35,0.9574879841558045,149.17151695136732,9.393894103797509,-0.5554845147163907,0.26971806706062457,11.204942822770814,0.3721153871377455,0.27775925672499946,9.041410251530092,0.3530753283564326,0.302620249062227
180.4,0.9594385404177244,149.22060243077695,9.473893617716085,-0.5482733547414774,0.26829668630293596,11.233421108995616,0.3772493348196808,0.30823134779995176,8.955629619629338,0.34483739151119513,0.3239072262713588
180.45,0.9615879411762935,149.26971225757018,9.540976959439602,-0.5523228650283972,0.272627617877868,11.261045487388207,0.38780391208076564,0.3394576180402854,8.893967795732026,0.3401513120034096,0.3372596016489616
180.5,0.9638558969852276,149.31884675135544,9.596502812532156,-0.5667250109174463,0.2822019407398795,11.289571178278075,0.40576011637756887,0.36046714961403475,8.853737701077938,0.3357254502472852,0.3405060488987737
180.55,0.9661875343794633,149.3680037656876,9.641349244705827,-0.5891985327653835,0.29450579090918044,11.320865689234136,0.4325692531363762,0.3664321053166036,8.828122476942488,0.32822246718689424,0.33284630553655636
180.6,0.9685603633758936,149.41717847393625,9.676231311865541,-0.6162875085819127,0.3064817833761605,11.357311511598565,0.46917193238973326,0.36012591112477055,8.807087693093534,0.3147717084988453,0.3142559683726277
180.65,0.9709822418946031,149.46636461872964,9.702147244715379,-0.6438504818710659,0.3161072841534532,11.400487225468755,0.5156240331972778,0.3482673259037064,8.780517661407904,0.29336425068575933,0.2880002668331172
180.7,0.9734793333541212,149.51555712317437,9.720651165325487,-0.6677810807163574,0.323193603459868,11.449846964814546,0.5705764964954646,0.33669360548321353,8.740607162762577,0.26283705362634385,0.2617221343917835
180.75,0.9760743416010909,149.56475417766504,9.733763318847064,-0.6846589544660766,0.3289498811958703,11.502901694186708,0.6311377086407636,0.3281542483465769,8.682506627855426,0.22269877866693003,0.24406995129273865
180.8,0.9787674760886744,149.61395722731777,9.743854759349519,-0.6920371270710729,0.33510178313495337,11.556206973821578,0.6932634071445721,0.3227663193262525,8.604008827823643,0.17312314229810818,0.24039153534807814
180.85,0.9815287674561399,149.6631694744947,9.753795288219935,-0.6884174838665554,0.34320624009434525,11.606193270055114,0.7524307825218476,0.319262837220304,8.50490249358018,0.11504456592152389,0.2506474521880845
180.9,0.9842997516750432,149.71239365111185,9.766839014998707,-0.6730832189847318,0.35400147224343714,11.649537962573165,0.8043532778518969,0.31648647430440446,8.387289695807727,0.05038502472391238,0.2697627397136493
180.95,0.9870044263501176,149.76162999657495,9.786477212900882,-0.645886336916156,0.36731371557325454,11.683038021468754,0.8455776078523524,0.31446549474719165,8.25667341309814,-0.01776970204606,0.2905714091729826
181.0,0.9895633387167545,149.81087613869553,9.816002476626998,-0.6072716535900008,0.3819498614071889,11.7037493632521,0.8738954975036985,0.31398485327702885,8.121024451851826,-0.0855530321971306,0.3074874891755398
181.05,0.9919005731861097,149.86012907218603,9.857345306483037,-0.5586203342606958,0.39505861624153366,11.70950146008844,0.8884551657216775,0.3154683985990615,7.987807708638965,-0.1491801881817262,0.3171026293140417
181.1,0.9939501112462437,149.90938679997882,9.911047166680907,-0.5023294402895577,0.4028372914070807,11.698961655118453,0.889642291185344,0.31834119873670175,7.862690096650002,-0.2055847846873704,0.318123434046455
181.15,0.995663956755329,149.95864880145658,9.977212523717588,-0.4415310342723601,0.4022845820859148,11.67130139718803,0.8788332032670887,0.3209035879043104,7.750401351202947,-0.25264221924243746,0.3124180773989287
181.2,0.9970157456557545,150.00791633194498,10.055534556358472,-0.3798552206775324,0.3922579406818608,11.626251704771276,0.8581060154916855,0.32095630765534283,7.654949160675992,-0.289335152388493,0.30425508856690264
181.25,0.9980002210041878,150.05719249705385,10.144436343645586,-0.32123247970870744,0.3737557205786018,11.564489857509072,0.8300233511961876,0.3169310456514022,7.578411812542997,-0.3159259682429573,0.297476961813582
181.3,0.9986320132545345,150.10648058806447,10.240369574485664,-0.2693986621769467,0.3498036484109303,11.48838012487282,0.7977368445198711,0.30958688348307767,7.520582966989578,-0.33371874045463196,0.2938031881585576
181.35,0.9989404562290994,150.15578160615692,10.338022933162454,-0.22719440548700637,0.3249937729819683,11.402097779899313,0.7651013183367068,0.3025813705883994,7.480507409574339,-0.34447802821506107,0.2932298279937264
181.4,0.998955823816287,150.2050942029285,10.43165574982709,-0.19611838386721595,0.3040358635757824,11.310108214782137,0.7361412594915783,0.29942196375142993,7.457964830989445,-0.35013786638337585,0.294739464206079
181.45,0.9986967565087981,150.25441602925966,10.516870546360092,-0.17614525182547056,0.29012005729789286,11.216595068017137,0.714411138673637,0.30079446689074496,7.452856264891203,-0.35282974278132556,0.2964234789456297
181.5,0.9981703656319022,150.30374417178027,10.591378518101353,-0.16574092341276989,0.2842565437133147,11.127159266250883,0.7027788032424597,0.30650083837055037,7.464162343979977,-0.35480068401642884,0.29612839486780246
181.55,0.9973791491464665,150.35307629272484,10.654453963892022,-0.16231199093042759,0.28540075359912337,11.049005175240188,0.7029980529961722,0.31744854072962797,7.490166314418804,-0.35834615101686773,0.29278538417399436
181.6,0.9963236614154343,150.40241345346843,10.705633865030618,-0.1630835026791961,0.29080985726131564,10.988085588997889,0.7148623155201431,0.3332326237212906,7.529201349124413,-0.3659520493854402,0.2871716399763203
181.65,0.9950017962745334,150.451761445722,10.743707040777322,-0.1657303622822399,0.2963689079393289,10.946450176197727,0.7357768037094798,0.34943764544334827,7.580246360966877,-0.3802005187709933,0.2812216521833068
181.7,0.9934139967760554,150.5011282543848,10.767027683002578,-0.16823851974422893,0.2977629134972869,10.920886928490983,0.7612050133401334,0.35825076435024744,7.642791358816261,-0.40316200989259454,0.2766946093776242
181.75,0.9915786504796609,150.55051801653113,10.774894766427803,-0.16809435156650074,0.292459185545452,10.904628799736933,0.7861766214486187,0.3539320568905044,7.715858393527553,-0.4354237425114654,0.27426656152394385
181.8,0.9895440567656507,150.59992576721487,10.769955958537853,-0.16148021598800322,0.28240124901238467,10.891115182047674,0.8070409146576288,0.33780422444230124,7.797307772976267,-0.47537042836282756,0.273377367008328
181.85,0.9873875658544914,150.64933851229242,10.759672945112355,-0.14357613592999227,0.27571058128357717,10.875626487347645,0.8219376011742036,0.317509439444078,7.883932178654647,-0.519503731142996,0.27306160683838104
181.9,0.9851938240592637,150.69874351441854,10.75327833766699,-0.11048075598749672,0.28166616931169663,10.854970198405299,0.8297713067729632,0.30280189094719373,7.972196210072746,-0.5638798438916203,0.2724788045057119
181.95,0.9830214602615505,150.74813762947295,10.757627341532338,-0.061306960857753175,0.3028777422904839,10.826655220330855,0.8288324840303801,0.30046115258611306,8.059036623630238,-0.6057064866564835,0.27046776793131977
182.0,0.980888236961906,150.79752959800643,10.77609954598104,0.0013453042734896997,0.3337190442883196,10.788581455815326,0.816527913853883,0.31097235248089017,8.14263390565298,-0.643857557428864,0.265836235431973
182.05,0.9787817547644982,150.84693451598832,10.80958702815002,0.07254594540184418,0.36466041124693155,10.738782549240506,0.7903629709319113,0.32775820905319475,8.223272551545815,-0.6781553089056286,0.2588652757972698
182.1,0.9766842710699681,150.89636550117666,10.858076839017324,0.14684749589249818,0.3875940541207414,10.674624445716844,0.7492307838559609,0.33953164877049474,8.303075472976285,-0.7082610006577252,0.25210734067235363
182.15,0.9745978529903502,150.94582740356694,10.921085471113352,0.21973053143800805,0.39848525587083067,10.593207677563832,0.6943325571593985,0.33658005234811356,8.38428946029429,-0.7329677115791056,0.24873376467145167
182.2,0.9725561101513804,150.99531588192158,10.995654195387392,0.28787778098408157,0.39572897074358854,10.492873316285397,0.6292596503305037,0.31654156582709236,8.467418040154055,-0.7503317387084191,0.25001030652338224
182.25,0.9706241260905915,151.0448200631223,11.07527073793225,0.34891203927815834,0.37891336688957006,10.374219671319471,0.5594008235314595,0.2854610331050461,8.551153637125642,-0.7582292862876899,0.2550339345682529
182.3,0.968890234304954,151.09432596047571,11.15292324325374,0.40151645299304456,0.3514895122938654,10.240136622548432,0.4910426157660409,0.2545559734264266,8.63376539897533,-0.7549103950582791,0.2620314768881255
182.35,0.9674447736753341,151.14382198237737,11.223713561048658,0.4451462163310614,0.321310464328325,10.095011038655583,0.42999714612639767,0.23476651507633153,8.714056840381298,-0.7398511569858679,0.26954490216106736
182.4,0.9663524000130833,151.19330445325497,11.285066473333968,0.4793393265470682,0.29764072983244266,9.944326576427773,0.3802857741416218,0.2320743821829653,8.791257748811269,-0.7145850959143966,0.2770307399379369
182.45,0.9656338718624019,151.24277972738304,11.335976657776499,0.5033410423787125,0.2872251229656708,9.794615877285631,0.3434512897366814,0.24655070545478847,8.864345357913955,-0.6829175248605517,0.2849438201160474
182.5,0.9652635010827934,151.29226172348862,11.376180418542884,0.5163511064940673,0.291132763602671,9.653178526639632,0.3186963521511103,0.2744781329771252,8.93233770192583,-0.6502042044945713,0.29494389918488306
182.55,0.9651759147558182,151.34176564661826,11.406444802729979,0.5184420962107755,0.3049871350181171,9.527120142331874,0.3037238331096773,0.30995322685727994,8.995559538356256,-0.6218326021245414,0.30933978962380637
182.6,0.9652797733025417,151.39130143866083,11.42947195463586,0.5115271804503208,0.32242917150426204,9.420907684487643,0.2955806886502639,0.3452048768388939,9.055271430875816,-0.6017969709092443,0.3291127896617326
182.65,0.9654771514454428,151.44087024139034,11.449957328499474,0.49966804804278353,0.33826454344201334,9.333501348138679,0.2911027580369601,0.37109161176182204,9.112316455655394,-0.5919420494880843,0.3525306304997847
182.7,0.9656823120729626,151.49046416801116,11.47335150734834,0.48858622338720714,0.34948138492580527,9.257987216130797,0.2872942203773271,0.37886622742904746,9.166793556893369,-0.591755850947079,0.37536941297174176
182.75,0.965838204099221,151.54006837152292,11.503937757685708,0.4846125502560737,0.35457629448830863,9.185328068130385,0.2818846483100211,0.36541357919540374,9.21927576724688,-0.5984866824034086,0.39148529404193183
182.8,0.9659312109734552,151.58966627088517,11.54332643161354,0.49318654280138513,0.35251389240403447,9.108576933494186,0.27333589674878317,0.33759326018159136,9.272327480217697,-0.607955004401377,0.3951989438946547
182.85,0.9659947194808577,151.63924690838658,11.590620962869478,0.5173113755868863,0.34365222223720304,9.023580251029758,0.26005835956462975,0.30866840078602853,9.329809030790386,-0.6161473741400704,0.38520696349885386
182.9,0.9660916085209161,151.68881057874057,11.643845080401096,0.5566472076421413,0.33123216494043495,8.927113186490976,0.2395971806931322,0.2898103007390259,9.395379151658968,-0.620627756136697,0.36556493142086083
182.95,0.9662866167458684,151.73836945657035,11.70085904647409,0.6076276195320546,0.320393303091606,8.815533534115112,0.2085778249399465,0.2848083155932235,9.471580160464386,-0.6209885272315345,0.34317038811520806
183.0,0.9666236882441794,151.78794179342108,11.759210277907707,0.6646349250913828,0.3154594337731793,8.685903687751807,0.16384425299371658,0.290730996306921,9.559697143055407,-0.6180917653983123,0.32448998204504237
183.05,0.9671132383156161,151.83754213759244,11.81624041567951,0.72196570227642,0.3178376638341587,8.539554161685658,0.10438372166521734,0.30187895145722865,9.660540763151053,-0.612502058779353,0.31310702118033007
183.1,0.9677346249202371,151.88717387612397,11.870070166347812,0.7756202553827045,0.32599008651612077,8.383839771612884,0.03258081213136891,0.3139946845443364,9.77447042761828,-0.6033427418094317,0.30811164076178754
183.15,0.9684512724642076,151.93682932530706,11.920007294015644,0.8237034313433642,0.3369744998163525,8.228087972883532,-0.046386586530042885,0.32466668965669504,9.90019913583863,-0.5885117590545759,0.3044208255707922
183.2,0.9692293769341128,151.98649563220198,11.965267867510754,0.8654686841432712,0.347305817102948,8.079581974305658,-0.12621055052235028,0.3317486724199165,10.034387558679791,-0.5657816114800923,0.29634301214519304
183.25,0.9700531716767715,152.0361617603779,12.003250261381762,0.9000525141871575,0.3526034608460566,7.94306969246853,-0.20107338080943088,0.33347008487081237,10.172540441642633,-0.53392026548742,0.28198431452104966
183.3,0.9709352514178694,152.08582280878704,12.029700759142312,0.925919250746924,0.34921689015048435,7.821523673287681,-0.2667062962857405,0.32914253854478454,10.310167999088838,-0.4933010324779906,0.2655622401718393
183.35,0.9719173614686154,152.1354809363213,12.040345541436938,0.9410778507310895,0.3376277415191952,7.716848939973126,-0.32076417206039454,0.3192311834575912,10.443685434573746,-0.44586259869503025,0.2555115756062568
183.4,0.9730533991830362,152.18514430326084,12.031691991368707,0.9435942131036048,0.32237103163559666,7.630295425389156,-0.3627976584375431,0.30542791079004095,10.570404302181334,-0.3947144744247598,0.25886417819727525
183.45,0.974385320913099,152.234823827056,12.00108660920273,0.9323216081761424,0.3088287325769141,7.562411061822613,-0.3938423182570536,0.29058785378151447,10.687725700328844,-0.3434931589627632,0.276968093983338
183.5,0.9759272005025426,152.28452853323418,11.947008245205339,0.907661132591793,0.300758316014993,7.512129210828336,-0.41571752946330337,0.2772507039286995,10.792727463650678,-0.2954837690468013,0.3049758483636795
183.55,0.9776611011577918,152.33426147024167,11.869905961077617,0.8721485114256612,0.29878784596082547,7.476210818984833,-0.4302765732272561,0.26617694728823194,10.882500527976992,-0.2527621120344139,0.33394291489097916
183.6,0.9795488873043688,152.38401676045328,11.77424500900829,0.8308782995253231,0.30169154846079543,7.45093212719679,-0.43867943985185653,0.2575515526226806,10.955118139401398,-0.21555318503240775,0.3551086592928597
183.65,0.9815513394885329,152.43378094029646,11.668735125729379,0.7907914216502966,0.3092384501706299,7.435058054075352,-0.4412855148540241,0.25360026184451334,11.010558041812816,-0.18236440913276739,0.36413715263869356
183.7,0.9836302748354793,152.4835417133791,11.562209811840207,0.7581770319284477,0.3204946110608596,7.430598403658558,-0.43879098891699675,0.25746900559491087,11.050338592811071,-0.1514286419063318,0.36219765099134543
183.75,0.9857394907406322,152.5332971856972,11.460599700316848,0.7363781745465356,0.33192622783363557,7.440675504443359,-0.4335502312270279,0.26885000352160565,11.076187998492935,-0.12230532758906754,0.3539802850708361
183.8,0.9878259822211216,152.58305755633668,11.367250719812457,0.7252848103666568,0.33938968338270203,7.467536025246504,-0.42970002626982445,0.2828274773049475,11.089012814659027,-0.09621737875316234,0.34474401447631975
183.85,0.9898416767476939,152.63283890485,11.283767698222418,0.7223315171348295,0.34121165043789753,7.511932579488416,-0.4319780599728802,0.29301578849170945,11.088876438731978,-0.07500571835510284,0.33827130015655327
183.9,0.9917523610088917,152.6826536292539,11.210218842223618,0.7242273999322961,0.3390377971258789,7.572974034790866,-0.44402404235115606,0.2950251927171298,11.076261384956952,-0.05942505123090531,0.3366311554438142
183.95,0.9935396141898599,152.7325032016987,11.145497529203476,0.728528690569163,0.3359244326801621,7.648130914513282,-0.46709136441890703,0.2882522049317734,11.053878734713546,-0.04784950622534945,0.3416266773783085
184.0,0.9951974479540695,152.7823775382529,11.087698622894946,0.7341274101515786,0.3344305931726799,7.733715837408591,-0.49980900660809474,0.27570171519989917,11.026591608174757,-0.03639853275824285,0.3546764537983259
184.05,0.9967216818022103,152.8322607434752,11.034324619108018,0.7405973133213717,0.3356427722856819,7.825635247346024,-0.5390064467388251,0.26222434097290825,10.999562228386194,-0.02035192770756597,0.3740252340741633
184.1,0.9981000465930244,152.8821382507845,10.982754519422834,0.7472620845978546,0.33862543721143845,7.920166024717325,-0.580903521960935,0.2524819828267411,10.977596625628184,0.004320292938296005,0.39454799523937817
184.15,0.999312134843868,152.93200232681608,10.930239366984946,0.7524373697723797,0.3399489217321475,8.014556928457388,-0.6221822585778882,0.2496894352290825,10.965291550808667,0.039801734319212086,0.41113660711926286
184.2,1.0003382264226255,152.9818548128894,10.873383635401673,0.7530833475653886,0.33462197681091344,8.107013611171896,-0.6607062751077946,0.2550866419004048,10.96629432044697,0.08575989549555443,0.42118772289373224
184.25,1.001170471190396,153.03170525898935,10.808743656039,0.7453888525252121,0.3199210169373876,8.196057926212031,-0.6955360955551289,0.26739630620193233,10.982445221052641,0.1395844379225381,0.42461630146615315
184.3,1.001817670187289,153.0815653250282,10.734008250096522,0.7260534463435578,0.29827274291638844,8.279829328527306,-0.7263014250974891,0.28294297041220495,11.013401304603658,0.19744012496450677,0.4226019139942646
184.35,1.0023022786353863,153.1314424939724,10.648389692274856,0.6935374967739281,0.2760426314395708,8.356318231728064,-0.7523446083276735,0.29763637973742413,11.05711745444167,0.25565385923901823,0.41641214198260423
184.4,1.0026526459918679,153.1813358978472,10.552172203933269,0.6487230782719483,0.26022406264019127,8.424563324428707,-0.7721062441557582,0.3091047402116392,11.111162221167971,0.31182524127389244,0.40750338464903746
184.45,1.002892224123721,153.23123638579486,10.445965738921382,0.5946836655214293,0.25549048101619803,8.485524302171306,-0.783206280298554,0.3176871897625764,11.173150738208191,0.36503711038200726,0.3976933449798808
184.5,1.0030293139189128,153.28113182022196,10.330245603816651,0.5355836456421881,0.2622211826068691,8.541298471963312,-0.7834574628502669,0.32581730935266767,11.23982449883011,0.41504089639206865,0.387658577271643
184.55,1.003053555937161,153.3310140170491,10.205105540225313,0.4752742036389435,0.27657206240818666,8.593654313228674,-0.7721179255171026,0.335330680468237,11.306558069307558,0.4611799583506868,0.37633729300939023
184.6,1.0029398491475903,153.38088155754494,10.070436949007684,0.41651149147760286,0.29287616547395706,8.644574025733768,-0.7502216028308848,0.3450470076661515,11.368561084580834,0.5021103850699921,0.3630677570034798
184.65,1.0026571310195513,153.43073839328875,9.926898482075858,0.36099747297157125,0.3065499336640196,8.69740735550433,-0.7201323725344184,0.35131976980748364,11.422273419804291,0.5362712382642293,0.34896100488286436
184.7,1.002180372938281,153.48059115436362,9.776755155694373,0.30974559132329393,0.315811209504251,8.755559021842675,-0.68509783599149,0.3507411327635725,11.465932606049934,0.5625214588638433,0.33616597793751707
184.75,1.0014969712617807,153.53044651983575,9.62371033348239,0.2633991197514097,0.3216171804945736,8.820956758367169,-0.6487566006918435,0.3418408516415226,11.499569019673222,0.5806344273246525,0.32665321998168756
184.8,1.0006052995075945,153.5803092362945,9.472027676840751,0.22239247426020475,0.32590148023754106,8.89420943953451,-0.6145059986743235,0.3256349122997792,11.524564246469668,0.5915121183625954,0.3213249663036414
184.85,0.9995094707459906,153.6301812420564,9.325531501019377,0.18695906982793017,0.3291255298350466,8.975565095851213,-0.5849489718656625,0.3050843346556443,11.543153783550862,0.5971128331426979,0.31988192243078384
184.9,0.9982156084262823,153.68006179331832,9.187302340214828,0.15709744790849361,0.32968755223982116,9.065449515837043,-0.561593738356877,0.28317741967220705,11.558283757727562,0.6001907061342254,0.32130660501333685
184.95,0.9967357593087569,153.72994858205664,9.060009317079338,0.13249935803042326,0.3256066882820441,9.164268352574028,-0.5448984869043476,0.26206154745782884,11.573617528302982,0.6038690997335674,0.3240879465149461
185.0,0.9950949200708843,153.77983949640816,8.946094231426544,0.11241832112906663,0.3162725784299108,9.272197233660831,-0.5345434035373142,0.24357847589533485,11.593370450220473,0.6110874299271389,0.326450475083436
185.05,0.9933338575311075,153.82973458774197,8.847458685206622,0.09545744571230613,0.3027309650867824,9.388420107582757,-0.529882244959803,0.22922454473686163,11.621955546790467,0.6240218128394502,0.32712156834469985
185.1,0.9915067860024502,153.87963743897842,8.764797229345813,0.07939497474535219,0.28732906441738537,9.51033210486202,-0.5303310422224593,0.21965150828426927,11.66283639796297,0.6435841798371239,0.3253232322469241
185.15,0.9896765603820591,153.92955488843887,8.695536011265673,0.06120447729449857,0.2725727187590288,9.63456777949277,-0.5352736333578937,0.21474616250061,11.716794916388814,0.6692038460401178,0.3197410293420297
185.2,0.9879103325893343,153.97949422256386,8.632550219812217,0.03765733361093731,0.2588843989930643,9.758683281374664,-0.5435195593394807,0.21405954008001257,11.781624232370431,0.6992438240105899,0.30893305791253417
185.25,0.9862773050850746,154.02945819723374,8.567560923563585,0.006672043166498408,0.24496775451796007,9.881834448630448,-0.5526137754126966,0.21708842285869734,11.853739277027604,0.732040086668458,0.2933175869470036
185.3,0.9848477426006025,154.07944267419902,8.494808934070658,-0.03187746270032828,0.23036048224797132,10.004591045688318,-0.558727266830262,0.22307118829967926,11.929691463738143,0.7665739053023515,0.27589151970067843
185.35,0.9836890631880831,154.1294394354763,8.411845162520219,-0.07656818427250163,0.21614841998126672,10.128339662441181,-0.557511169559676,0.23137616781922696,12.006351069877955,0.8021901657946408,0.2609083869765246
185.4,0.9828595875939118,154.1794414147069,8.318962292378949,-0.1254015232408792,0.20392888210737153,10.254714366648717,-0.5453884130132698,0.24273904841270838,12.080285092006273,0.8378473392337877,0.25210528431531404
185.45,0.982401398481843,154.2294473401003,8.217778680980578,-0.17675519998243513,0.19484376997053982,10.384871900798345,-0.5206644146123296,0.2588228683569454,12.147125837249162,0.8714710345673424,0.2515481889011379
185.5,0.9823335142699308,154.27946357195046,8.110682158263703,-0.22985050348345354,0.19015317531284184,10.518274339153697,-0.4840573578936629,0.27966797708510477,12.201450246731003,0.8998291092773021,0.2585676904481106
185.55,0.9826521677651741,154.32950131325768,8.001909027931434,-0.284362953517014,0.19274154452499903,10.651862593215286,-0.4383135217121249,0.3023982543621427,12.237936209214693,0.9193140661615585,0.2697364910383648
185.6,0.9833345558469919,154.3795704648796,7.896891251362316,-0.3395828438492534,0.20523943414284737,10.780647771533818,-0.3870247819726295,0.3226013959316564,12.253342500780546,0.92737063018356,0.28100889326119727
185.65,0.9843421305829047,154.42967418412562,7.79939569288566,-0.39387363992172797,0.22580960673486183,10.89925791600236,-0.33336011132042714,0.3367933258483647,12.247105778922878,0.9235144877452176,0.2900762509259094
185.7,0.9856311172182317,154.47980677618511,7.711090857205582,-0.44456737719997413,0.24875234597039722,11.003270873667754,-0.27931195938030373,0.3440980679277046,12.220208773511198,0.9093919028519651,0.2975209709114717
185.75,0.9871637370772441,154.52995616207903,7.6339195146640035,-0.4884102895337054,0.26926345001256746,11.089518236275461,-0.22578093738299854,0.34615112528911474,12.1740759264354,0.8881090237167715,0.30614354516637504
185.8,0.9889053072358842,154.58010991618494,7.571253143829842,-0.5225982686861138,0.2855752830019506,11.1552057743459,-0.1734160016552099,0.3454238323150134,12.110112656125409,0.8631275683331209,0.3188127411107704
185.85,0.9908143821827425,154.63026078315258,7.526480769575149,-0.5458223370275606,0.29720059917335995,11.197763133208312,-0.12336582730331815,0.3442089503455197,12.029655000843178,0.8372046193460406,0.3369130961046426
185.9,0.9928380077253905,154.68040860710414,7.501596547652016,-0.5586995577196013,0.303779567994334,11.216318742879606,-0.07728965943166777,0.3449141152148529,11.934870622538636,0.8120244035182468,0.3598231120165845
185.95,0.9949097330436741,154.73055908061895,7.497326941632138,-0.5635263662904205,0.30577477811565307,11.212636528668954,-0.03692181050476744,0.3494742227403068,11.829590251511936,0.7884150997621493,0.38437368314415776
186.0,0.9969512384499304,154.7807207658868,7.513686851410135,-0.5636150143413883,0.3046707318295892,11.190889462906153,-0.0035579457699188087,0.3582376862102121,11.718243171856981,0.7665620675923451,0.40533179780769724
186.05,0.9988808984563453,154.83090125287416,7.549980901021054,-0.562453373673235,0.3024818535181008,11.156532291913509,0.022377158072662467,0.36994243394078646,11.604251914782415,0.7462507901159515,0.4176982401729783
186.1,1.0006253910613387,154.88110433977323,7.604664062340834,-0.5629849234158979,0.30109775999519295,11.11470341069805,0.041514639730002946,0.382203122189533,11.48931290707874,0.7271381731647477,0.41866944214215446
186.15,1.0021286495029906,154.9313286903649,7.675472700016609,-0.5671283309427794,0.30197383698778646,11.069609819798004,0.055628928517411656,0.3921428213320006,11.373431907658677,0.7089882773919741,0.4083442914136699
186.2,1.0033526416277034,154.98156748414368,7.759365597010541,-0.5755705181286996,0.30597122565855733,11.02556915959711,0.06778906356701922,0.39739629643096974,11.255538927899439,0.6919181190332168,0.3892379023024405
186.25,1.0042730893770393,155.0318103579884,7.852349606944956,-0.5879925206411662,0.31253563125650546,10.98765837232374,0.08199264529778556,0.39707821984521907,11.134368881748895,0.6763495749985698,0.3649533288997509
186.3,1.0048771831441365,155.08204757425668,7.950169101967564,-0.6036237196952352,0.31953596702052656,10.960208145710405,0.10193873718944003,0.39169527820177763,11.009610285176667,0.6625957476685898,0.3396844056710336
186.35,1.0051617652653264,155.13227381579426,8.049625999234497,-0.62173859794305,0.32451350190532896,10.945631629567472,0.12991766913251465,0.3823093979812295,10.882693875758026,0.650383632491805,0.31804604457467245
186.4,1.0051307310936972,155.1824905736971,8.149233138651455,-0.6419889868646038,0.3257965240032208,10.94391358382222,0.16605885377264792,0.36995417595669605,10.756165175807475,0.6384148262777546,0.30363494100003907
186.45,1.0047948233668722,155.23270553496903,8.248401683801234,-0.6644071014473036,0.3228451537382569,10.952515231725794,0.20826059472350314,0.35580196587118484,10.632494908221576,0.6244001717646511,0.2976756426649075
186.5,1.0041726940463795,155.2829277485493,8.346048054450192,-0.6888665212668953,0.31635886547085645,10.967965555885549,0.253440394309228,0.34175829404564323,10.512967856049942,0.6057993059661786,0.2991544426864929
186.55,1.0032898336984217,155.33316172481426,8.440576702016468,-0.7143308154068028,0.30850635071624155,10.98772815798465,0.2990523602092491,0.3310844452049713,10.396657229609056,0.5807471980293358,0.30561355518793626
186.6,1.0021726816576262,155.38340397780405,8.530968182672314,-0.7384132368443734,0.30257690467559695,11.011570355883919,0.34402289887815396,0.328656370553286,10.280331284418459,0.5487373807636867,0.31374577632980394
186.65,1.0008355630962722,155.43364475942263,8.617077290857612,-0.7577683885113569,0.3006543213086473,11.04131489124492,0.3886338874200518,0.3381830365228457,10.159162822563879,0.5105408428489289,0.3201997850865937
186.7,0.9992696013630863,155.4838739454328,8.699704778785215,-0.7691428150975552,0.3010910092946158,11.078587273850365,0.4333591613221832,0.35823554512337985,10.027823937681347,0.4674453387502893,0.3221080625722387
186.75,0.9974479456034566,155.53408584939845,8.78041394182324,-0.7703484915669077,0.29927391086453714,11.122947951233304,0.4778348931406189,0.38154810696906766,9.882110726905735,0.42065013167462606,0.3175853264851213
186.8,0.9953473731508653,155.5842805723957,8.860800957936524,-0.7607598114840817,0.29132705630327643,11.171361595929756,0.5206203366119139,0.3973010616582651,9.720753717473224,0.37115499977928706,0.30709220344233706
186.85,0.9929718344303513,155.63446230078617,8.94227251160364,-0.741166349791773,0.27659265981676767,11.219174073145588,0.5596610190026403,0.3961884558455008,9.546701823481618,0.32002745749437256,0.2945340931393455
186.9,0.9903654919493434,155.68463621422868,9.026902232654264,-0.7131730371678446,0.25880698432441646,11.262008015745977,0.5930872276022889,0.3756531796371117,9.366806127316329,0.2686938136741774,0.2865863065017025
186.95,0.9876027817033145,155.73480738979603,9.117609059939618,-0.6788981615235704,0.24549493243228748,11.297023322200937,0.6196543811774221,0.3409012811706201,9.189172834942035,0.21869328260857435,0.2886539515358013
187.0,0.9847583140457828,155.78498200910064,9.215955431395132,-0.6411594367081722,0.24266705643034645,11.323263689797724,0.6386958956707703,0.3022741930673248,9.020576443787023,0.17108957447629866,0.30052825315844195
187.05,0.9818829916190429,155.8351669532228,9.320912329686267,-0.6032478574371645,0.2500532486798568,11.341709910048229,0.6502575923742069,0.27098039541523306,8.86641859095522,0.1263855143728614,0.3170694232185985
187.1,0.9789976174072433,155.88536732553746,9.42936732772013,-0.5682323104344364,0.261245697005702,11.35522016858862,0.6555002235998553,0.25439475551101154,8.731519999708958,0.08491269340871925,0.3319722669988189
187.15,0.9761033508854002,155.93558428692592,9.537581578376365,-0.5382571127138429,0.2678073867704123,11.367996893358598,0.6568446937654134,0.25389060685039433,8.619740442148117,0.04712941037687741,0.34029506478419647
187.2,0.9732033593214688,155.9858147976676,9.643255384927945,-0.514113451877211,0.2645157023015134,11.38469665603673,0.6576155520368906,0.26566017176762236,8.533059343683059,0.013548117850282494,0.3400235923579238
187.25,0.9703194844456462,156.03605472191637,9.745920859620986,-0.4955695467087535,0.25167933789628777,11.40929971520866,0.66104892013004,0.2828251133608255,8.469273638397206,-0.01597130992024475,0.33133331035967956
187.3,0.9674969976635404,156.08630242852726,9.846040086012852,-0.482008465116275,0.23422760553053604,11.444321395574589,0.6692940845553718,0.298350033068918,8.42105433379872,-0.04273282054724229,0.31422777608664704
187.35,0.9648038106641473,156.13655889512017,9.944649241924349,-0.4725498891798447,0.21923681933742675,11.490936233068284,0.6832330440439821,0.30772783435895373,8.380009077627522,-0.068628675764397,0.2900250204723437
187.4,0.962322196444799,156.18682674964163,10.04326244760474,-0.4660022608385742,0.21287824388650625,11.549129046288815,0.7026686352355153,0.30985189151453846,8.339818714347327,-0.09553862920311505,0.26266211257944305
187.45,0.9601343673836844,156.23711023730368,10.143404231702304,-0.4610179332762133,0.2182370880993772,11.617302212509044,0.7263924633791462,0.3060607308492221,8.294563204668737,-0.1253128170621949,0.23612831269514217
187.5,0.9583128471456122,156.28741411531246,10.246011760664715,-0.456135150308172,0.23468901622770738,11.692207401317237,0.7524520811510798,0.29897127894300835,8.236797988103278,-0.15964015307817453,0.2130935218255576
187.55,0.9569147978766798,156.33774102982434,10.350768773929245,-0.44965080263014534,0.25845246009081946,11.768933965993403,0.7786626154933496,0.2916618200083303,8.159655348112953,-0.19943657891429067,0.19628529079225823
187.6,0.9559769031524051,156.38809001901467,10.455780061686971,-0.4396626290688424,0.28403942474092864,11.840731510719786,0.8030012692320899,0.2858935016682491,8.060192170397734,-0.24436110497982133,0.18958073374331857
187.65,0.9555123229253495,156.4384564676743,10.558166259449843,-0.42420974456204347,0.30614381249882544,11.90029631223229,0.8239768580609094,0.28131281706021716,7.941316053788362,-0.2927416747564818,0.19788874871631004
187.7,0.9555056712589821,156.48883332252737,10.654866792036495,-0.4015682589982792,0.32141614513978856,11.942217958171362,0.8408419117915372,0.2777709730718838,7.810488436391417,-0.34194772679729796,0.22308735429771584
187.75,0.9559112943517974,156.53921449469416,10.743169155288998,-0.37082752811416814,0.3291825887357125,11.96320650342019,0.8531123749342024,0.27708436522951185,7.675862504092204,-0.38930024203530855,0.2597153696847474
187.8,0.9566619400142877,156.5895985844609,10.820808478826576,-0.33240466166378346,0.33063146774179974,11.960082016298237,0.8597823936792395,0.28130859416764875,7.544137816888009,-0.4329930531272647,0.29701268770895006
187.85,0.9576818029750005,156.6399894555745,10.885286142673717,-0.28807504655663285,0.3273521364774297,11.929454935260665,0.8593283579898845,0.2904753478648455,7.42052696242061,-0.4723898903219163,0.3244570448602777
187.9,0.9588985617690452,156.6903929712529,10.933174635607045,-0.24038549472572035,0.32021821324305977,11.869482839890704,0.8505709154596478,0.3032880077110314,7.308799497369924,-0.5076188364193117,0.33560758612044256
187.95,0.960252590576439,156.74081247485955,10.961064202227396,-0.19168892168802892,0.3097569103402706,11.781498764997146,0.8335761274041605,0.31935021983475514,7.211566486662335,-0.5388462521042584,0.3294867128533161
188.0,0.961697916340889,156.79124610238358,10.967519217707578,-0.14337819941027324,0.2971918411867532,11.671101747865274,0.8100983501058797,0.3398194369124036,7.130963572126397,-0.565781356941415,0.3107025868598814
188.05,0.9631913776727866,156.84168864678338,10.953972695859212,-0.09595106308934884,0.2841555404501576,11.546556392442474,0.7829842063838367,0.3644352179783337,7.0687493333943445,-0.5879369908536162,0.28813312359035465
188.1,0.9646818849773309,156.89213584193416,10.925385981650965,-0.049524273746120395,0.27346510105074584,11.415031104536311,0.7548586486394342,0.3891062862037909,7.0255912301600185,-0.605303650585733,0.2708189265551357
188.15,0.966107854513863,156.94258709463,10.890024688916593,-0.004272112679092264,0.2701711329885597,11.28074029405371,0.7272475113577476,0.40730774935204855,7.000892262438446,-0.6187172309483282,0.26371379835576436
188.2,0.9673983065833587,156.9930459330002,10.85619129627267,0.03913669626175009,0.2780764684511273,11.14571960534157,0.7005273072385741,0.4134762375685433,6.993902468014618,-0.6297719118552775,0.26728359925024486
188.25,0.968478160972885,157.04351760349468,10.828848096583833,0.07949341532858023,0.29628834950717553,11.01161140454302,0.6745579635564357,0.40611924665335125,7.005203140622036,-0.6402514909536632,0.279862291930878
188.3,0.9692750035695131,157.09400620401138,10.80859924825172,0.11538863282847389,0.3196700782528526,10.880226539979406,0.6492120604823948,0.3881055020144232,7.036882555987936,-0.651519442777722,0.2982132908029655
188.35,0.9697245118645897,157.1445132070168,10.793248695699864,0.14576504649494268,0.34143868305406566,10.752341991072878,0.6244173839974969,0.3641992537432587,7.09062435905141,-0.6642608793562643,0.31628465397782257
188.4,0.969781481766065,157.1950361247313,10.780656182982021,0.17057365198384752,0.3571675359358314,10.626689794164205,0.6002110015920398,0.33862227689334506,7.165759523863746,-0.6783589547027299,0.32612073096158245
188.45,0.9694301440071977,157.2455682611881,10.768834214292976,0.19085483181331647,0.3653643918012201,10.500776907035657,0.5769079487192514,0.31462432358042763,7.25936164338647,-0.6929030288428454,0.3213446852465756
188.5,0.9686866011908545,157.29610046441468,10.753622132145816,0.20818419573526198,0.36415307555750653,10.37289533242102,0.5550857937008439,0.2955224450706303,7.367758696465627,-0.7064698200093298,0.30094138596040576
188.55,0.9675985910013073,157.34662356384945,10.729361864928524,0.22429602479297234,0.3514996889467814,10.243551312231988,0.5353431462839371,0.28536511773671225,7.487073555492921,-0.7175776341255492,0.27004091634715444
188.6,0.9662365031314781,157.39713112669565,10.692387341948582,0.24092157913962306,0.32902990740643007,10.114411365736828,0.517751231843099,0.28693975778075825,7.612732951164855,-0.72520221132334,0.23666096325159555
188.65,0.9646740436647799,157.44762123911192,10.643956953640075,0.25963800918097224,0.30509098567053616,9.985671033093642,0.5013125312130561,0.2985343573056785,7.739558321742893,-0.7290760380536803,0.20757879064536747
188.7,0.9629668286318944,157.4980960044975,10.591593515484876,0.2819232581237195,0.29306355902278547,9.855143592485422,0.4839987902787635,0.3138870766294461,7.862879547160125,-0.7295744758689947,0.186370828711284
188.75,0.9611328388810279,157.54856126919003,10.545929664022497,0.30879862067376995,0.30186885832292654,9.719612754015426,0.4631556209451786,0.3250813911916384,7.9796717360464235,-0.7275999870653617,0.173456597616298
188.8,0.9591547797365202,157.59902515550826,10.515780119839947,0.34038700283771733,0.32936758034171815,9.576776818121248,0.43623495577731125,0.32614277456718493,8.090364903679928,-0.7242438772410431,0.16900310587330208
188.85,0.9570012801770676,157.64949452235433,10.506226517571921,0.37608968094300654,0.36491440713246376,9.426114569071514,0.40161665465622504,0.3158136107211755,8.199512108000937,-0.7201786411971588,0.17507597273171283
188.9,0.9546412189202126,157.69997332026406,10.518247723618874,0.41478469253267525,0.39474729879578985,9.268372050489624,0.358897964606912,0.2976418550247641,8.312132275652843,-0.7155351971129005,0.19167886706967216
188.95,0.9520549449748982,157.75046254168467,10.548818286008055,0.454945910954184,0.4071551409468554,9.104926311989782,0.3088728013469925,0.2780950325982606,8.43034949894081,-0.7100770238004269,0.2134152684713013
189.0,0.9492470715882391,157.80096000988814,10.592470032564924,0.4950295080792919,0.39703101435266125,8.937704571642838,0.25346987681787186,0.2643364331801007,8.552112505680961,-0.703310064193254,0.23052550525941448
189.05,0.9462531548420936,157.85146072400258,10.643103118827685,0.5338368595276953,0.36727368227180757,8.76905205645616,0.19550311410337223,0.26089944121394854,8.67232720708586,-0.6945629476613149,0.23415654006557968
189.1,0.9431374697394375,157.9019581272958,10.694879776540668,0.570574662623432,0.32650925038727846,8.60158268115686,0.1382085056937496,0.26749344186149515,8.78678573535138,-0.6830187650733859,0.22297734308065095
189.15,0.9399804654910924,157.95244655263937,10.74251829800217,0.6045757260366974,0.28522527902241246,8.438602713317254,0.08458458823500145,0.2807637986339634,8.893938559164024,-0.6679622143245261,0.20342250580066862
189.2,0.9368576796566974,158.00292378100312,10.78147350134936,0.634939031632099,0.25224935293458406,8.284154734358122,0.03672140276864032,0.29702654774166315,8.993933683288677,-0.6491798061950069,0.18458154695054227
189.25,0.9338198005681879,158.0533922122442,10.808712341504718,0.6604875959810906,0.2329658705368899,8.141998225870925,-0.0046173630428588625,0.3130050060438456,9.087670543547588,-0.6271613023703717,0.17312050130649395
189.3,0.9308858966267847,158.10385799700546,10.82432969910596,0.680184822510463,0.2298686748762065,8.01404422099011,-0.04004162803709879,0.3254401211328212,9.176379436244362,-0.602953576368072,0.17102344477921397
189.35,0.9280459116621601,158.15432867144452,10.831777331181648,0.693607302057525,0.24283438754375405,7.8987025097349255,-0.0712363687291962,0.3300016165839047,9.26138202421542,-0.577795363948454,0.17678371610909685
189.4,0.9252680460555883,158.2048100818531,10.835735134264791,0.7011857681913934,0.26741193859271867,7.791798994854652,-0.10021942084018239,0.32231902162878473,9.344576990206127,-0.5526152890656447,0.18824078778774628
189.45,0.9225159919479256,158.25530407501157,10.839684076522706,0.7041506456866163,0.2948633317841611,7.6898804584828415,-0.12854520861180618,0.302192388442101,9.428986787301179,-0.527638582058332,0.2041304960719495
189.5,0.9197648128973989,158.30580898390386,10.844753935095197,0.7041273798171248,0.3150704319775103,7.590757701503787,-0.15717689455425216,0.2743892684701961,9.517587128173465,-0.5025789717777092,0.22347041893093103
189.55,0.9170086599955358,158.35632159548257,10.850266150577012,0.7027449575835812,0.32064991850169783,7.490938152125975,-0.1868190280796829,0.2455267068532441,9.611086281852922,-0.4771654325467029,0.2438338660542745
189.6,0.9142628987456463,158.4068381237645,10.85502677498785,0.7015197530335612,0.3102388312349545,7.385006624565025,-0.21802064325348952,0.22172323069667846,9.706996854108823,-0.4513539319155443,0.2606801922529977
189.65,0.9115623305741768,158.45735413759928,10.858345369249097,0.7018971821619062,0.2889626103991293,7.2682431862984815,-0.25094848170657036,0.20741066546151157,9.801328046734291,-0.42510775872761686,0.2699343460192298
189.7,0.9089571190695355,158.50786462028725,10.860586315714933,0.7052386573704709,0.2662628960180889,7.140140596371685,-0.2852340573392079,0.2067306777943293,9.890891310058299,-0.39814902116300255,0.27109072806619067
189.75,0.906494026693729,158.55836560751473,10.862543152999011,0.712431887128197,0.25148400715547853,7.005575002747332,-0.3202160349432673,0.22329901185666576,9.97434210897489,-0.37005656380495433,0.26740918429806554
189.8,0.9041858114744292,158.60885705797327,10.864165648910213,0.72326399175091,0.24930383849619167,6.871150981890103,-0.3555308533827027,0.2542664565198999,10.05211515512187,-0.3406496335830429,0.26386689289106446
189.85,0.9020003083109556,158.65934403200342,10.863396175700437,0.736098162700587,0.25814892418925,6.741494007631304,-0.3914843204901744,0.28843287812455093,10.125528204596195,-0.31023743215934896,0.26422763770037194
189.9,0.8998787048498955,158.70983449181725,10.85638242311729,0.7483174610950694,0.2720364371938447,6.619474033994131,-0.4287631942804311,0.31257397654630575,10.195434433873396,-0.2794815927103671,0.26860501632180667
189.95,0.8977672319524365,158.7603346428862,10.840242732682517,0.7575261561007532,0.28505904940582383,6.5081800072650475,-0.46765977866786307,0.3192878571809054,10.260976929212124,-0.24892545845013725,0.2731921468919742
190.0,0.8956419729342157,158.81084542238818,10.814609876626886,0.7624223976825669,0.29463010501945325,6.410937833208564,-0.5075365412121683,0.30981092843801655,10.31950938391247,-0.21856021834120645,0.27274710744484143
190.05,0.8935158476038183,158.8613624593511,10.779946030736827,0.7627473012721744,0.30050728512323044,6.32958206326615,-0.5469223070578753,0.2915389716476648,10.368172026757456,-0.1877053737268034,0.2646096407903433
190.1,0.8914304665755269,158.91187872042042,10.735516305188682,0.758720241568013,0.30283969752771034,6.263889411895017,-0.5840000838232738,0.273770414018865,10.404902771328313,-0.15538074395147247,0.2509073155659693
190.15,0.889438311815648,158.96238764873317,10.679853098536173,0.7505955658158893,0.30248386820197537,6.212768491955926,-0.6171037029641064,0.26364690758033293,10.427904501916213,-0.12092017736955903,0.23713484498985757
190.2,0.8875817822233797,159.01288517460833,10.61228499038126,0.7385394774001004,0.30120527687873505,6.175694248629187,-0.6450560974342673,0.2636991870685422,10.435641170800235,-0.08427251706158848,0.22940559967450153
190.25,0.8858770951875603,159.06336984053615,10.534007552309516,0.7227741588936206,0.3009251185990077,6.154012532381057,-0.6672382032162514,0.27213092517126125,10.427662875121714,-0.04587734938089338,0.2324579753763738
190.3,0.8843077237599262,159.1138421415913,10.448555348020388,0.7037321141600956,0.3025972904332407,6.152190785699827,-0.6835176709645147,0.28591737943683226,10.40468839299301,-0.006500940794191949,0.24789474162841768
190.35,0.8828271812703222,159.16430439080358,10.360468481088315,0.6818556958484794,0.3053899642905035,6.177133742714342,-0.694274120781353,0.30289227090373566,10.36915667788695,0.03297576140903041,0.2731074539998702
190.4,0.8813679715636374,159.21476080850002,10.272783583434029,0.6572163127851552,0.3070042752835927,6.234956436193335,-0.7004831799671939,0.31978749438085413,10.325889157553151,0.07175568075811523,0.3020545130497077
190.45,0.8798613409437908,159.26521725334598,10.185504403425476,0.6294039090030584,0.30413628344903504,6.327550810434889,-0.7037360390576315,0.330691885996823,10.280605374857302,0.10900831117483406,0.32773391439663574
190.5,0.8782637320672405,159.3156792712666,10.096338583340797,0.5979895296186826,0.2941239673709739,6.4517092969900505,-0.7058769039019682,0.3285701065143698,10.238322092103358,0.14397483252272178,0.34466453722354623
190.55,0.8765763032561196,159.3661491013944,10.003296354652655,0.5632767574078147,0.2774735327441739,6.601329936587587,-0.7083189528782047,0.30898056020064085,10.202114280764722,0.17631952458365852,0.3494288747478631
190.6,0.874852779223318,159.41662429571724,9.906750879639128,0.5266408109273177,0.2584147256878406,6.770073128249123,-0.7116161820563656,0.2737082925422459,10.172236864536494,0.20625731050596,0.34075569977015896
190.65,0.8731937260215041,159.46709894835163,9.809097094281016,0.4901622552410365,0.24280119312260015,6.951718256813514,-0.7155675589732294,0.23031318879709442,10.147372630682295,0.2344867169049435,0.3212986029515387
190.7,0.8717227551439208,159.51756684194396,9.712648578463172,0.4558214230214383,0.23459789620135663,7.139307001289316,-0.7196691294562976,0.18786524230598337,10.126319027827952,0.26187554210734176,0.29786142728822085
190.75,0.8705564127503639,159.56802416187838,9.618181431588742,0.42485944599280034,0.23375319249377183,7.325521264360038,-0.723485790020336,0.15314173794904518,10.108878440041531,0.289112218557702,0.27923297931129076
190.8,0.8697829744645842,159.61847058619313,9.525449890699889,0.39757335713221387,0.23733368048435233,7.504122597191959,-0.7268040761031224,0.12963881944232836,10.095596916900782,0.3164700266938366,0.27261698676782586
190.85,0.8694532509255746,159.66890917264345,9.434662257607371,0.373411163125982,0.24230815276095147,7.671121806210799,-0.7296434890290758,0.11821948894839818,10.08666882063923,0.3436852224439248,0.280031268803197
190.9,0.8695826103154704,159.71934483097857,9.347060430745202,0.35127444396278995,0.24706803605925096,7.825317327085171,-0.7320678836822918,0.11801992467642013,10.082334284251374,0.3702337527547342,0.2984110496723272
190.95,0.870159249947858,159.76978235328625,9.263498215028331,0.3297529745669985,0.2511182125295081,7.967668114007874,-0.7339455591741111,0.1266657576416129,10.084207225860451,0.3957752706979805,0.3226038426539362
191.0,0.8711517964369047,159.82022593562877,9.182054328875365,0.307077217274193,0.2535407745403044,8.099908206222137,-0.7349511303540962,0.14011671725338262,10.094955497333483,0.42020643211196423,0.3466387876083452
191.05,0.8725199485823742,159.8706790959472,9.097394784040372,0.2812539145183333,0.2520235938799277,8.223716666458932,-0.7346212434084236,0.15357404674271105,10.116797839389138,0.4435398517574458,0.3638451580674937
191.1,0.8742310090723686,159.9211429616587,9.003243312357629,0.2507614928805986,0.2449763154603601,8.340552748426614,-0.7321683412402408,0.1633222021699681,10.150365792404427,0.4660613259536875,0.36805392274486015
191.15,0.8762751226431793,159.97161495922492,8.895234294747818,0.21515006424754488,0.2341841667805858,8.451776767670463,-0.7263767275643358,0.16813675992013638,10.194068845669984,0.48842760046538664,0.35578614230301536
191.2,0.8786702143574049,160.02209027438394,8.771538169198273,0.17492795673549244,0.22444829555294243,8.558740776338482,-0.7159055537595466,0.16903594487222323,10.244202941117416,0.5113395386733116,0.3285408889582748
191.25,0.8814518626396788,160.07256488340138,8.632219235272087,0.1309983421815696,0.22123521634252458,8.662656949370655,-0.6998232473736422,0.16795023309356738,10.295751229076894,0.5350774894370425,0.29289518697313904
191.3,0.8846525441083966,160.1230375195786,8.47828366549066,0.08418115655434753,0.22806872137539833,8.764451921776256,-0.6779721133604095,0.16675982268053552,10.343413331738377,0.5593073671147742,0.2582521273632099
191.35,0.8882809239511973,160.1735094718592,8.311053515306522,0.03512266684136549,0.2446815601624163,8.864720207124941,-0.650974866842217,0.1671979233087574,10.383268370725485,0.5833484132070019,0.2340556079501736
191.4,0.8923052389103084,160.22398316862603,8.132869253187714,-0.01550445131320542,0.26697450441239445,8.9634598107555,-0.6200282899114753,0.17051756449603075,10.414350095966167,0.6066394721510109,0.2266678398080799
191.45,0.8966452299972714,160.27446128200225,7.947748733946094,-0.06688518392842854,0.28866885156887595,9.059312310496294,-0.5867352232218559,0.17614931536227638,10.437997649765592,0.6288151708025866,0.23621952459352175
191.5,0.9011840789245931,160.3249464994012,7.760439132800591,-0.11814796339954446,0.30386622198362956,9.1491460334357,-0.5529662181530214,0.18134852988505978,10.455732601681358,0.6494712795154315,0.2559093780773738
191.55,0.9057957397608872,160.3754403216122,7.575357767765325,-0.16831935796619357,0.30911068708215056,9.229204922110458,-0.5204510191328192,0.18336051449531957,10.468185366859537,0.6682081439069413,0.27533260228359263
191.6,0.9103726017992687,160.42594135686372,7.395717292350177,-0.21620115667977424,0.30407412370894754,9.297105836606814,-0.4902372249799815,0.18233268871938504,10.475646743981953,0.684942619473721,0.28599761421488074
191.65,0.9148414321792145,160.4764452605225,7.222887269943008,-0.260494602620065,0.2914454393331224,9.35333176391881,-0.4624407719247155,0.18236116854112772,10.47849595051181,0.6999633866172345,0.2851601284644625
191.7,0.9191558690124216,160.52694690701364,7.056943571474131,-0.30016165390346444,0.2760911929169046,9.40091713128076,-0.4364705855995745,0.18855843807261125,10.476477964509565,0.713535482632631,0.27538018861858987
191.75,0.9232753316733252,160.57744296979538,6.898021115447286,-0.33477134216478194,0.264132137338174,9.443586012350853,-0.41151760111554486,0.20233635661713237,10.468615188745378,0.7255260545685502,0.2619429010893801
191.8,0.9271498899220103,160.6279329462527,6.746909644248348,-0.3646410451923599,0.2618952953727407,9.484826738098334,-0.38686445805910435,0.22009830911356673,10.454334816852272,0.7354216355031105,0.25076905091125506
191.85,0.9307113904716098,160.67841862799287,6.603914033707703,-0.39075979342361006,0.2723202664997482,9.528472601563411,-0.3619224630464176,0.2367128673217292,10.433844232729767,0.7425030779774916,0.24631507634989697
191.9,0.9338722891283593,160.72890259087433,6.468372202456156,-0.41447310943335436,0.2920600646859672,9.578819094359696,-0.3361790847642319,0.2497753817283909,10.407685704135876,0.7460691712682618,0.2501356785246994
191.95,0.9365337478551287,160.77938699533698,6.3395150155772235,-0.43715453125987563,0.31311592598942944,9.639021869326855,-0.3092367628174395,0.25939837602173355,10.376554181795784,0.7456639435514123,0.26095310783805953
192.0,0.938599789037939,160.829873128594,6.21693890950433,-0.4600231574926516,0.32715762698022904,9.708873329250375,-0.28093407673212667,0.26505110009242644,10.341488305377469,0.7412105834361145,0.27580077962180105
192.05,0.9399933033136976,160.88036075335734,6.10047614502188,-0.48396038699968086,0.32915564969061933,9.784093083748482,-0.25131571883600795,0.2643408606773596,10.304138406888379,0.7331040385324882,0.2916442273735671
192.1,0.94066880106833,160.93084723359866,5.990081542740972,-0.50930181808981,0.3192568849674644,9.85834050990808,-0.22034346710711247,0.25550404619966244,10.266013781371582,0.7222116125300777,0.3054922592292778
192.15,0.9406199968659619,160.98132737395375,5.886743182486453,-0.5357462568205587,0.3037732410599606,9.926141163916176,-0.18765928733174136,0.2413965883517284,10.227179445854794,0.7097249441879759,0.31326973450962203
192.2,0.9398741096655513,161.03179466059143,5.794105324106452,-0.5624625233921506,0.2928849905253991,9.983374852159645,-0.15278439172470804,0.2296625215945738,10.18705323110404,0.6969949954271268,0.311224653127939
192.25,0.9384654196919279,161.08224376969656,5.71810579438094,-0.5884559859243208,0.2940326294800928,10.025664357890973,-0.11561880575255892,0.2274886168049609,10.145947467560099,0.6852076237205109,0.29886587718195917
192.3,0.9364071471633325,161.1326727060222,5.665475007613924,-0.6129881382707485,0.30747706310668454,10.047901352425287,-0.07674197182847775,0.23691936070637348,10.104814697355584,0.674903927209959,0.27920311570915096
192.35,0.9336858721392406,161.18308307157938,5.6434685521694234,-0.635702930149144,0.3271178095936165,10.046230923646368,-0.037243066140319456,0.25563698874374646,10.064238526657958,0.6657638793532348,0.256591583720706
192.4,0.9302748423088291,161.23347880572402,5.659314523379105,-0.6565353489385166,0.3444040811538561,10.020775648663944,0.0018089379962889424,0.2788351755378427,10.023748661775059,0.6567472953136126,0.23551654976859773
192.45,0.9261525314874898,161.28386432595147,5.7181811989629265,-0.6755792826066307,0.3518897724326257,9.977446045931144,0.03990889385252987,0.30082701802779876,9.981359932538057,0.6463838533148689,0.22070714981484632
192.5,0.9213194167922515,161.33424362732873,5.82083794318253,-0.6930537080681719,0.3445093168333749,9.925919226748489,0.07701222161754809,0.3177117094342393,9.933521905975333,0.6330369272916937,0.21587371057927027
192.55,0.9158048456747792,161.38462057540184,5.962449561747658,-0.7093570703351185,0.31976850117494227,9.874881233850024,0.11298179666603445,0.3274653913849828,9.875543568004701,0.6151110028895834,0.22097213348951392
192.6,0.9096697406939923,161.43499786361593,6.133882465280594,-0.7248115820582756,0.2785783180502468,9.82937842908867,0.14748489739888448,0.32870103351791624,9.803422351115904,0.5915637244623088,0.2320605420833245
192.65,0.9030110904752797,161.48537465361872,6.325001040724595,-0.7391692042057716,0.22711569301288034,9.790381288070074,0.18030223564114967,0.3203890076569556,9.716797763140894,0.5626171202110918,0.24445201561781177
192.7,0.8959600764911365,161.53574563739775,6.526361729226231,-0.7514505343693575,0.17617571737225915,9.756154785647773,0.211644875963423,0.3029999142321413,9.620253548921568,0.5299746530268469,0.2554721950477898
192.75,0.8886661613484672,161.58610314436498,6.728773577736622,-0.7603225948572193,0.13640609348942737,9.72484303072258,0.24217437846292408,0.2799085282231966,9.521669898420146,0.4962443321351883,0.2640171513759096
192.8,0.8812755823345299,161.63644085256797,6.923513557452198,-0.7646983942316906,0.11385090673700252,9.696453220517146,0.2726688169378358,0.2578979115595932,9.429610925893163,0.4639874003767957,0.2686797283203458
192.85,0.8739162959980561,161.68675707991812,7.103646210844476,-0.7642693402800131,0.1092298818950538,9.673368641573004,0.3035617657605783,0.24532506572245844,9.351571857223774,0.43484275433258784,0.2678164986516317
192.9,0.8666865595485859,161.73705731434276,7.265168425861259,-0.7598755109161986,0.11908066864636283,9.658481501280725,0.334343164234127,0.24659188092484882,9.292925980567952,0.40886604685211736,0.2603864733158857
192.95,0.8596561091271739,161.7873536062699,7.408064167319097,-0.7533101691528259,0.137678118030307,9.65359453974119,0.3634750143490798,0.2592307212723197,9.255722161493699,0.3844486962792581,0.2465016635257813
193.0,0.852884357718261,161.83765970167335,7.536089675179497,-0.7465016829958426,0.1593544514716115,9.659932117700926,0.3892367177877012,0.2768072037291123,9.237677805282626,0.3590375141582794,0.2284280508289902
193.05,0.846436347047274,161.88798530162174,7.654212965184203,-0.7406475782323054,0.1790984594577584,9.678733245953424,0.4107604211536511,0.2929347825913037,9.232681375822699,0.3302703186378759,0.2104610664332298
193.1,0.8403860036323059,161.93833312737112,7.766282103214495,-0.7358024881880562,0.1925121832400818,9.710609995121374,0.42846060637143213,0.30297630708071793,9.231600330605376,0.2967910012482306,0.19606773191729657
193.15,0.8348135333235454,161.98869888795588,7.874738049334508,-0.7308885146171459,0.19598600468295094,9.754814204427461,0.44387865077948324,0.3046148381798396,9.223073471179813,0.2584974202206727,0.1857198125146515
193.2,0.8298091129815649,162.03907302024467,7.981585522737725,-0.7239800334285159,0.18774238743769736,9.80939567517351,0.45923599223022327,0.29862524275427366,9.195960518095784,0.21642631163525586,0.17928713688563025
193.25,0.8254760221140113,162.0894446104682,8.088877148514054,-0.7130050752165714,0.16969916270423183,9.871646871528746,0.47670322578300317,0.28839137637235884,9.142050221066684,0.1722411255515552,0.17877083248282702
193.3,0.821919235329846,162.13980624016278,8.199355754426751,-0.6965804320642321,0.14851265398715802,9.937994274881119,0.4975851501487656,0.27756841855896486,9.057236828689888,0.1274960022979702,0.1872352719119774
193.35,0.8192249640250685,162.1901570380693,8.316594742833114,-0.6745321910469965,0.13391813781248005,10.003945988219845,0.521836879020832,0.26823826775058346,8.941215478139325,0.08306150566325139,0.2065445993127013
193.4,0.817439229919889,162.24050312093738,8.44222541927024,-0.6481194200517129,0.13297207535968614,10.064966302178478,0.5480646769071792,0.26101813904113447,8.796118387601606,0.03888284647508005,0.2356847976750042
193.45,0.8165584164815506,162.29085500530235,8.573896154670969,-0.6197278935610907,0.14593417213426318,10.117576943261234,0.5740444019436199,0.256234719655799,8.626263928471985,-0.00565647239724015,0.27028020686482557
193.5,0.8165361871437239,162.341222719359,8.705920073470853,-0.5919563867350649,0.16622240580492675,10.159469472810834,0.5975799240592028,0.25417829137178977,8.43921962478791,-0.050922913532835484,0.30494576867415074
193.55,0.8173009969349345,162.39161153003602,8.830544464517505,-0.5667145599266648,0.1831081955333215,10.189124151734035,0.6173104769452935,0.25418773933311795,8.244479105407146,-0.09653456377121002,0.33622419745958876
193.6,0.8187774560761201,162.44201975581004,8.940691550999254,-0.544620371347724,0.18795699303498475,10.20618585391567,0.6332147971679871,0.25505646060639003,8.05013094319981,-0.14131352896197832,0.36217829171238664
193.65,0.8209018440121738,162.49243933575286,9.033052292973935,-0.5248318358218971,0.17966269464877793,10.21196619823407,0.646521531648473,0.2567212497755827,7.860684040459759,-0.18358421915828677,0.38064331498512594
193.7,0.8236267749684959,162.54285959977312,9.109425074830831,-0.5055140075125539,0.16579862506704968,10.208540072934522,0.6589096604743596,0.26009260541488266,7.676635380908276,-0.22185776751301492,0.38928000779883937
193.75,0.8269140880673251,162.59327202540584,9.175799394753852,-0.4846421307063673,0.1586826631586863,10.197233815327818,0.6715595450075312,0.2651037385788174,7.496292352515888,-0.2554855602502655,0.3885602891361275
193.8,0.8307136588962112,162.6436739591816,9.238873988815051,-0.4608449817774879,0.16656794575579037,10.177906964162792,0.6845144540452603,0.2698259056168976,7.318037175591749,-0.28502912114156415,0.38311019598820717
193.85,0.8349449465264004,162.6940696690376,9.303031255522376,-0.43391766654628794,0.18801072135027616,10.1492970208654,0.6965984858031351,0.27130637692872467,7.140189643577866,-0.31228944810824255,0.3785501574823577
193.9,0.8394988190610716,162.74446730779505,9.370297603303086,-0.4045322945465943,0.21422224953499658,10.110208196165706,0.7060331062942505,0.26751337137373077,6.959854590389112,-0.3397351156059378,0.3778708100361993
193.95,0.8442536128412366,162.79487350663558,9.441420871662922,-0.37344793060949827,0.2353283136051068,10.060572301662074,0.7114162942395673,0.2584564195930759,6.774218556345947,-0.3694348935739039,0.38072930093513674
194.0,0.8490940854995502,162.84528918819953,9.51629594539579,-0.34090357043115993,0.24566366834717257,10.002628977776693,0.7125776708284428,0.24618582126105348,6.58339048486473,-0.40215933235156837,0.3847852538791393
194.05,0.8539248182661019,162.89570879920728,9.59419041195423,-0.30645916851344407,0.24552646986320575,9.941230470773407,0.7107643271896638,0.23456590350356943,6.391906485023346,-0.43718269593153264,0.38803495774374647
194.1,0.8586665394943304,162.94612368194504,9.67408775207121,-0.2693742243559239,0.2395288880736736,9.881329972437145,0.7078340734484395,0.22670011990069944,6.207645348997139,-0.47287633446212074,0.38937442300653496
194.15,0.8632450724929274,162.99652732122593,9.754520860713727,-0.22932678022348588,0.23334340273244644,9.825937362179436,0.7051663607365473,0.22250278985749758,6.038956684427477,-0.5076644466100977,0.3869039936640968
194.2,0.8675937210284069,163.0469182746458,9.833044931784102,-0.18688231679144407,0.23079801118168028,9.777834135857647,0.7032259874913159,0.22104945990316777,5.893290988843823,-0.540613813847764,0.3789290542097989
194.25,0.8716623679209449,163.09729987803564,9.90622559424668,-0.14347367204805453,0.23308248879096818,9.74135044052955,0.7016324080626134,0.22363213603493978,5.777946288935788,-0.5714730098991812,0.3676101272088048
194.3,0.8754125851094379,163.14767927427076,9.969439106335562,-0.10127489486096927,0.2392009646761791,9.719996220815215,0.6991009714531382,0.23169511901284245,5.69983481144896,-0.6005732581568267,0.35801804084520916
194.35,0.8788009464765886,163.19806547686383,10.016650066597997,-0.06281233995028543,0.24583621413959142,9.713476788040264,0.6936274447644208,0.2427874528173064,5.663278053657554,-0.6286069450852825,0.3530471763294919
194.4,0.8817742022763607,163.24846504722464,10.042070184672191,-0.029954027231619745,0.24896702721247205,9.716054068043164,0.6832126769236728,0.248672864068868,5.668786949325085,-0.6560186943528491,0.35081148977201243
194.45,0.8842917257959936,163.29887680359167,10.04257208904792,-0.002761487145752064,0.24739846375771452,9.718303513195371,0.6669460579214623,0.2406874030574829,5.713866147745784,-0.6821978926287331,0.34621037192017234
194.5,0.8863527835545769,163.34928963005459,10.018888486789516,0.020927509827599017,0.24393612505578316,9.712432469279863,0.6457777201313161,0.21900476404258098,5.7942945720360735,-0.7051746619682123,0.33454602363977876
194.55,0.8879984081637501,163.39968678424182,9.975371781512598,0.04464958162041776,0.2439992348664126,9.69472213694146,0.6220255188918662,0.1935368377557208,5.904971588251424,-0.7223568983063295,0.3141827979219249
194.6,0.8892860518010098,163.45005472531767,9.917512451660146,0.07149764006549818,0.2521932743295462,9.664017928625034,0.5979505628813705,0.17617759986089326,6.040054964182017,-0.7319631344370863,0.28657528148288614
194.65,0.8902592207684248,163.50039018545908,9.849438633587694,0.10260207296731162,0.26893842930461526,9.620121829231266,0.574576532515364,0.1734391507152822,6.192803373136678,-0.73414479329835,0.254858485624675
194.7,0.8909364282868264,163.55070105565747,9.774420012169292,0.13695795019053963,0.2910924275582555,9.563128548394097,0.5513796924844973,0.18433264226009605,6.356173360052513,-0.7310649515747554,0.22308773043931587
194.75,0.8913176404666807,163.60100169710162,9.696998034742682,0.17243183924437755,0.3143255954961546,9.493706919220793,0.5268209196986923,0.20312471263442528,6.523664263647911,-0.7260546874576667,0.19624515986349428
194.8,0.891393537244078,163.65130657866277,9.623192065143838,0.20693014055235562,0.3337005467545053,9.414217881337107,0.4993154645858106,0.22349544011776937,6.68900819688008,-0.722480530794908,0.178993667695159
194.85,0.8911528533698221,163.70162499938166,9.558930297430518,0.23917113176544644,0.3447210358405654,9.329159772129124,0.4682161247908265,0.24014274012155745,6.84564646201737,-0.7227284414337798,0.1731760761135833
194.9,0.8905887001166335,163.75195791360744,9.508761940737188,0.26908835316753693,0.34514359998630784,9.244053401645193,0.4343755945371408,0.24868200859687356,6.987761514755417,-0.7274896169142776,0.1770350882923415
194.95,0.8897073456540167,163.80229851211382,9.475033918568423,0.2976749650492651,0.3353440259531345,9.16410314746183,0.39992096274295535,0.24645494536787044,7.111970633120922,-0.7356917649734279,0.18663704449421423
195.0,0.8885357587277398,163.8526365447991,9.457810362280691,0.326305204750004,0.3174655630879451,9.093906845137472,0.36735413745981166,0.23448141793726354,7.218764346257349,-0.7450781532455825,0.19699659672191633
195.05,0.8871262104835532,163.90296394609075,9.455941362760448,0.3559607107773474,0.2950721209994178,9.036900858208368,0.33838140410883893,0.21806672087207946,7.312853946844687,-0.7531554838178882,0.20373146040926676
195.1,0.8855546538108121,163.95327963454383,9.468296300411772,0.3866077388680229,0.27303448334755925,8.993984205239276,0.31298370330318853,0.2038375491170395,7.400835696319705,-0.7582550445624733,0.20462113012812674
195.15,0.8839062137334119,164.00359119493,9.493799816212029,0.416950255692766,0.2555160186339165,8.963314814069578,0.2893303659447071,0.19576051190331833,7.488293070965622,-0.7600818125175415,0.19895761046148266
195.2,0.8822623816663927,164.0539119233867,9.530450616737953,0.44481526446129993,0.24370995685849492,8.941332230454766,0.2645856050110609,0.19344361668974797,7.579642035624007,-0.759332285519291,0.18772839738546893
195.25,0.8807012392094271,164.10425464257486,9.57499070929386,0.4681286297382295,0.23597360051752617,8.924200671915324,0.23614034219947708,0.19391240431206436,7.679300877363988,-0.7567302017470131,0.17475065501155085
195.3,0.8793025933415546,164.15462611051524,9.623685423727801,0.4859037231758714,0.22995918408519644,8.908795431765578,0.20259478336771586,0.19532101087147155,7.790639618916593,-0.7522710233312458,0.16521117845763253
195.35,0.8781446713055321,164.20502541254453,9.673163765010868,0.4986009344336157,0.22465556492302238,8.89117286525571,0.16392086949945422,0.19687123704397502,7.914457074140889,-0.7450843524154624,0.16259076055212549
195.4,0.8772896001982438,164.2554458791693,9.72090741716872,0.5078798432769033,0.22070631409203503,8.863965285512144,0.12103041237673576,0.19479407759356143,8.048892684194888,-0.7337654405775862,0.16667176604540054
195.45,0.8767776957156075,164.30587736241472,9.76544891118708,0.5161645314733434,0.21973559615683255,8.818030263364543,0.07549361481107131,0.18379706765336035,8.189545984149667,-0.7168416444759892,0.17407940914288952
195.5,0.8766416986762327,164.35630899853618,9.805768253195453,0.5259904678703324,0.22331168029825108,8.746250150197943,0.029137267004956217,0.1651493109933319,8.330278096963056,-0.6933112504679351,0.18137189030082254
195.55,0.8769149588866246,164.40673394969406,9.840192955944408,0.5390153634632198,0.23141641252443054,8.644258636223443,-0.016818345378368002,0.1496499320017582,8.464738522726648,-0.6633085914362113,0.18697844370552294
195.6,0.8776151043161177,164.45715279991342,9.866178548058807,0.5553361934482849,0.24193755230047906,8.510096019535188,-0.06223490730410259,0.15111292857629352,8.587054489607311,-0.6284695634920451,0.19009828806263623
195.65,0.8787199676734346,164.50757201342307,9.881181655370728,0.5737276617715813,0.252040139039836,8.343792990962422,-0.10770523195358668,0.17703699656632502,8.692455413737898,-0.5915054992341017,0.19005648913400713
195.7,0.8801592031521009,164.5579987369483,9.88370595128968,0.5925716866882346,0.25991077647081007,8.146605662730636,-0.1537933858643836,0.22475379290173603,8.778896250399354,-0.5551240369225965,0.18742642732765072
195.75,0.8818228149770518,164.60843520384526,9.873610821640597,0.6108257036806318,0.26582246414519906,7.923345463305814,-0.2001459240859,0.28562856956516697,8.84847317443807,-0.5208903071569578,0.18482439490476252
195.8,0.8835725247569789,164.6588767948156,9.851742492881115,0.6283648972003348,0.27160661208029874,7.68477546399451,-0.2451310559032484,0.3499481308672022,8.907695093586867,-0.48875660299975493,0.18663508419625016
195.85,0.8852484193045751,164.70931574674654,9.820050844810893,0.645522005636634,0.2786887031398818,7.4434675539236865,-0.28667673222991574,0.40713495653811593,8.965369748637672,-0.45767176921982783,0.1964708135952568
195.9,0.8866802453551103,164.75974663307306,9.782242657618358,0.6623943672683812,0.28732930528812706,7.208505804584263,-0.3235044406396912,0.4466743713774096,9.02860492904117,-0.42669476664979406,0.213436859621178
195.95,0.887710702612722,164.81016975097486,9.742984751855087,0.678329819651671,0.2969243939488801,6.984216632549324,-0.3557697639204557,0.46124059437160075,9.100996722761074,-0.395697297874679,0.23166134340120795
196.0,0.8882233475490173,164.860590864244,9.70607832754,0.6918940883903374,0.30518984700789586,6.7726468384134355,-0.38482616792164853,0.45037950174100194,9.183842701825489,-0.36532298134592367,0.244416538446755
196.05,0.8881584311139715,164.91101781737484,9.673717515438495,0.7014103103069231,0.30799221177882713,6.5768660080522805,-0.4124057625786587,0.42080894216822695,9.277525886815507,-0.3364698267096912,0.24893238534684206
196.1,0.8875102431812192,164.9614572607478,9.645299809232913,0.7054134168682769,0.3002946290069751,6.40113324370207,-0.4399646271318775,0.3821345583621154,9.38167698969606,-0.3097832975646972,0.2471656304149209
196.15,0.8863166430758268,165.0119123191088,9.617034188553673,0.7030198618118427,0.27837313201772496,6.248660832629563,-0.468323070919924,0.34285346811810674,9.494267592982403,-0.2853082462676619,0.24296046185291065
196.2,0.8846470203626654,165.06238056253022,9.584897257965169,0.6945221302722189,0.24356780338268544,6.120447743382952,-0.49736325264159104,0.30869198138502013,9.610858574839263,-0.26220703889652514,0.23878243243921665
196.25,0.8825881206521842,165.11285387457394,9.547550457075207,0.6816084949618362,0.2039401021679735,6.0162736241436034,-0.5259898259275863,0.28311037661820443,9.725068143921039,-0.23872807784807204,0.23382026065793307
196.3,0.8802313170498065,165.16332100357323,9.507331400655138,0.6669381235216852,0.17211665747257823,5.9365975376844835,-0.5525398705125883,0.26926369040488785,9.830450940268928,-0.2125720100228981,0.22540462223198307
196.35,0.8776551467166763,165.21377282204216,9.4679478029276,0.653007246392319,0.1586161805780526,5.88328407264781,-0.5756658684845124,0.2696018606101916,9.922189447705067,-0.18178473094526057,0.21268522571218024
196.4,0.8749037164516564,165.26420803136398,9.430951680117238,0.6408351190944912,0.16553193932004917,5.857666551847423,-0.5953205746390464,0.2819241116089042,9.997152845633797,-0.1458080185434822,0.19783913408014786
196.45,0.8719813983656686,165.314634696999,9.39514429877823,0.6295856032780074,0.18586078463328046,5.858198254027667,-0.6130615445414431,0.2980668890256909,10.053637665451866,-0.10579676708805076,0.18476197775465636
196.5,0.8688705102875064,165.36506614817245,9.357887274834917,0.617259646677388,0.20803401831152646,5.8807861393482295,-0.6313220431103274,0.30741486055678324,10.091283087980875,-0.06397563700871971,0.1776543261592563
196.55,0.8655618910761329,165.41551399599112,9.317286955665864,0.6019591276809779,0.2231231528168396,5.920932034863483,-0.6521384504460096,0.30271623995457386,10.109870398580092,-0.02265126454629981,0.18009876684093085
196.6,0.8620746507600278,165.46598280874773,9.274113684934834,0.5829916633411082,0.22903301528801706,5.974919667613099,-0.6761923378396989,0.2842712092631955,10.107118275330338,0.01649332370169583,0.19336183513683827
196.65,0.8584494378498067,165.51646867467525,9.231362059447527,0.5612154937179012,0.22887946902146886,6.039731797064007,-0.7025255155840263,0.2588313087411253,10.078755112041144,0.05284945210677158,0.2147367093956534
196.7,0.8547301822743063,165.56696101354063,9.19170155098946,0.5386059894715345,0.22638498592361544,6.112869463992834,-0.728844047618851,0.23518136287927516,10.02168454235369,0.08700996690347793,0.23974686576664683
196.75,0.8509518234433016,165.6174470159638,9.155244648296302,0.517282427017099,0.22294171564149717,6.192453542629049,-0.752321833661712,0.2202471600323735,9.936075226961561,0.12023313035873551,0.26558638128066075
196.8,0.8471335974866024,165.6679164271312,9.11929727291121,0.4985101113120267,0.21872861199460641,6.277329264382078,-0.7705130319074663,0.21680079335900143,9.827078614886371,0.15385257928884433,0.2919315396443989
196.85,0.8432753580649853,165.71836519219056,9.080024122519786,0.48210445048570016,0.21569122524793985,6.3668190550734485,-0.7821047473451217,0.22325199333315232,9.704947537525241,0.18878321793861969,0.3181867195841226
196.9,0.8393617373778657,165.7687978129538,9.034589579417721,0.46636597472062574,0.21755158873380107,6.460155649191328,-0.787405405157084,0.2351544520771363,9.580291473254206,0.22468119747565585,0.3408941431488388
196.95,0.83537068986097,165.81922582982367,8.981330226068192,0.4485936872286571,0.22610068921581777,6.556189010396504,-0.7881273739943221,0.24689129553556,9.460865334466916,0.2597853853871742,0.35581305693008536
197.0,0.8312837017692395,165.8696623342513,8.918833393965759,0.4260654791410819,0.2385106697168066,6.653886311456107,-0.7864701106764809,0.25378590436154946,9.351727952261596,0.2917944023035071,0.3611447902301925
197.05,0.8270950368334103,165.9201158931636,8.845959101177401,0.3971100822285159,0.2484402509858236,6.753364441563398,-0.7840182709002411,0.25348478194861757,9.255394069234015,0.31895854660377143,0.3575374111715782
197.1,0.8228197378921256,165.97058626565038,8.763015522018682,0.3619008382655129,0.25028700968464535,6.8569165344685175,-0.7808997780981851,0.24585571280682575,9.172594796299391,0.34098276860166066,0.3469595944392475
197.15,0.8185015118095741,166.02106424004742,8.672717943424148,0.3224976419830317,0.24302562805640127,6.968375107324246,-0.7757732856516888,0.2328985683948578,9.103792284617764,0.35929418945456504,0.3324724508540828
197.2,0.8142101544883807,166.07153653310007,8.57985378444624,0.28194659385341686,0.23007968055565628,7.090549707909325,-0.7667672141176376,0.21742300144342033,9.049958190736335,0.37634900598470794,0.3179729147120936
197.25,0.8100274407844255,166.12199303934818,8.489880438591767,0.24288731337033953,0.21670031628207043,7.223898583870167,-0.7527253486117995,0.20136866457950742,9.011742448526764,0.39432485099090714,0.30661689291445837
197.3,0.8060370009904023,166.17243265781326,8.407007240761628,0.2063672417212899,0.2070268085948957,7.366056476506085,-0.7342050885890881,0.18615962819752926,8.988292857369911,0.413963438149957,0.2991802106709555
197.35,0.8023224329426444,166.22286401665252,8.332709952777101,0.17156595214488585,0.20226466125441425,7.511569653750573,-0.7136256137217037,0.17441008101856784,8.977144081480583,0.4343132343963947,0.29431855810789703
197.4,0.7989652876374618,166.27330062902553,8.26527329461645,0.13652795838860668,0.20121110990793473,7.654210817674788,-0.6942076435174975,0.16958156100724292,8.975029410249965,0.4535185236536679,0.2898571829291613
197.45,0.7960380729079981,166.32375416947704,8.199817333381603,0.0993265176196546,0.20056109030039262,7.788968924137809,-0.678502301388978,0.17254630638748264,8.978987353514462,0.4700581438005045,0.2838089577140073
197.5,0.7935972044930636,166.37422832658547,8.129906987396332,0.05924610113083473,0.19571674626162197,7.912236735072912,-0.6672587097107329,0.17975512481011766,8.987090748717904,0.4838107747410707,0.2751181756313371
197.55,0.7916880786785203,166.42471579658363,8.050686283306211,0.017386915360447397,0.18519282993571165,8.023089960095522,-0.6589618029683667,0.18610429984323873,8.99843200451181,0.496422075029951,0.26423779847425966
197.6,0.7903565250633391,166.475202171908,7.959521491479611,-0.024022399101654154,0.17319848478727806,8.123913468876538,-0.6505594368808022,0.18862679002661623,9.012797832190344,0.5105280882173701,0.25299153871855945
197.65,0.7896473723601959,166.52567473069945,7.854110131751867,-0.06307558549642724,0.1657297554100883,8.21823042018615,-0.6391093541149881,0.18722619453377584,9.02994157335104,0.5282416589642039,0.2432792133362086
197.7,0.7895877578446568,166.57612912864795,7.731949118169649,-0.0991980586231204,0.16534896169093233,8.307637547680152,-0.6231388989673231,0.18244054641692664,9.0484929300179,0.5499724887688214,0.23580967883897494
197.75,0.7901784440699015,166.62657033885048,7.591645432652282,-0.1332540273818595,0.1706728027339314,8.390771456223563,-0.6029559992336119,0.17395978474015608,9.065658271794595,0.5742234359445112,0.2303004807504372
197.8,0.7914041981322011,166.67700869092351,7.435267647450654,-0.16687108200386572,0.18033788751843247,8.46549357484271,-0.5799655973563742,0.16242826524348564,9.078131387399136,0.598327407635913,0.22684123226357447
197.85,0.793245578499547,166.72745371485237,7.270203816686582,-0.2013885943302952,0.19669795867321596,8.532375965123434,-0.5554870609590138,0.1520310468931988,9.0833257819671,0.6196146521501336,0.22721282529790335
197.9,0.795667315749446,166.77791010434788,7.10623410748534,-0.23724709695220814,0.2223116588039973,8.595961065146854,-0.5299383562665342,0.14975009513306495,9.080400453905943,0.6363325932104199,0.23353443595894707
197.95,0.7985925213309851,166.8283774574436,6.950495240206143,-0.27410025592513343,0.2540267242711423,8.661790931491264,-0.5028361944267069,0.1592855278816533,9.070770248166895,0.6479397291962219,0.24580724320670042
198.0,0.8018976542425849,166.87885245496906,6.805482535681007,-0.3112773414843406,0.2824331914089347,8.732970545992337,-0.47331823207040813,0.17632620351530037,9.056920569607227,0.6547643437882301,0.2607974636831079
198.05,0.8054422155235653,166.92933142462522,6.670028909433246,-0.34818472041783843,0.2964733394587056,8.810356541806964,-0.44063591331266516,0.1913990827902245,9.040305628536304,0.6574310473586819,0.2725682450304221
198.1,0.809116899239198,166.97981150320118,6.5420789072618115,-0.384383152918593,0.29030615928168535,8.89526249977256,-0.4043467532291792,0.19787288066483666,9.021094984048911,0.6565968757836445,0.27514322765077315
198.15,0.8128730897784573,167.03029132134859,6.420365053030226,-0.41959529220479697,0.2663109447611345,8.990619881262457,-0.36445106932203375,0.1967510201460162,8.999939395028193,0.6529280825178824,0.2655785138291004
198.2,0.8167173341464005,167.08077208152764,6.304960198841526,-0.45381093477688256,0.23401574175561424,9.098911975372916,-0.32159939991484915,0.19306169081055372,8.97930164099363,0.6470034469060191,0.24542550243373457
198.25,0.8206865119514699,167.13125830637694,6.198176384364605,-0.4873394982155508,0.20721581863657085,9.21974443438938,-0.27720071676163405,0.18976007515709656,8.962300346734741,0.6390946297818116,0.21954193004268083
198.3,0.8248161380198418,167.1817569424356,6.10376454589318,-0.5206795796130914,0.19765847565321654,9.349596532184648,-0.23318274990425805,0.18561914211657754,8.951255483815942,0.6291769760492213,0.19339712399959613
198.35,0.8291197715216666,167.2322749759239,6.024518455901691,-0.5542361715650637,0.20843978077565475,9.48368085055619,-0.19140546497278746,0.17742955963800924,8.94686071812477,0.6171704485442676,0.17154844961430335
198.4,0.8335912613472386,167.28281699080793,5.960803254188722,-0.5880115276525532,0.2323585446858421,9.617587058480115,-0.15313862328474592,0.16397715785927386,8.947063715600477,0.6031159257966621,0.15754873838700884
198.45,0.8382163542227581,167.33338367897252,5.9110067059648355,-0.6214224459555173,0.2568447899551589,9.746413569886489,-0.1189295039638648,0.14738816211164912,8.947712136182703,0.587392963527043,0.15349425687181345
198.5,0.8429775076659036,167.38397150272556,5.872950656519321,-0.6533324429954879,0.2719462935125922,9.863133618567929,-0.08863955296118874,0.13039626992264178,8.944730743539061,0.5709555225575397,0.15879712948434957
198.55,0.8478532516333668,167.4345733158725,5.844793945497037,-0.6822228845014574,0.27469557223306534,9.959780365736641,-0.06138989855499608,0.11476852555694748,8.935032000352109,0.555258543762354,0.16980609743413805
198.6,0.8528213428740942,167.4851801884229,5.825086200679852,-0.7064934858342967,0.26781858434234035,10.030004163604769,-0.03581029258761272,0.10399863622881365,8.91666462534154,0.541831364327242,0.1818343720792591
198.65,0.8578565262544711,167.5357844858757,5.812886374552818,-0.7249594551192946,0.2561715369078435,10.070030552069506,-0.01064461378497351,0.10444347969839883,8.889146004094794,0.5316760205724043,0.19211976970241837
198.7,0.8629176514983408,167.58638312287013,5.808270486249024,-0.7373942907972294,0.244267621067324,10.078953622634845,0.014844354866447425,0.12171114244801597,8.853403554407528,0.5246935516073401,0.20130156316940828
198.75,0.8679345054696321,167.63697905779176,5.8119599020287955,-0.7447877863335927,0.23550919978709986,10.058475549202846,0.040739525482948256,0.15635190553579179,8.810841443829014,0.5194166762995486,0.2123166381288984
198.8,0.8728006046174662,167.68757978930753,5.824655526731241,-0.7490729341668098,0.23180690200929485,10.011908902968898,0.06658054504783832,0.20283864831669646,8.761975937123882,0.5133124116477412,0.2269184437043593
198.85,0.8773784325631973,167.73819320004387,5.8469291747118906,-0.7523738651047229,0.23340584357233782,9.94302392243401,0.09184335608881988,0.25168154091057066,8.706383604007868,0.5036681797438036,0.24377740527068545
198.9,0.8815177461719045,167.7888231048181,5.879426804749515,-0.7561707883565284,0.2390045670911603,9.855166412255238,0.11651691837746862,0.29286576607725884,8.643735201989797,0.48855638559556297,0.2599195280379655
198.95,0.8850764853130724,167.83946670765042,5.923899287963418,-0.7607555163440921,0.24630579794982957,9.751526689724082,0.1414388690173006,0.3196775092274407,8.574504594294616,0.46739624017675463,0.2728451455919221
199.0,0.8879353369010005,167.8901151874367,5.9838002696446955,-0.7652384328572673,0.25290518652602517,9.635142203250396,0.16809833466272647,0.33072763815513184,8.499721108914501,0.44091234327860557,0.28134159167774664
199.05,0.8900053825224111,167.9407576746013,6.06236506128895,-0.7682253681524436,0.2565019227192993,9.508109229926493,0.19787227888923703,0.3290389620703095,8.420012928223297,0.410488175140727,0.2852863278482022
199.1,0.8912269914982095,167.9913857545694,6.160811470931609,-0.7686460265385713,0.2549501728516731,9.372001724373495,0.23132560751031286,0.320126772954524,8.335115396347058,0.377421754141908,0.28470194772409996
199.15,0.8915637181000182,168.0419957883152,6.277867443086109,-0.7662261983663652,0.2470071058538638,9.228881193004339,0.2679591218751824,0.31032131067360236,8.244016447353912,0.34251705460131965,0.2785723838016957
199.2,0.891000619123516,168.09258889903248,6.409243599330228,-0.7615433216377573,0.23228627787349534,9.081477505026573,0.3062933391659573,0.30600456167940715,8.145944264641228,0.30608387330388603,0.2654454120112386
199.25,0.8895451081347185,168.14316849421402,6.54883865089049,-0.7555644240293521,0.21135283028108845,8.933861557306663,0.3444141818665381,0.3135978747704619,8.042040129616016,0.2683533712533805,0.24569335872168285
199.3,0.8872187723161647,168.19373722431789,6.691302836962264,-0.7490328870704706,0.18701462706563504,8.791762014666578,0.3806437287221272,0.3369190950842059,7.935676310982713,0.2298624377539689,0.2223844844695831
199.35,0.8840407841591267,168.24429579529723,6.833271788528179,-0.7422217634468827,0.1644063500707042,8.66159799379212,0.4138417432243695,0.3731431603720557,7.830612649107092,0.19142890869153234,0.1993209636238166
199.4,0.8800195697083854,168.29484327512213,6.973042178495371,-0.7350074754350283,0.14919043985376937,8.549679241407782,0.44343409913899534,0.41273532781113886,7.728389954264312,0.15386946607475388,0.17870539263235063
199.45,0.8751577340766762,168.34537778980928,7.109524361766708,-0.7269876973600284,0.1443861032519978,8.461715726222268,0.46933595881277124,0.4432423235609612,7.627596660414992,0.11778050142567108,0.16125725979526867
199.5,0.8694656685489461,168.39589772070025,7.241707228027324,-0.7176351017663332,0.14824146848567982,8.4017674041595,0.4917023016409013,0.45373601067642394,7.525912796408443,0.0834749061102518,0.1473264667095211
199.55,0.8629799416702049,168.44640287876976,7.368504266246644,-0.7064879027665947,0.15474749154648032,8.37093186551856,0.5106123932482237,0.43887641175090203,7.422258165833684,0.05094992010757935,0.13758247648060007
199.6,0.8557759536317677,168.49689479984954,7.48937241880246,-0.6932345585141232,0.15683740865250637,8.366922952342275,0.5259637113875542,0.4006130549915305,7.316773097377549,0.019841401628512674,0.13275779245040664
199.65,0.847969789121451,168.54737626908587,7.605879114704697,-0.6776747844410717,0.1509258958100524,8.384343247679208,0.5375377851110276,0.3467666438620386,7.2099859458642594,-0.010517830895377313,0.13270967816915105
199.7,0.8397106468249201,168.5978506169726,7.721688696576838,-0.6596641605427429,0.13824085350214627,8.415252195425262,0.5451249794246487,0.2883103688301993,7.102725870701506,-0.04091943399407266,0.13622478303741406
199.75,0.831164410487571,168.64832083412,7.840516304942321,-0.6390669816549536,0.12221560610399793,8.4507484813768,0.5488096425590325,0.23635997338553158,6.996295047428323,-0.07206432686967167,0.14156152558763332
199.8,0.8224929142738213,168.69878858182588,7.964111651541795,-0.6157023540508558,0.10552667018617952,8.48360235228466,0.5493228225536705,0.19952911004962612,6.892330282403036,-0.10437769172023889,0.14678159261903415
199.85,0.8138408723296042,168.7492541062257,8.091731900349792,-0.589406024083488,0.08962864318667091,8.509863601280934,0.548065353892774,0.18211009105059292,6.792515245171316,-0.137978328366788,0.15005438053608935
199.9,0.8053327567084004,168.79971755903546,8.221079452325336,-0.5602560952511273,0.07624786599300266,8.527934936726371,0.5466728671490676,0.18243365598845593,6.698426085095103,-0.17285448174696016,0.15019532730707325
199.95,0.7970739991823679,168.85018039367012,8.349715648115886,-0.5287562549302811,0.06859330441740756,8.537074878695586,0.5465304286888861,0.19244156427370557,6.611350418326131,-0.20907127341781603,0.14733748938404526
200.0,0.7891540452940528,168.90064553992687,8.475858085113224,-0.4957600235147094,0.07008091576499674,8.537229645539801,0.548564129138311,0.2011527036185163,6.5320185008524465,-0.24680741952371435,0.14318402380230197
