time,x_t,phi_shaft,q_b0_m0,q_b1_m0,q_b2_m0,q_b3_m0,q_b4_m0,q_b5_m0,q_b0_m1,q_b0_m2,q_b1_m1,q_b1_m2,q_b2_m1,q_b2_m2,q_b3_m1,q_b3_m2,q_b4_m1,q_b4_m2,q_b5_m1,q_b5_m2
0.0,0.0,0.0,25.499996623945137,25.499996623945137,25.499996623945137,25.499996623945137,25.499996623945137,25.499996623945137,0.0,0.0,0.0,0.0,0.0,0.0,0.0,0.0,0.0,0.0,0.0,0.0
0.0333889816360601,0.0,0.0005949039044286877,25.499996454406396,25.499996454406396,25.499996454406396,25.499996454406396,25.499996454406396,25.499996454406396,0.0,0.0,0.0,0.0,0.0,0.0,0.0,0.0,0.0,0.0,0.0,0.0
0.0667779632721202,0.0,0.001784711713286063,25.49999627635376,25.49999627635376,25.49999627635376,25.49999627635376,25.49999627635376,25.49999627635376,0.0,0.0,0.0,0.0,0.0,0.0,0.0,0.0,0.0,0.0,0.0,0.0
0.10016694490818029,0.0,0.003569423426572126,25.49999608935967,25.49999608935967,25.49999608935967,25.49999608935967,25.49999608935967,25.49999608935967,0.0,0.0,0.0,0.0,0.0,0.0,0.0,0.0,0.0,0.0,0.0,0.0
0.1335559265442404,0.0,0.005949039044286877,25.499995892975114,25.499995892975114,25.499995892975114,25.499995892975114,25.499995892975114,25.499995892975114,0.0,0.0,0.0,0.0,0.0,0.0,0.0,0.0,0.0,0.0,0.0,0.0
0.1669449081803005,0.0,0.008923558566430316,25.49999568672852,25.49999568672852,25.49999568672852,25.49999568672852,25.49999568672852,25.49999568672852,0.0,0.0,0.0,0.0,0.0,0.0,0.0,0.0,0.0,0.0,0.0,0.0
0.20033388981636058,0.0,0.012492981993002441,25.499995470124635,25.499995470124635,25.499995470124635,25.499995470124635,25.499995470124635,25.499995470124635,0.0,0.0,0.0,0.0,0.0,0.0,0.0,0.0,0.0,0.0,0.0,0.0
0.23372287145242068,0.0,0.016657309324003253,25.499995242643337,25.499995242643337,25.499995242643337,25.499995242643337,25.499995242643337,25.499995242643337,0.0,0.0,0.0,0.0,0.0,0.0,0.0,0.0,0.0,0.0,0.0,0.0
0.2671118530884808,0.0,0.021416540559432755,25.499995003738384,25.499995003738384,25.499995003738384,25.499995003738384,25.499995003738384,25.499995003738384,0.0,0.0,0.0,0.0,0.0,0.0,0.0,0.0,0.0,0.0,0.0,0.0
0.30050083472454087,0.0,0.026770675699290945,25.499994752836106,25.499994752836106,25.499994752836106,25.499994752836106,25.499994752836106,25.499994752836106,0.0,0.0,0.0,0.0,0.0,0.0,0.0,0.0,0.0,0.0,0.0,0.0
0.333889816360601,0.0,0.03271971474357782,25.499994489334014,25.499994489334014,25.499994489334014,25.499994489334014,25.499994489334014,25.499994489334014,0.0,0.0,0.0,0.0,0.0,0.0,0.0,0.0,0.0,0.0,0.0,0.0
0.3672787979966611,0.0,0.03926365769229338,25.499994212599375,25.499994212599375,25.499994212599375,25.499994212599375,25.499994212599375,25.499994212599375,0.0,0.0,0.0,0.0,0.0,0.0,0.0,0.0,0.0,0.0,0.0,0.0
0.40066777963272115,0.0,0.04640250454543764,25.499993921967686,25.499993921967686,25.499993921967686,25.499993921967686,25.499993921967686,25.499993921967686,0.0,0.0,0.0,0.0,0.0,0.0,0.0,0.0,0.0,0.0,0.0,0.0
0.4340567612687813,0.0,0.054136255303010576,25.499993616741055,25.499993616741055,25.499993616741055,25.499993616741055,25.499993616741055,25.499993616741055,0.0,0.0,0.0,0.0,0.0,0.0,0.0,0.0,0.0,0.0,0.0,0.0
0.46744574290484137,0.0,0.0624649099650122,25.499993296186553,25.499993296186553,25.499993296186553,25.499993296186553,25.499993296186553,25.499993296186553,0.0,0.0,0.0,0.0,0.0,0.0,0.0,0.0,0.0,0.0,0.0,0.0
0.5008347245409015,0.0,0.07138846853144251,25.49999295953445,25.49999295953445,25.49999295953445,25.49999295953445,25.49999295953445,25.49999295953445,0.0,0.0,0.0,0.0,0.0,0.0,0.0,0.0,0.0,0.0,0.0,0.0
0.5342237061769616,0.0,0.08090693100230151,25.499992605976356,25.499992605976356,25.499992605976356,25.499992605976356,25.499992605976356,25.499992605976356,0.0,0.0,0.0,0.0,0.0,0.0,0.0,0.0,0.0,0.0,0.0,0.0
0.5676126878130217,0.0,0.0910202973775892,25.49999223466328,25.49999223466328,25.49999223466328,25.49999223466328,25.49999223466328,25.49999223466328,0.0,0.0,0.0,0.0,0.0,0.0,0.0,0.0,0.0,0.0,0.0,0.0
0.6010016694490817,0.0,0.10172856765730558,25.49999184470362,25.49999184470362,25.49999184470362,25.49999184470362,25.49999184470362,25.49999184470362,0.0,0.0,0.0,0.0,0.0,0.0,0.0,0.0,0.0,0.0,0.0,0.0
0.6343906510851419,0.0,0.11303174184145065,25.499991435160968,25.499991435160968,25.499991435160968,25.499991435160968,25.499991435160968,25.499991435160968,0.0,0.0,0.0,0.0,0.0,0.0,0.0,0.0,0.0,0.0,0.0,0.0
0.667779632721202,0.0,0.1249298199300244,25.49999100505191,25.49999100505191,25.49999100505191,25.49999100505191,25.49999100505191,25.49999100505191,0.0,0.0,0.0,0.0,0.0,0.0,0.0,0.0,0.0,0.0,0.0,0.0
0.7011686143572621,0.0,0.13742280192302683,25.499990553343647,25.499990553343647,25.499990553343647,25.499990553343647,25.499990553343647,25.499990553343647,0.0,0.0,0.0,0.0,0.0,0.0,0.0,0.0,0.0,0.0,0.0,0.0
0.7345575959933222,0.0,0.15051068782045796,25.499990078951498,25.499990078951498,25.499990078951498,25.499990078951498,25.499990078951498,25.499990078951498,0.0,0.0,0.0,0.0,0.0,0.0,0.0,0.0,0.0,0.0,0.0,0.0
0.7679465776293822,0.0,0.16419347762231778,25.499989580736344,25.499989580736344,25.499989580736344,25.499989580736344,25.499989580736344,25.499989580736344,0.0,0.0,0.0,0.0,0.0,0.0,0.0,0.0,0.0,0.0,0.0,0.0
0.8013355592654423,0.0,0.1784711713286063,25.49998905750183,25.49998905750183,25.49998905750183,25.49998905750183,25.49998905750183,25.49998905750183,0.0,0.0,0.0,0.0,0.0,0.0,0.0,0.0,0.0,0.0,0.0,0.0
0.8347245409015025,0.0,0.19334376893932348,25.49998850799154,25.49998850799154,25.49998850799154,25.49998850799154,25.49998850799154,25.49998850799154,0.0,0.0,0.0,0.0,0.0,0.0,0.0,0.0,0.0,0.0,0.0,0.0
0.8681135225375626,0.0,0.20881127045446937,25.499987930885954,25.499987930885954,25.499987930885954,25.499987930885954,25.499987930885954,25.499987930885954,0.0,0.0,0.0,0.0,0.0,0.0,0.0,0.0,0.0,0.0,0.0,0.0
0.9015025041736227,0.0,0.22487367587404394,25.4999873247993,25.4999873247993,25.4999873247993,25.4999873247993,25.4999873247993,25.4999873247993,0.0,0.0,0.0,0.0,0.0,0.0,0.0,0.0,0.0,0.0,0.0,0.0
0.9348914858096827,0.0,0.2415309851980472,25.499986688276206,25.499986688276206,25.499986688276206,25.499986688276206,25.499986688276206,25.499986688276206,0.0,0.0,0.0,0.0,0.0,0.0,0.0,0.0,0.0,0.0,0.0,0.0
0.9682804674457428,0.0,0.2587831984264791,25.499986019788217,25.499986019788217,25.499986019788217,25.499986019788217,25.499986019788217,25.499986019788217,0.0,0.0,0.0,0.0,0.0,0.0,0.0,0.0,0.0,0.0,0.0,0.0
1.001669449081803,0.0,0.27663031555933976,25.499985317730122,25.499985317730122,25.499985317730122,25.499985317730122,25.499985317730122,25.499985317730122,0.0,0.0,0.0,0.0,0.0,0.0,0.0,0.0,0.0,0.0,0.0,0.0
1.035058430717863,0.0,0.29507233659662907,25.4999845804161,25.4999845804161,25.4999845804161,25.4999845804161,25.4999845804161,25.4999845804161,0.0,0.0,0.0,0.0,0.0,0.0,0.0,0.0,0.0,0.0,0.0,0.0
1.0684474123539232,0.0,0.31410926153834706,25.499983806075676,25.499983806075676,25.499983806075676,25.499983806075676,25.499983806075676,25.499983806075676,0.0,0.0,0.0,0.0,0.0,0.0,0.0,0.0,0.0,0.0,0.0,0.0
1.1018363939899833,0.0,0.33374109038449373,25.49998299284945,25.49998299284945,25.49998299284945,25.49998299284945,25.49998299284945,25.49998299284945,0.0,0.0,0.0,0.0,0.0,0.0,0.0,0.0,0.0,0.0,0.0,0.0
1.1352253756260433,0.0,0.35396782313506914,25.499982138784677,25.499982138784677,25.499982138784677,25.499982138784677,25.499982138784677,25.499982138784677,0.0,0.0,0.0,0.0,0.0,0.0,0.0,0.0,0.0,0.0,0.0,0.0
1.1686143572621035,0.0,0.3747894597900732,25.499981241830515,25.499981241830515,25.499981241830515,25.499981241830515,25.499981241830515,25.499981241830515,0.0,0.0,0.0,0.0,0.0,0.0,0.0,0.0,0.0,0.0,0.0,0.0
1.2020033388981635,0.0,0.396206000349506,25.499980299833158,25.499980299833158,25.499980299833158,25.499980299833158,25.499980299833158,25.499980299833158,0.0,0.0,0.0,0.0,0.0,0.0,0.0,0.0,0.0,0.0,0.0,0.0
1.2353923205342237,0.0,0.4182174448133674,25.49997931053063,25.49997931053063,25.49997931053063,25.49997931053063,25.49997931053063,25.49997931053063,0.0,0.0,0.0,0.0,0.0,0.0,0.0,0.0,0.0,0.0,0.0,0.0
1.2687813021702838,0.0,0.44082379318165754,25.49997827154737,25.49997827154737,25.49997827154737,25.49997827154737,25.49997827154737,25.49997827154737,0.0,0.0,0.0,0.0,0.0,0.0,0.0,0.0,0.0,0.0,0.0,0.0
1.3021702838063438,0.0,0.46402504545437634,25.49997718038851,25.49997718038851,25.49997718038851,25.49997718038851,25.49997718038851,25.49997718038851,0.0,0.0,0.0,0.0,0.0,0.0,0.0,0.0,0.0,0.0,0.0,0.0
1.335559265442404,0.0,0.48782120163152387,25.499976034433907,25.499976034433907,25.499976034433907,25.499976034433907,25.499976034433907,25.499976034433907,0.0,0.0,0.0,0.0,0.0,0.0,0.0,0.0,0.0,0.0,0.0,0.0
1.368948247078464,0.0,0.5122122617131001,25.49997483093184,25.49997483093184,25.49997483093184,25.49997483093184,25.49997483093184,25.49997483093184,0.0,0.0,0.0,0.0,0.0,0.0,0.0,0.0,0.0,0.0,0.0,0.0
1.4023372287145242,0.0,0.5371982256991049,25.499973566992395,25.499973566992395,25.499973566992395,25.499973566992395,25.499973566992395,25.499973566992395,0.0,0.0,0.0,0.0,0.0,0.0,0.0,0.0,0.0,0.0,0.0,0.0
1.4357262103505843,0.0,0.5627790935895385,25.499972239580536,25.499972239580536,25.499972239580536,25.499972239580536,25.499972239580536,25.499972239580536,0.0,0.0,0.0,0.0,0.0,0.0,0.0,0.0,0.0,0.0,0.0,0.0
1.4691151919866443,0.0,0.5889548653844008,25.49997084550882,25.49997084550882,25.49997084550882,25.49997084550882,25.49997084550882,25.49997084550882,0.0,0.0,0.0,0.0,0.0,0.0,0.0,0.0,0.0,0.0,0.0,0.0
1.5025041736227045,0.0,0.6157255410836917,25.499969381429736,25.499969381429736,25.499969381429736,25.499969381429736,25.499969381429736,25.499969381429736,0.0,0.0,0.0,0.0,0.0,0.0,0.0,0.0,0.0,0.0,0.0,0.0
1.5358931552587645,0.0,0.6430911206874114,25.499967843827665,25.499967843827665,25.499967843827665,25.499967843827665,25.499967843827665,25.499967843827665,0.0,0.0,0.0,0.0,0.0,0.0,0.0,0.0,0.0,0.0,0.0,0.0
1.5692821368948247,0.0,0.6710516041955596,25.49996622901044,25.49996622901044,25.49996622901044,25.49996622901044,25.49996622901044,25.49996622901044,0.0,0.0,0.0,0.0,0.0,0.0,0.0,0.0,0.0,0.0,0.0,0.0
1.6026711185308846,0.0,0.6996069916081367,25.499964533100496,25.499964533100496,25.499964533100496,25.499964533100496,25.499964533100496,25.499964533100496,0.0,0.0,0.0,0.0,0.0,0.0,0.0,0.0,0.0,0.0,0.0,0.0
1.6360601001669448,0.0,0.7287572829251423,25.49996275202553,25.49996275202553,25.49996275202553,25.49996275202553,25.49996275202553,25.49996275202553,0.0,0.0,0.0,0.0,0.0,0.0,0.0,0.0,0.0,0.0,0.0,0.0
1.669449081803005,0.0,0.7585024781465767,25.499960881508752,25.499960881508752,25.499960881508752,25.499960881508752,25.499960881508752,25.499960881508752,0.0,0.0,0.0,0.0,0.0,0.0,0.0,0.0,0.0,0.0,0.0,0.0
1.702838063439065,0.0,0.7888425772724398,25.499958917058592,25.499958917058592,25.499958917058592,25.499958917058592,25.499958917058592,25.499958917058592,0.0,0.0,0.0,0.0,0.0,0.0,0.0,0.0,0.0,0.0,0.0,0.0
1.7362270450751252,0.0,0.8197775803027315,25.499956853957922,25.499956853957922,25.499956853957922,25.499956853957922,25.499956853957922,25.499956853957922,0.0,0.0,0.0,0.0,0.0,0.0,0.0,0.0,0.0,0.0,0.0,0.0
1.7696160267111851,0.0,0.851307487237452,25.499954687252753,25.499954687252753,25.499954687252753,25.499954687252753,25.499954687252753,25.499954687252753,0.0,0.0,0.0,0.0,0.0,0.0,0.0,0.0,0.0,0.0,0.0,0.0
1.8030050083472453,0.0,0.8834322980766011,25.49995241174029,25.49995241174029,25.49995241174029,25.49995241174029,25.49995241174029,25.49995241174029,0.0,0.0,0.0,0.0,0.0,0.0,0.0,0.0,0.0,0.0,0.0,0.0
1.8363939899833055,0.0,0.9161520128201789,25.499950021956487,25.499950021956487,25.499950021956487,25.499950021956487,25.499950021956487,25.499950021956487,0.0,0.0,0.0,0.0,0.0,0.0,0.0,0.0,0.0,0.0,0.0,0.0
1.8697829716193655,0.0,0.9494666314681854,25.4999475121629,25.4999475121629,25.4999475121629,25.4999475121629,25.4999475121629,25.4999475121629,0.0,0.0,0.0,0.0,0.0,0.0,0.0,0.0,0.0,0.0,0.0,0.0
1.9031719532554257,0.0,0.9833761540206206,25.499944876332926,25.499944876332926,25.499944876332926,25.499944876332926,25.499944876332926,25.499944876332926,0.0,0.0,0.0,0.0,0.0,0.0,0.0,0.0,0.0,0.0,0.0,0.0
1.9365609348914856,0.0,1.0178805804774844,25.499942108137308,25.499942108137308,25.499942108137308,25.499942108137308,25.499942108137308,25.499942108137308,0.0,0.0,0.0,0.0,0.0,0.0,0.0,0.0,0.0,0.0,0.0,0.0
1.9699499165275458,0.0,1.052979910838777,25.49993920092896,25.49993920092896,25.49993920092896,25.49993920092896,25.49993920092896,25.49993920092896,0.0,0.0,0.0,0.0,0.0,0.0,0.0,0.0,0.0,0.0,0.0,0.0
2.003338898163606,0.0,1.0886741451044981,25.499936147727,25.499936147727,25.499936147727,25.499936147727,25.499936147727,25.499936147727,0.0,0.0,0.0,0.0,0.0,0.0,0.0,0.0,0.0,0.0,0.0,0.0
2.036727879799666,0.0,1.1249632832746481,25.49993294119997,25.49993294119997,25.49993294119997,25.49993294119997,25.49993294119997,25.49993294119997,0.0,0.0,0.0,0.0,0.0,0.0,0.0,0.0,0.0,0.0,0.0,0.0
2.070116861435726,0.0,1.1618473253492267,25.499929573648274,25.499929573648274,25.499929573648274,25.499929573648274,25.499929573648274,25.499929573648274,0.0,0.0,0.0,0.0,0.0,0.0,0.0,0.0,0.0,0.0,0.0,0.0
2.1035058430717863,0.0,1.199326271328234,25.499926036985634,25.499926036985634,25.499926036985634,25.499926036985634,25.499926036985634,25.499926036985634,0.0,0.0,0.0,0.0,0.0,0.0,0.0,0.0,0.0,0.0,0.0,0.0
2.1368948247078463,0.0,1.23740012121167,25.499922322719726,25.499922322719726,25.499922322719726,25.499922322719726,25.499922322719726,25.499922322719726,0.0,0.0,0.0,0.0,0.0,0.0,0.0,0.0,0.0,0.0,0.0,0.0
2.1702838063439063,0.0,1.2760688749995348,25.499918421931767,25.499918421931767,25.499918421931767,25.499918421931767,25.499918421931767,25.499918421931767,0.0,0.0,0.0,0.0,0.0,0.0,0.0,0.0,0.0,0.0,0.0,0.0
2.2036727879799667,0.0,1.3153325326918281,25.499914325255077,25.499914325255077,25.499914325255077,25.499914325255077,25.499914325255077,25.499914325255077,0.0,0.0,0.0,0.0,0.0,0.0,0.0,0.0,0.0,0.0,0.0,0.0
2.2370617696160267,0.0,1.3551910942885503,25.499910022852635,25.499910022852635,25.499910022852635,25.499910022852635,25.499910022852635,25.499910022852635,0.0,0.0,0.0,0.0,0.0,0.0,0.0,0.0,0.0,0.0,0.0,0.0
2.2704507512520866,0.0,1.3956445597897011,25.49990550439343,25.49990550439343,25.49990550439343,25.49990550439343,25.49990550439343,25.49990550439343,0.0,0.0,0.0,0.0,0.0,0.0,0.0,0.0,0.0,0.0,0.0,0.0
2.3038397328881466,0.0,1.4366929291952806,25.49990075902765,25.49990075902765,25.49990075902765,25.49990075902765,25.49990075902765,25.49990075902765,0.0,0.0,0.0,0.0,0.0,0.0,0.0,0.0,0.0,0.0,0.0,0.0
2.337228714524207,0.0,1.4783362025052886,25.49989577536065,25.49989577536065,25.49989577536065,25.49989577536065,25.49989577536065,25.49989577536065,0.0,0.0,0.0,0.0,0.0,0.0,0.0,0.0,0.0,0.0,0.0,0.0
2.370617696160267,0.0,1.5205743797197255,25.499890541425586,25.499890541425586,25.499890541425586,25.499890541425586,25.499890541425586,25.499890541425586,0.0,0.0,0.0,0.0,0.0,0.0,0.0,0.0,0.0,0.0,0.0,0.0
2.404006677796327,0.0,1.563407460838591,25.499885044654672,25.499885044654672,25.499885044654672,25.499885044654672,25.499885044654672,25.499885044654672,0.0,0.0,0.0,0.0,0.0,0.0,0.0,0.0,0.0,0.0,0.0,0.0
2.4373956594323873,0.0,1.6068354458618852,25.499879271849025,25.499879271849025,25.499879271849025,25.499879271849025,25.499879271849025,25.499879271849025,0.0,0.0,0.0,0.0,0.0,0.0,0.0,0.0,0.0,0.0,0.0,0.0
2.4707846410684473,0.0,1.6508583347896082,25.49987320914695,25.49987320914695,25.49987320914695,25.49987320914695,25.49987320914695,25.49987320914695,0.0,0.0,0.0,0.0,0.0,0.0,0.0,0.0,0.0,0.0,0.0,0.0
2.5041736227045073,0.0,1.6954761276217598,25.499866841990666,25.499866841990666,25.499866841990666,25.499866841990666,25.499866841990666,25.499866841990666,0.0,0.0,0.0,0.0,0.0,0.0,0.0,0.0,0.0,0.0,0.0,0.0
2.5375626043405677,0.0,1.74068882435834,25.499860155091362,25.499860155091362,25.499860155091362,25.499860155091362,25.499860155091362,25.499860155091362,0.0,0.0,0.0,0.0,0.0,0.0,0.0,0.0,0.0,0.0,0.0,0.0
2.5709515859766277,0.0,1.786496424999349,25.499853132392484,25.499853132392484,25.499853132392484,25.499853132392484,25.499853132392484,25.499853132392484,0.0,0.0,0.0,0.0,0.0,0.0,0.0,0.0,0.0,0.0,0.0,0.0
2.6043405676126876,0.0,1.8328989295447866,25.499845757031167,25.499845757031167,25.499845757031167,25.499845757031167,25.499845757031167,25.499845757031167,0.0,0.0,0.0,0.0,0.0,0.0,0.0,0.0,0.0,0.0,0.0,0.0
2.6377295492487476,0.0,1.879896337994653,25.499838011297776,25.499838011297776,25.499838011297776,25.499838011297776,25.499838011297776,25.499838011297776,0.0,0.0,0.0,0.0,0.0,0.0,0.0,0.0,0.0,0.0,0.0,0.0
2.671118530884808,0.0,1.927488650348948,25.49982987659336,25.49982987659336,25.49982987659336,25.49982987659336,25.49982987659336,25.49982987659336,0.0,0.0,0.0,0.0,0.0,0.0,0.0,0.0,0.0,0.0,0.0,0.0
2.704507512520868,0.0,1.9756758666076717,25.49982133338501,25.49982133338501,25.49982133338501,25.49982133338501,25.49982133338501,25.49982133338501,0.0,0.0,0.0,0.0,0.0,0.0,0.0,0.0,0.0,0.0,0.0,0.0
2.737896494156928,0.0,2.024457986770824,25.499812361158966,25.499812361158966,25.499812361158966,25.499812361158966,25.499812361158966,25.499812361158966,0.0,0.0,0.0,0.0,0.0,0.0,0.0,0.0,0.0,0.0,0.0,0.0
2.7712854757929883,0.0,2.073835010838405,25.499802938371342,25.499802938371342,25.499802938371342,25.499802938371342,25.499802938371342,25.499802938371342,0.0,0.0,0.0,0.0,0.0,0.0,0.0,0.0,0.0,0.0,0.0,0.0
2.8046744574290483,0.0,2.123806938810415,25.499793042396426,25.499793042396426,25.499793042396426,25.499793042396426,25.499793042396426,25.499793042396426,0.0,0.0,0.0,0.0,0.0,0.0,0.0,0.0,0.0,0.0,0.0,0.0
2.8380634390651083,0.0,2.174373770686853,25.499782649472365,25.499782649472365,25.499782649472365,25.499782649472365,25.499782649472365,25.499782649472365,0.0,0.0,0.0,0.0,0.0,0.0,0.0,0.0,0.0,0.0,0.0,0.0
2.8714524207011687,0.0,2.2255355064677205,25.49977173464407,25.49977173464407,25.49977173464407,25.49977173464407,25.49977173464407,25.49977173464407,0.0,0.0,0.0,0.0,0.0,0.0,0.0,0.0,0.0,0.0,0.0,0.0
2.9048414023372287,0.0,2.2772921461530164,25.49976027170335,25.49976027170335,25.49976027170335,25.49976027170335,25.49976027170335,25.49976027170335,0.0,0.0,0.0,0.0,0.0,0.0,0.0,0.0,0.0,0.0,0.0,0.0
2.9382303839732886,0.0,2.329643689742741,25.499748233125974,25.499748233125974,25.499748233125974,25.499748233125974,25.499748233125974,25.499748233125974,0.0,0.0,0.0,0.0,0.0,0.0,0.0,0.0,0.0,0.0,0.0,0.0
2.9716193656093486,0.0,2.3825901372368943,25.499735590005578,25.499735590005578,25.499735590005578,25.499735590005578,25.499735590005578,25.499735590005578,0.0,0.0,0.0,0.0,0.0,0.0,0.0,0.0,0.0,0.0,0.0,0.0
3.005008347245409,0.0,2.436131488635476,25.499722311984282,25.499722311984282,25.499722311984282,25.499722311984282,25.499722311984282,25.499722311984282,0.0,0.0,0.0,0.0,0.0,0.0,0.0,0.0,0.0,0.0,0.0,0.0
3.038397328881469,0.0,2.4902677439384866,25.499708367179814,25.499708367179814,25.499708367179814,25.499708367179814,25.499708367179814,25.499708367179814,0.0,0.0,0.0,0.0,0.0,0.0,0.0,0.0,0.0,0.0,0.0,0.0
3.071786310517529,0.0,2.5449989031459257,25.499693722108947,25.499693722108947,25.499693722108947,25.499693722108947,25.499693722108947,25.499693722108947,0.0,0.0,0.0,0.0,0.0,0.0,0.0,0.0,0.0,0.0,0.0,0.0
3.1051752921535893,0.0,2.600324966257794,25.499678341607137,25.499678341607137,25.499678341607137,25.499678341607137,25.499678341607137,25.499678341607137,0.0,0.0,0.0,0.0,0.0,0.0,0.0,0.0,0.0,0.0,0.0,0.0
3.1385642737896493,0.0,2.6562459332740906,25.499662188744082,25.499662188744082,25.499662188744082,25.499662188744082,25.499662188744082,25.499662188744082,0.0,0.0,0.0,0.0,0.0,0.0,0.0,0.0,0.0,0.0,0.0,0.0
3.1719532554257093,0.0,2.712761804194816,25.499645224735087,25.499645224735087,25.499645224735087,25.499645224735087,25.499645224735087,25.499645224735087,0.0,0.0,0.0,0.0,0.0,0.0,0.0,0.0,0.0,0.0,0.0,0.0
3.2053422370617692,0.0,2.76987257901997,25.499627408847946,25.499627408847946,25.499627408847946,25.499627408847946,25.499627408847946,25.499627408847946,0.0,0.0,0.0,0.0,0.0,0.0,0.0,0.0,0.0,0.0,0.0,0.0
3.2387312186978297,0.0,2.8275782577495527,25.499608698305156,25.499608698305156,25.499608698305156,25.499608698305156,25.499608698305156,25.499608698305156,0.0,0.0,0.0,0.0,0.0,0.0,0.0,0.0,0.0,0.0,0.0,0.0
3.2721202003338896,0.0,2.885878840383564,25.49958904818124,25.49958904818124,25.49958904818124,25.49958904818124,25.49958904818124,25.49958904818124,0.0,0.0,0.0,0.0,0.0,0.0,0.0,0.0,0.0,0.0,0.0,0.0
3.3055091819699496,0.0,2.944774326922004,25.499568411294877,25.499568411294877,25.499568411294877,25.499568411294877,25.499568411294877,25.499568411294877,0.0,0.0,0.0,0.0,0.0,0.0,0.0,0.0,0.0,0.0,0.0,0.0
3.33889816360601,0.0,3.004264717364873,25.499546738095688,25.499546738095688,25.499546738095688,25.499546738095688,25.499546738095688,25.499546738095688,0.0,0.0,0.0,0.0,0.0,0.0,0.0,0.0,0.0,0.0,0.0,0.0
3.37228714524207,0.0,3.0643500117121705,25.499523976545234,25.499523976545234,25.499523976545234,25.499523976545234,25.499523976545234,25.499523976545234,0.0,0.0,0.0,0.0,0.0,0.0,0.0,0.0,0.0,0.0,0.0,0.0
3.40567612687813,0.0,3.1250302099638967,25.499500071992166,25.499500071992166,25.499500071992166,25.499500071992166,25.499500071992166,25.499500071992166,0.0,0.0,0.0,0.0,0.0,0.0,0.0,0.0,0.0,0.0,0.0,0.0
3.4390651085141903,0.0,3.1863053121200515,25.499474967040978,25.499474967040978,25.499474967040978,25.499474967040978,25.499474967040978,25.499474967040978,0.0,0.0,0.0,0.0,0.0,0.0,0.0,0.0,0.0,0.0,0.0,0.0
3.4724540901502503,0.0,3.248175318180635,25.499448601414294,25.499448601414294,25.499448601414294,25.499448601414294,25.499448601414294,25.499448601414294,0.0,0.0,0.0,0.0,0.0,0.0,0.0,0.0,0.0,0.0,0.0,0.0
3.5058430717863103,0.0,3.310640228145647,25.49942091180816,25.49942091180816,25.49942091180816,25.49942091180816,25.49942091180816,25.49942091180816,0.0,0.0,0.0,0.0,0.0,0.0,0.0,0.0,0.0,0.0,0.0,0.0
3.5392320534223702,0.0,3.3737000420150878,25.49939183174008,25.49939183174008,25.49939183174008,25.49939183174008,25.49939183174008,25.49939183174008,0.0,0.0,0.0,0.0,0.0,0.0,0.0,0.0,0.0,0.0,0.0,0.0
3.5726210350584306,0.0,3.4373547597889575,25.4993612913895,25.4993612913895,25.4993612913895,25.4993612913895,25.4993612913895,25.4993612913895,0.0,0.0,0.0,0.0,0.0,0.0,0.0,0.0,0.0,0.0,0.0,0.0
3.6060100166944906,0.0,3.501604381467256,25.499329217430184,25.499329217430184,25.499329217430184,25.499329217430184,25.499329217430184,25.499329217430184,0.0,0.0,0.0,0.0,0.0,0.0,0.0,0.0,0.0,0.0,0.0,0.0
3.6393989983305506,0.0,3.566448907049983,25.499295532854237,25.499295532854237,25.499295532854237,25.499295532854237,25.499295532854237,25.499295532854237,0.0,0.0,0.0,0.0,0.0,0.0,0.0,0.0,0.0,0.0,0.0,0.0
3.672787979966611,0.0,3.6318883365371386,25.4992601567873,25.4992601567873,25.4992601567873,25.4992601567873,25.4992601567873,25.4992601567873,0.0,0.0,0.0,0.0,0.0,0.0,0.0,0.0,0.0,0.0,0.0,0.0
3.706176961602671,0.0,3.697922669928723,25.49922300429444,25.49922300429444,25.49922300429444,25.49922300429444,25.49922300429444,25.49922300429444,0.0,0.0,0.0,0.0,0.0,0.0,0.0,0.0,0.0,0.0,0.0,0.0
3.739565943238731,0.0,3.7645519072247358,25.49918398617633,25.49918398617633,25.49918398617633,25.49918398617633,25.49918398617633,25.49918398617633,0.0,0.0,0.0,0.0,0.0,0.0,0.0,0.0,0.0,0.0,0.0,0.0
3.7729549248747913,0.0,3.8317760484251773,25.49914300875518,25.49914300875518,25.49914300875518,25.49914300875518,25.49914300875518,25.49914300875518,0.0,0.0,0.0,0.0,0.0,0.0,0.0,0.0,0.0,0.0,0.0,0.0
3.8063439065108513,0.0,3.899595093530048,25.49909997364993,25.49909997364993,25.49909997364993,25.49909997364993,25.49909997364993,25.49909997364993,0.0,0.0,0.0,0.0,0.0,0.0,0.0,0.0,0.0,0.0,0.0,0.0
3.8397328881469113,0.0,3.968009042539347,25.499054777540195,25.499054777540195,25.499054777540195,25.499054777540195,25.499054777540195,25.499054777540195,0.0,0.0,0.0,0.0,0.0,0.0,0.0,0.0,0.0,0.0,0.0,0.0
3.8731218697829712,0.0,4.037017895453075,25.499007311918295,25.499007311918295,25.499007311918295,25.499007311918295,25.499007311918295,25.499007311918295,0.0,0.0,0.0,0.0,0.0,0.0,0.0,0.0,0.0,0.0,0.0,0.0
3.9065108514190316,0.0,4.106621652271231,25.49895746282895,25.49895746282895,25.49895746282895,25.49895746282895,25.49895746282895,25.49895746282895,0.0,0.0,0.0,0.0,0.0,0.0,0.0,0.0,0.0,0.0,0.0,0.0
3.9398998330550916,0.0,4.176820312993817,25.498905110595807,25.498905110595807,25.498905110595807,25.498905110595807,25.498905110595807,25.498905110595807,0.0,0.0,0.0,0.0,0.0,0.0,0.0,0.0,0.0,0.0,0.0,0.0
3.9732888146911516,0.0,4.2476138776208305,25.498850129534326,25.498850129534326,25.498850129534326,25.498850129534326,25.498850129534326,25.498850129534326,0.0,0.0,0.0,0.0,0.0,0.0,0.0,0.0,0.0,0.0,0.0,0.0
4.006677796327212,0.0,4.319002346152273,25.498792387650223,25.498792387650223,25.498792387650223,25.498792387650223,25.498792387650223,25.498792387650223,0.0,0.0,0.0,0.0,0.0,0.0,0.0,0.0,0.0,0.0,0.0,0.0
4.040066777963272,0.0,4.390985718588144,25.49873174632281,25.49873174632281,25.49873174632281,25.49873174632281,25.49873174632281,25.49873174632281,0.0,0.0,0.0,0.0,0.0,0.0,0.0,0.0,0.0,0.0,0.0,0.0
4.073455759599332,0.0,4.463563994928444,25.49866805997246,25.49866805997246,25.49866805997246,25.49866805997246,25.49866805997246,25.49866805997246,0.0,0.0,0.0,0.0,0.0,0.0,0.0,0.0,0.0,0.0,0.0,0.0
4.106844741235392,0.0,4.536737175173172,25.498601175711332,25.498601175711332,25.498601175711332,25.498601175711332,25.498601175711332,25.498601175711332,0.0,0.0,0.0,0.0,0.0,0.0,0.0,0.0,0.0,0.0,0.0,0.0
4.140233722871452,0.0,4.61050525932233,25.498530932976685,25.498530932976685,25.498530932976685,25.498530932976685,25.498530932976685,25.498530932976685,0.0,0.0,0.0,0.0,0.0,0.0,0.0,0.0,0.0,0.0,0.0,0.0
4.173622704507513,0.0,4.684868247375916,25.49845716314571,25.49845716314571,25.49845716314571,25.49845716314571,25.49845716314571,25.49845716314571,0.0,0.0,0.0,0.0,0.0,0.0,0.0,0.0,0.0,0.0,0.0,0.0
4.207011686143573,0.0,4.7598261393339305,25.498379689131102,25.498379689131102,25.498379689131102,25.498379689131102,25.498379689131102,25.498379689131102,0.0,0.0,0.0,0.0,0.0,0.0,0.0,0.0,0.0,0.0,0.0,0.0
4.240400667779633,0.0,4.835378935196374,25.498298324956334,25.498298324956334,25.498298324956334,25.498298324956334,25.498298324956334,25.498298324956334,0.0,0.0,0.0,0.0,0.0,0.0,0.0,0.0,0.0,0.0,0.0,0.0
4.273789649415693,0.0,4.911526634963246,25.498212875309655,25.498212875309655,25.498212875309655,25.498212875309655,25.498212875309655,25.498212875309655,0.0,0.0,0.0,0.0,0.0,0.0,0.0,0.0,0.0,0.0,0.0,0.0
4.307178631051753,0.0,4.988269238634547,25.498123135075705,25.498123135075705,25.498123135075705,25.498123135075705,25.498123135075705,25.498123135075705,0.0,0.0,0.0,0.0,0.0,0.0,0.0,0.0,0.0,0.0,0.0,0.0
4.3405676126878125,0.0,5.065606746210276,25.498028888843667,25.498028888843667,25.498028888843667,25.498028888843667,25.498028888843667,25.498028888843667,0.0,0.0,0.0,0.0,0.0,0.0,0.0,0.0,0.0,0.0,0.0,0.0
4.3739565943238725,0.0,5.143539157690434,25.497929910390795,25.497929910390795,25.497929910390795,25.497929910390795,25.497929910390795,25.497929910390795,0.0,0.0,0.0,0.0,0.0,0.0,0.0,0.0,0.0,0.0,0.0,0.0
4.407345575959933,0.0,5.222066473075021,25.49782596213999,25.49782596213999,25.49782596213999,25.49782596213999,25.49782596213999,25.49782596213999,0.0,0.0,0.0,0.0,0.0,0.0,0.0,0.0,0.0,0.0,0.0,0.0
4.440734557595993,0.0,5.301188692364036,25.497716794590286,25.497716794590286,25.497716794590286,25.497716794590286,25.497716794590286,25.497716794590286,0.0,0.0,0.0,0.0,0.0,0.0,0.0,0.0,0.0,0.0,0.0,0.0
4.474123539232053,0.0,5.3809058155574805,25.4976021457187,25.4976021457187,25.4976021457187,25.4976021457187,25.4976021457187,25.4976021457187,0.0,0.0,0.0,0.0,0.0,0.0,0.0,0.0,0.0,0.0,0.0,0.0
4.507512520868113,0.0,5.461217842655353,25.497481740352214,25.497481740352214,25.497481740352214,25.497481740352214,25.497481740352214,25.497481740352214,0.0,0.0,0.0,0.0,0.0,0.0,0.0,0.0,0.0,0.0,0.0,0.0
4.540901502504173,0.0,5.542124773657655,25.49735528950821,25.49735528950821,25.49735528950821,25.49735528950821,25.49735528950821,25.49735528950821,0.0,0.0,0.0,0.0,0.0,0.0,0.0,0.0,0.0,0.0,0.0,0.0
4.574290484140233,0.0,5.6236266085643845,25.497222489701965,25.497222489701965,25.497222489701965,25.497222489701965,25.497222489701965,25.497222489701965,0.0,0.0,0.0,0.0,0.0,0.0,0.0,0.0,0.0,0.0,0.0,0.0
4.607679465776293,0.0,5.705723347375543,25.497083022219364,25.497083022219364,25.497083022219364,25.497083022219364,25.497083022219364,25.497083022219364,0.0,0.0,0.0,0.0,0.0,0.0,0.0,0.0,0.0,0.0,0.0,0.0
4.641068447412354,0.0,5.788414990091131,25.496936552353272,25.496936552353272,25.496936552353272,25.496936552353272,25.496936552353272,25.496936552353272,0.0,0.0,0.0,0.0,0.0,0.0,0.0,0.0,0.0,0.0,0.0,0.0
4.674457429048414,0.0,5.871701536711147,25.496782728601637,25.496782728601637,25.496782728601637,25.496782728601637,25.496782728601637,25.496782728601637,0.0,0.0,0.0,0.0,0.0,0.0,0.0,0.0,0.0,0.0,0.0,0.0
4.707846410684474,0.0,5.9555829872355925,25.49662118182546,25.49662118182546,25.49662118182546,25.49662118182546,25.49662118182546,25.49662118182546,0.0,0.0,0.0,0.0,0.0,0.0,0.0,0.0,0.0,0.0,0.0,0.0
4.741235392320534,0.0,6.040059341664466,25.496451524364655,25.496451524364655,25.496451524364655,25.496451524364655,25.496451524364655,25.496451524364655,0.0,0.0,0.0,0.0,0.0,0.0,0.0,0.0,0.0,0.0,0.0,0.0
4.774624373956594,0.0,6.125130599997768,25.496273349109583,25.496273349109583,25.496273349109583,25.496273349109583,25.496273349109583,25.496273349109583,0.0,0.0,0.0,0.0,0.0,0.0,0.0,0.0,0.0,0.0,0.0,0.0
4.808013355592654,0.0,6.210796762235499,25.496086228526245,25.496086228526245,25.496086228526245,25.496086228526245,25.496086228526245,25.496086228526245,0.0,0.0,0.0,0.0,0.0,0.0,0.0,0.0,0.0,0.0,0.0,0.0
4.841402337228715,0.0,6.297057828377659,25.495889713632604,25.495889713632604,25.495889713632604,25.495889713632604,25.495889713632604,25.495889713632604,0.0,0.0,0.0,0.0,0.0,0.0,0.0,0.0,0.0,0.0,0.0,0.0
4.874791318864775,0.0,6.383913798424247,25.495683332923797,25.495683332923797,25.495683332923797,25.495683332923797,25.495683332923797,25.495683332923797,0.0,0.0,0.0,0.0,0.0,0.0,0.0,0.0,0.0,0.0,0.0,0.0
4.908180300500835,0.0,6.471364672375264,25.495466591243535,25.495466591243535,25.495466591243535,25.495466591243535,25.495466591243535,25.495466591243535,0.0,0.0,0.0,0.0,0.0,0.0,0.0,0.0,0.0,0.0,0.0,0.0
4.941569282136895,0.0,6.55941045023071,25.49523896859915,25.49523896859915,25.49523896859915,25.49523896859915,25.49523896859915,25.49523896859915,0.0,0.0,0.0,0.0,0.0,0.0,0.0,0.0,0.0,0.0,0.0,0.0
4.974958263772955,0.0,6.648051131990584,25.494999918917355,25.494999918917355,25.494999918917355,25.494999918917355,25.494999918917355,25.494999918917355,0.0,0.0,0.0,0.0,0.0,0.0,0.0,0.0,0.0,0.0,0.0,0.0
5.0083472454090145,0.0,6.737286717654888,25.49474886873788,25.49474886873788,25.49474886873788,25.49474886873788,25.49474886873788,25.49474886873788,0.0,0.0,0.0,0.0,0.0,0.0,0.0,0.0,0.0,0.0,0.0,0.0
5.0417362270450745,0.0,6.827117207223619,25.49448521584181,25.49448521584181,25.49448521584181,25.49448521584181,25.49448521584181,25.49448521584181,0.0,0.0,0.0,0.0,0.0,0.0,0.0,0.0,0.0,0.0,0.0,0.0
5.075125208681135,0.0,6.9175426006967795,25.494208327811453,25.494208327811453,25.494208327811453,25.494208327811453,25.494208327811453,25.494208327811453,0.0,0.0,0.0,0.0,0.0,0.0,0.0,0.0,0.0,0.0,0.0,0.0
5.108514190317195,0.0,7.008562898074369,25.493917540518286,25.493917540518286,25.493917540518286,25.493917540518286,25.493917540518286,25.493917540518286,0.0,0.0,0.0,0.0,0.0,0.0,0.0,0.0,0.0,0.0,0.0,0.0
5.141903171953255,0.0,7.100178099356387,25.493612156535423,25.493612156535423,25.493612156535423,25.493612156535423,25.493612156535423,25.493612156535423,0.0,0.0,0.0,0.0,0.0,0.0,0.0,0.0,0.0,0.0,0.0,0.0
5.175292153589315,0.0,7.192388204542834,25.493291443470874,25.493291443470874,25.493291443470874,25.493291443470874,25.493291443470874,25.493291443470874,0.0,0.0,0.0,0.0,0.0,0.0,0.0,0.0,0.0,0.0,0.0,0.0
5.208681135225375,0.0,7.2851932136337085,25.49295463221767,25.49295463221767,25.49295463221767,25.49295463221767,25.49295463221767,25.49295463221767,0.0,0.0,0.0,0.0,0.0,0.0,0.0,0.0,0.0,0.0,0.0,0.0
5.242070116861435,0.0,7.378593126629013,25.49260091511675,25.49260091511675,25.49260091511675,25.49260091511675,25.49260091511675,25.49260091511675,0.0,0.0,0.0,0.0,0.0,0.0,0.0,0.0,0.0,0.0,0.0,0.0
5.275459098497495,0.0,7.472587943528746,25.492229444028172,25.492229444028172,25.492229444028172,25.492229444028172,25.492229444028172,25.492229444028172,0.0,0.0,0.0,0.0,0.0,0.0,0.0,0.0,0.0,0.0,0.0,0.0
5.308848080133556,0.0,7.567177664332907,25.49183932830638,25.49183932830638,25.49183932830638,25.49183932830638,25.49183932830638,25.49183932830638,0.0,0.0,0.0,0.0,0.0,0.0,0.0,0.0,0.0,0.0,0.0,0.0
5.342237061769616,0.0,7.662362289041497,25.49142963267446,25.49142963267446,25.49142963267446,25.49142963267446,25.49142963267446,25.49142963267446,0.0,0.0,0.0,0.0,0.0,0.0,0.0,0.0,0.0,0.0,0.0,0.0
5.375626043405676,0.0,7.758141817654516,25.490999374992658,25.490999374992658,25.490999374992658,25.490999374992658,25.490999374992658,25.490999374992658,0.0,0.0,0.0,0.0,0.0,0.0,0.0,0.0,0.0,0.0,0.0,0.0
5.409015025041736,0.0,7.854516250171963,25.49054752391579,25.49054752391579,25.49054752391579,25.49054752391579,25.49054752391579,25.49054752391579,0.0,0.0,0.0,0.0,0.0,0.0,0.0,0.0,0.0,0.0,0.0,0.0
5.442404006677796,0.0,7.951485586593839,25.49007299643417,25.49007299643417,25.49007299643417,25.49007299643417,25.49007299643417,25.49007299643417,0.0,0.0,0.0,0.0,0.0,0.0,0.0,0.0,0.0,0.0,0.0,0.0
5.475792988313856,0.0,8.049049826920143,25.489574655292216,25.489574655292216,25.489574655292216,25.489574655292216,25.489574655292216,25.489574655292216,0.0,0.0,0.0,0.0,0.0,0.0,0.0,0.0,0.0,0.0,0.0,0.0
5.509181969949916,0.0,8.147208971150876,25.48905130627881,25.48905130627881,25.48905130627881,25.48905130627881,25.48905130627881,25.48905130627881,0.0,0.0,0.0,0.0,0.0,0.0,0.0,0.0,0.0,0.0,0.0,0.0
5.542570951585977,0.0,8.24596301928604,25.488501695383064,25.488501695383064,25.488501695383064,25.488501695383064,25.488501695383064,25.488501695383064,0.0,0.0,0.0,0.0,0.0,0.0,0.0,0.0,0.0,0.0,0.0,0.0
5.575959933222037,0.0,8.34531197132563,25.487924505808895,25.487924505808895,25.487924505808895,25.487924505808895,25.487924505808895,25.487924505808895,0.0,0.0,0.0,0.0,0.0,0.0,0.0,0.0,0.0,0.0,0.0,0.0
5.609348914858097,0.0,8.44525582726965,25.487318354841474,25.487318354841474,25.487318354841474,25.487318354841474,25.487318354841474,25.487318354841474,0.0,0.0,0.0,0.0,0.0,0.0,0.0,0.0,0.0,0.0,0.0,0.0
5.642737896494157,0.0,8.545794587118097,25.486681790558308,25.486681790558308,25.486681790558308,25.486681790558308,25.486681790558308,25.486681790558308,0.0,0.0,0.0,0.0,0.0,0.0,0.0,0.0,0.0,0.0,0.0,0.0
5.6761268781302165,0.0,8.646928250870975,25.486013288377404,25.486013288377404,25.486013288377404,25.486013288377404,25.486013288377404,25.486013288377404,0.0,0.0,0.0,0.0,0.0,0.0,0.0,0.0,0.0,0.0,0.0,0.0
5.7095158597662765,0.0,8.74865681852828,25.48531124743443,25.48531124743443,25.48531124743443,25.48531124743443,25.48531124743443,25.48531124743443,0.0,0.0,0.0,0.0,0.0,0.0,0.0,0.0,0.0,0.0,0.0,0.0
5.742904841402337,0.0,8.850980290090014,25.484573986780703,25.484573986780703,25.484573986780703,25.484573986780703,25.484573986780703,25.484573986780703,0.0,0.0,0.0,0.0,0.0,0.0,0.0,0.0,0.0,0.0,0.0,0.0
5.776293823038397,0.0,8.953898665556178,25.483799741393113,25.483799741393113,25.483799741393113,25.483799741393113,25.483799741393113,25.483799741393113,0.0,0.0,0.0,0.0,0.0,0.0,0.0,0.0,0.0,0.0,0.0,0.0
5.809682804674457,0.0,9.05741194492677,25.482986657987016,25.482986657987016,25.482986657987016,25.482986657987016,25.482986657987016,25.482986657987016,0.0,0.0,0.0,0.0,0.0,0.0,0.0,0.0,0.0,0.0,0.0,0.0
5.843071786310517,0.0,9.16152012820179,25.482132790622337,25.482132790622337,25.482132790622337,25.482132790622337,25.482132790622337,25.482132790622337,0.0,0.0,0.0,0.0,0.0,0.0,0.0,0.0,0.0,0.0,0.0,0.0
5.876460767946577,0.0,9.266223215381238,25.48123609609305,25.48123609609305,25.48123609609305,25.48123609609305,25.48123609609305,25.48123609609305,0.0,0.0,0.0,0.0,0.0,0.0,0.0,0.0,0.0,0.0,0.0,0.0
5.909849749582637,0.0,9.371521206465117,25.480294429089454,25.480294429089454,25.480294429089454,25.480294429089454,25.480294429089454,25.480294429089454,0.0,0.0,0.0,0.0,0.0,0.0,0.0,0.0,0.0,0.0,0.0,0.0
5.943238731218697,0.0,9.477414101453423,25.479305537122304,25.479305537122304,25.479305537122304,25.479305537122304,25.479305537122304,25.479305537122304,0.0,0.0,0.0,0.0,0.0,0.0,0.0,0.0,0.0,0.0,0.0,0.0
5.976627712854758,0.0,9.583901900346158,25.478267055197342,25.478267055197342,25.478267055197342,25.478267055197342,25.478267055197342,25.478267055197342,0.0,0.0,0.0,0.0,0.0,0.0,0.0,0.0,0.0,0.0,0.0,0.0
6.010016694490818,0.0,9.690984603143322,25.47717650022821,25.47717650022821,25.47717650022821,25.47717650022821,25.47717650022821,25.47717650022821,0.0,0.0,0.0,0.0,0.0,0.0,0.0,0.0,0.0,0.0,0.0,0.0
6.043405676126878,0.0,9.798662209844915,25.476031265175273,25.476031265175273,25.476031265175273,25.476031265175273,25.476031265175273,25.476031265175273,0.0,0.0,0.0,0.0,0.0,0.0,0.0,0.0,0.0,0.0,0.0,0.0
6.076794657762938,0.0,9.906934720450936,25.474828612897134,25.474828612897134,25.474828612897134,25.474828612897134,25.474828612897134,25.474828612897134,0.0,0.0,0.0,0.0,0.0,0.0,0.0,0.0,0.0,0.0,0.0,0.0
6.110183639398998,0.0,10.015802134961385,25.473565669701234,25.473565669701234,25.473565669701234,25.473565669701234,25.473565669701234,25.473565669701234,0.0,0.0,0.0,0.0,0.0,0.0,0.0,0.0,0.0,0.0,0.0,0.0
6.143572621035058,0.0,10.125264453376264,25.4722394185792,25.4722394185792,25.4722394185792,25.4722394185792,25.4722394185792,25.4722394185792,0.0,0.0,0.0,0.0,0.0,0.0,0.0,0.0,0.0,0.0,0.0,0.0
6.176961602671118,0.0,10.235321675695571,25.470846692111955,25.470846692111955,25.470846692111955,25.470846692111955,25.470846692111955,25.470846692111955,0.0,0.0,0.0,0.0,0.0,0.0,0.0,0.0,0.0,0.0,0.0,0.0
6.210350584307179,0.0,10.345973801919307,25.469384165029044,25.469384165029044,25.469384165029044,25.469384165029044,25.469384165029044,25.469384165029044,0.0,0.0,0.0,0.0,0.0,0.0,0.0,0.0,0.0,0.0,0.0,0.0
6.243739565943239,0.0,10.457220832047472,25.46784834640579,25.46784834640579,25.46784834640579,25.46784834640579,25.46784834640579,25.46784834640579,0.0,0.0,0.0,0.0,0.0,0.0,0.0,0.0,0.0,0.0,0.0,0.0
6.277128547579299,0.0,10.569062766080066,25.466235571481395,25.466235571481395,25.466235571481395,25.466235571481395,25.466235571481395,25.466235571481395,0.0,0.0,0.0,0.0,0.0,0.0,0.0,0.0,0.0,0.0,0.0,0.0
6.310517529215359,0.0,10.681499604017088,25.464541993080097,25.464541993080097,25.464541993080097,25.464541993080097,25.464541993080097,25.464541993080097,0.0,0.0,0.0,0.0,0.0,0.0,0.0,0.0,0.0,0.0,0.0,0.0
6.3439065108514185,0.0,10.794531345858537,25.462763572617035,25.462763572617035,25.462763572617035,25.462763572617035,25.462763572617035,25.462763572617035,0.0,0.0,0.0,0.0,0.0,0.0,0.0,0.0,0.0,0.0,0.0,0.0
6.3772954924874785,0.0,10.908157991604417,25.460896070669442,25.460896070669442,25.460896070669442,25.460896070669442,25.460896070669442,25.460896070669442,0.0,0.0,0.0,0.0,0.0,0.0,0.0,0.0,0.0,0.0,0.0,0.0
6.4106844741235385,0.0,11.022379541254725,25.45893503709308,25.45893503709308,25.45893503709308,25.45893503709308,25.45893503709308,25.45893503709308,0.0,0.0,0.0,0.0,0.0,0.0,0.0,0.0,0.0,0.0,0.0,0.0
6.444073455759599,0.0,11.137195994809462,25.456875800663063,25.456875800663063,25.456875800663063,25.456875800663063,25.456875800663063,25.456875800663063,0.0,0.0,0.0,0.0,0.0,0.0,0.0,0.0,0.0,0.0,0.0,0.0
6.477462437395659,0.0,11.252607352268628,25.454713458217192,25.454713458217192,25.454713458217192,25.454713458217192,25.454713458217192,25.454713458217192,0.0,0.0,0.0,0.0,0.0,0.0,0.0,0.0,0.0,0.0,0.0,0.0
6.510851419031719,0.0,11.368613613632222,25.452442863279252,25.452442863279252,25.452442863279252,25.452442863279252,25.452442863279252,25.452442863279252,0.0,0.0,0.0,0.0,0.0,0.0,0.0,0.0,0.0,0.0,0.0,0.0
6.544240400667779,0.0,11.485214778900245,25.450058614138577,25.450058614138577,25.450058614138577,25.450058614138577,25.450058614138577,25.450058614138577,0.0,0.0,0.0,0.0,0.0,0.0,0.0,0.0,0.0,0.0,0.0,0.0
6.577629382303839,0.0,11.602410848072696,25.447555041361532,25.447555041361532,25.447555041361532,25.447555041361532,25.447555041361532,25.447555041361532,0.0,0.0,0.0,0.0,0.0,0.0,0.0,0.0,0.0,0.0,0.0,0.0
6.611018363939899,0.0,11.720201821149576,25.44492619470937,25.44492619470937,25.44492619470937,25.44492619470937,25.44492619470937,25.44492619470937,0.0,0.0,0.0,0.0,0.0,0.0,0.0,0.0,0.0,0.0,0.0,0.0
6.64440734557596,0.0,11.838587698130885,25.44216582943612,25.44216582943612,25.44216582943612,25.44216582943612,25.44216582943612,25.44216582943612,0.0,0.0,0.0,0.0,0.0,0.0,0.0,0.0,0.0,0.0,0.0,0.0
6.67779632721202,0.0,11.957568479016622,25.439267391939136,25.439267391939136,25.439267391939136,25.439267391939136,25.439267391939136,25.439267391939136,0.0,0.0,0.0,0.0,0.0,0.0,0.0,0.0,0.0,0.0,0.0,0.0
6.71118530884808,0.0,12.07714416380679,25.43622400473388,25.43622400473388,25.43622400473388,25.43622400473388,25.43622400473388,25.43622400473388,0.0,0.0,0.0,0.0,0.0,0.0,0.0,0.0,0.0,0.0,0.0,0.0
6.74457429048414,0.0,12.197314752501384,25.433028450723608,25.433028450723608,25.433028450723608,25.433028450723608,25.433028450723608,25.433028450723608,0.0,0.0,0.0,0.0,0.0,0.0,0.0,0.0,0.0,0.0,0.0,0.0
6.7779632721202,0.0,12.318080245100408,25.429673156733532,25.429673156733532,25.429673156733532,25.429673156733532,25.429673156733532,25.429673156733532,0.0,0.0,0.0,0.0,0.0,0.0,0.0,0.0,0.0,0.0,0.0,0.0
6.81135225375626,0.0,12.43944064160386,25.42615017627802,25.42615017627802,25.42615017627802,25.42615017627802,25.42615017627802,25.42615017627802,0.0,0.0,0.0,0.0,0.0,0.0,0.0,0.0,0.0,0.0,0.0,0.0
6.84474123539232,0.0,12.56139594201174,25.42245117152842,25.42245117152842,25.42245117152842,25.42245117152842,25.42245117152842,25.42245117152842,0.0,0.0,0.0,0.0,0.0,0.0,0.0,0.0,0.0,0.0,0.0,0.0
6.878130217028381,0.0,12.68394614632405,25.418567394447976,25.418567394447976,25.418567394447976,25.418567394447976,25.418567394447976,25.418567394447976,0.0,0.0,0.0,0.0,0.0,0.0,0.0,0.0,0.0,0.0,0.0,0.0
6.911519198664441,0.0,12.807091254540788,25.414489667059428,25.414489667059428,25.414489667059428,25.414489667059428,25.414489667059428,25.414489667059428,0.0,0.0,0.0,0.0,0.0,0.0,0.0,0.0,0.0,0.0,0.0,0.0
6.944908180300501,0.0,12.930831266661956,25.41020836080971,25.41020836080971,25.41020836080971,25.41020836080971,25.41020836080971,25.41020836080971,0.0,0.0,0.0,0.0,0.0,0.0,0.0,0.0,0.0,0.0,0.0,0.0
6.978297161936561,0.0,13.055166182687552,25.405713374995354,25.405713374995354,25.405713374995354,25.405713374995354,25.405713374995354,25.405713374995354,0.0,0.0,0.0,0.0,0.0,0.0,0.0,0.0,0.0,0.0,0.0,0.0
7.0116861435726205,0.0,13.180096002617576,25.400994114211183,25.400994114211183,25.400994114211183,25.400994114211183,25.400994114211183,25.400994114211183,0.0,0.0,0.0,0.0,0.0,0.0,0.0,0.0,0.0,0.0,0.0,0.0
7.0450751252086805,0.0,13.305620726452029,25.396039464783918,25.396039464783918,25.396039464783918,25.396039464783918,25.396039464783918,25.396039464783918,0.0,0.0,0.0,0.0,0.0,0.0,0.0,0.0,0.0,0.0,0.0,0.0
7.0784641068447405,0.0,13.43174035419091,25.390837770151563,25.390837770151563,25.390837770151563,25.390837770151563,25.390837770151563,25.390837770151563,0.0,0.0,0.0,0.0,0.0,0.0,0.0,0.0,0.0,0.0,0.0,0.0
7.111853088480801,0.0,13.558454885834221,25.385376805148585,25.385376805148585,25.385376805148585,25.385376805148585,25.385376805148585,25.385376805148585,0.0,0.0,0.0,0.0,0.0,0.0,0.0,0.0,0.0,0.0,0.0,0.0
7.145242070116861,0.0,13.68576432138196,25.37964374915615,25.37964374915615,25.37964374915615,25.37964374915615,25.37964374915615,25.37964374915615,0.0,0.0,0.0,0.0,0.0,0.0,0.0,0.0,0.0,0.0,0.0,0.0
7.178631051752921,0.0,13.813668660834129,25.373625158076063,25.373625158076063,25.373625158076063,25.373625158076063,25.373625158076063,25.373625158076063,0.0,0.0,0.0,0.0,0.0,0.0,0.0,0.0,0.0,0.0,0.0,0.0
7.212020033388981,0.0,13.942167904190725,25.36730693508658,25.36730693508658,25.36730693508658,25.36730693508658,25.36730693508658,25.36730693508658,0.0,0.0,0.0,0.0,0.0,0.0,0.0,0.0,0.0,0.0,0.0,0.0
7.245409015025041,0.0,14.07126205145175,25.360674300137703,25.360674300137703,25.360674300137703,25.360674300137703,25.360674300137703,25.360674300137703,0.0,0.0,0.0,0.0,0.0,0.0,0.0,0.0,0.0,0.0,0.0,0.0
7.278797996661101,0.0,14.200951102617204,25.353711758143398,25.353711758143398,25.353711758143398,25.353711758143398,25.353711758143398,25.353711758143398,0.0,0.0,0.0,0.0,0.0,0.0,0.0,0.0,0.0,0.0,0.0,0.0
7.312186978297162,0.0,14.331235057687087,25.34640306582811,25.34640306582811,25.34640306582811,25.34640306582811,25.34640306582811,25.34640306582811,0.0,0.0,0.0,0.0,0.0,0.0,0.0,0.0,0.0,0.0,0.0,0.0
7.345575959933222,0.0,14.462113916661398,25.33873119718479,25.33873119718479,25.33873119718479,25.33873119718479,25.33873119718479,25.33873119718479,0.0,0.0,0.0,0.0,0.0,0.0,0.0,0.0,0.0,0.0,0.0,0.0
7.378964941569282,0.0,14.593587679540137,25.330678307502215,25.330678307502215,25.330678307502215,25.330678307502215,25.330678307502215,25.330678307502215,0.0,0.0,0.0,0.0,0.0,0.0,0.0,0.0,0.0,0.0,0.0,0.0
7.412353923205342,0.0,14.725656346323307,25.32222569591972,25.32222569591972,25.32222569591972,25.32222569591972,25.32222569591972,25.32222569591972,0.0,0.0,0.0,0.0,0.0,0.0,0.0,0.0,0.0,0.0,0.0,0.0
7.445742904841402,0.0,14.858319917010904,25.31335376646824,25.31335376646824,25.31335376646824,25.31335376646824,25.31335376646824,25.31335376646824,0.0,0.0,0.0,0.0,0.0,0.0,0.0,0.0,0.0,0.0,0.0,0.0
7.479131886477462,0.0,14.99157839160293,25.304041987557852,25.304041987557852,25.304041987557852,25.304041987557852,25.304041987557852,25.304041987557852,0.0,0.0,0.0,0.0,0.0,0.0,0.0,0.0,0.0,0.0,0.0,0.0
7.512520868113522,0.0,15.125431770099384,25.294268849873177,25.294268849873177,25.294268849873177,25.294268849873177,25.294268849873177,25.294268849873177,0.0,0.0,0.0,0.0,0.0,0.0,0.0,0.0,0.0,0.0,0.0,0.0
7.545909849749583,0.0,15.259880052500268,25.284011822640107,25.284011822640107,25.284011822640107,25.284011822640107,25.284011822640107,25.284011822640107,0.0,0.0,0.0,0.0,0.0,0.0,0.0,0.0,0.0,0.0,0.0,0.0
7.579298831385643,0.0,15.39492323880558,25.273247308229365,25.273247308229365,25.273247308229365,25.273247308229365,25.273247308229365,25.273247308229365,0.0,0.0,0.0,0.0,0.0,0.0,0.0,0.0,0.0,0.0,0.0,0.0
7.612687813021703,0.0,15.53056132901532,25.261950595065368,25.261950595065368,25.261950595065368,25.261950595065368,25.261950595065368,25.261950595065368,0.0,0.0,0.0,0.0,0.0,0.0,0.0,0.0,0.0,0.0,0.0,0.0
7.646076794657763,0.0,15.66679432312949,25.250095808811928,25.250095808811928,25.250095808811928,25.250095808811928,25.250095808811928,25.250095808811928,0.0,0.0,0.0,0.0,0.0,0.0,0.0,0.0,0.0,0.0,0.0,0.0
7.6794657762938225,0.0,15.803622221148089,25.23765586181045,25.23765586181045,25.23765586181045,25.23765586181045,25.23765586181045,25.23765586181045,0.0,0.0,0.0,0.0,0.0,0.0,0.0,0.0,0.0,0.0,0.0,0.0
7.7128547579298825,0.0,15.941045023071116,25.22460240075066,25.22460240075066,25.22460240075066,25.22460240075066,25.22460240075066,25.22460240075066,0.0,0.0,0.0,0.0,0.0,0.0,0.0,0.0,0.0,0.0,0.0,0.0
7.7462437395659425,0.0,16.07906272889857,25.21090575255927,25.21090575255927,25.21090575255927,25.21090575255927,25.21090575255927,25.21090575255927,0.0,0.0,0.0,0.0,0.0,0.0,0.0,0.0,0.0,0.0,0.0,0.0
7.779632721202003,0.0,16.217675338630453,25.196534868498063,25.196534868498063,25.196534868498063,25.196534868498063,25.196534868498063,25.196534868498063,0.0,0.0,0.0,0.0,0.0,0.0,0.0,0.0,0.0,0.0,0.0,0.0
7.813021702838063,0.0,16.356882852266768,25.181457266469828,25.181457266469828,25.181457266469828,25.181457266469828,25.181457266469828,25.181457266469828,0.0,0.0,0.0,0.0,0.0,0.0,0.0,0.0,0.0,0.0,0.0,0.0
7.846410684474123,0.0,16.49668526980751,25.165638971538588,25.165638971538588,25.165638971538588,25.165638971538588,25.165638971538588,25.165638971538588,0.0,0.0,0.0,0.0,0.0,0.0,0.0,0.0,0.0,0.0,0.0,0.0
7.879799666110183,0.0,16.637082591252682,25.14904445467954,25.14904445467954,25.14904445467954,25.14904445467954,25.14904445467954,25.14904445467954,0.0,0.0,0.0,0.0,0.0,0.0,0.0,0.0,0.0,0.0,0.0,0.0
7.913188647746243,0.0,16.77807481660228,25.131636569784295,25.131636569784295,25.131636569784295,25.131636569784295,25.131636569784295,25.131636569784295,0.0,0.0,0.0,0.0,0.0,0.0,0.0,0.0,0.0,0.0,0.0,0.0
7.946577629382303,0.0,16.91966194585631,25.113376488958565,25.113376488958565,25.113376488958565,25.113376488958565,25.113376488958565,25.113376488958565,0.0,0.0,0.0,0.0,0.0,0.0,0.0,0.0,0.0,0.0,0.0,0.0
7.979966611018363,0.0,17.061843979014764,25.09422363616209,25.09422363616209,25.09422363616209,25.09422363616209,25.09422363616209,25.09422363616209,0.0,0.0,0.0,0.0,0.0,0.0,0.0,0.0,0.0,0.0,0.0,0.0
8.013355592654424,0.0,17.204620916077648,25.07413561925523,25.07413561925523,25.07413561925523,25.07413561925523,25.07413561925523,25.07413561925523,0.0,0.0,0.0,0.0,0.0,0.0,0.0,0.0,0.0,0.0,0.0,0.0
8.046744574290484,0.0,17.347992757044963,25.05306816053229,25.05306816053229,25.05306816053229,25.05306816053229,25.05306816053229,25.05306816053229,0.0,0.0,0.0,0.0,0.0,0.0,0.0,0.0,0.0,0.0,0.0,0.0
8.080133555926544,0.0,17.491959501916707,25.030975025839666,25.030975025839666,25.030975025839666,25.030975025839666,25.030975025839666,25.030975025839666,0.0,0.0,0.0,0.0,0.0,0.0,0.0,0.0,0.0,0.0,0.0,0.0
8.113522537562604,0.0,17.63652115069288,25.00780795239631,25.00780795239631,25.00780795239631,25.00780795239631,25.00780795239631,25.00780795239631,0.0,0.0,0.0,0.0,0.0,0.0,0.0,0.0,0.0,0.0,0.0,0.0
8.146911519198664,0.0,17.78167770337348,24.98351657545581,24.98351657545581,24.98351657545581,24.98351657545581,24.98351657545581,24.98351657545581,0.0,0.0,0.0,0.0,0.0,0.0,0.0,0.0,0.0,0.0,0.0,0.0
8.180300500834724,0.0,17.927429159958507,24.958048353973133,24.958048353973133,24.958048353973133,24.958048353973133,24.958048353973133,24.958048353973133,0.0,0.0,0.0,0.0,0.0,0.0,0.0,0.0,0.0,0.0,0.0,0.0
8.213689482470784,0.0,18.073775520447963,24.931348495465315,24.931348495465315,24.931348495465315,24.931348495465315,24.931348495465315,24.931348495465315,0.0,0.0,0.0,0.0,0.0,0.0,0.0,0.0,0.0,0.0,0.0,0.0
8.247078464106844,0.0,18.220716784841848,24.90335988028396,24.90335988028396,24.90335988028396,24.90335988028396,24.90335988028396,24.90335988028396,0.0,0.0,0.0,0.0,0.0,0.0,0.0,0.0,0.0,0.0,0.0,0.0
8.280467445742904,0.0,18.368252953140164,24.874022985548837,24.874022985548837,24.874022985548837,24.874022985548837,24.874022985548837,24.874022985548837,0.0,0.0,0.0,0.0,0.0,0.0,0.0,0.0,0.0,0.0,0.0,0.0
8.313856427378964,0.0,18.51638402534291,24.84327580902568,24.84327580902568,24.84327580902568,24.84327580902568,24.84327580902568,24.84327580902568,0.0,0.0,0.0,0.0,0.0,0.0,0.0,0.0,0.0,0.0,0.0,0.0
8.347245409015025,0.0,18.66511000145008,24.811053793268712,24.811053793268712,24.811053793268712,24.811053793268712,24.811053793268712,24.811053793268712,0.0,0.0,0.0,0.0,0.0,0.0,0.0,0.0,0.0,0.0,0.0,0.0
8.380634390651085,0.0,18.814430881461682,24.77728975038798,24.77728975038798,24.77728975038798,24.77728975038798,24.77728975038798,24.77728975038798,0.0,0.0,0.0,0.0,0.0,0.0,0.0,0.0,0.0,0.0,0.0,0.0
8.414023372287145,0.0,18.96434666537771,24.74191378784543,24.74191378784543,24.74191378784543,24.74191378784543,24.74191378784543,24.74191378784543,0.0,0.0,0.0,0.0,0.0,0.0,0.0,0.0,0.0,0.0,0.0,0.0
8.447412353923205,0.0,19.11485735319817,24.70485323572976,24.70485323572976,24.70485323572976,24.70485323572976,24.70485323572976,24.70485323572976,0.0,0.0,0.0,0.0,0.0,0.0,0.0,0.0,0.0,0.0,0.0,0.0
8.480801335559265,0.0,19.265962944923054,24.66603257601056,24.66603257601056,24.66603257601056,24.66603257601056,24.66603257601056,24.66603257601056,0.0,0.0,0.0,0.0,0.0,0.0,0.0,0.0,0.0,0.0,0.0,0.0
8.514190317195325,0.0,19.41766344055237,24.62537337432549,24.62537337432549,24.62537337432549,24.62537337432549,24.62537337432549,24.62537337432549,0.0,0.0,0.0,0.0,0.0,0.0,0.0,0.0,0.0,0.0,0.0,0.0
8.547579298831385,0.0,19.569958840086116,24.582794214911615,24.582794214911615,24.582794214911615,24.582794214911615,24.582794214911615,24.582794214911615,0.0,0.0,0.0,0.0,0.0,0.0,0.0,0.0,0.0,0.0,0.0,0.0
8.580968280467445,0.0,19.72284914352429,24.538210639352485,24.538210639352485,24.538210639352485,24.538210639352485,24.538210639352485,24.538210639352485,0.0,0.0,0.0,0.0,0.0,0.0,0.0,0.0,0.0,0.0,0.0,0.0
8.614357262103505,0.0,19.87633435086689,24.491535089877093,24.491535089877093,24.491535089877093,24.491535089877093,24.491535089877093,24.491535089877093,0.0,0.0,0.0,0.0,0.0,0.0,0.0,0.0,0.0,0.0,0.0,0.0
8.647746243739565,0.0,20.03041446211392,24.442676858014277,24.442676858014277,24.442676858014277,24.442676858014277,24.442676858014277,24.442676858014277,0.0,0.0,0.0,0.0,0.0,0.0,0.0,0.0,0.0,0.0,0.0,0.0
8.681135225375625,0.0,20.18508947726538,24.391542039477503,24.391542039477503,24.391542039477503,24.391542039477503,24.391542039477503,24.391542039477503,0.0,0.0,0.0,0.0,0.0,0.0,0.0,0.0,0.0,0.0,0.0,0.0
8.714524207011685,0.0,20.340359396321265,24.338033496229137,24.338033496229137,24.338033496229137,24.338033496229137,24.338033496229137,24.338033496229137,0.0,0.0,0.0,0.0,0.0,0.0,0.0,0.0,0.0,0.0,0.0,0.0
8.747913188647745,0.0,20.496224219281583,24.282050826750375,24.282050826750375,24.282050826750375,24.282050826750375,24.282050826750375,24.282050826750375,0.0,0.0,0.0,0.0,0.0,0.0,0.0,0.0,0.0,0.0,0.0,0.0
8.781302170283807,0.0,20.65268394614633,24.22349034562287,24.22349034562287,24.22349034562287,24.22349034562287,24.22349034562287,24.22349034562287,0.0,0.0,0.0,0.0,0.0,0.0,0.0,0.0,0.0,0.0,0.0,0.0
8.814691151919867,0.0,20.809738576915503,24.162245073609572,24.162245073609572,24.162245073609572,24.162245073609572,24.162245073609572,24.162245073609572,0.0,0.0,0.0,0.0,0.0,0.0,0.0,0.0,0.0,0.0,0.0,0.0
8.848080133555927,0.0,20.967388111589106,24.09820473950565,24.09820473950565,24.09820473950565,24.09820473950565,24.09820473950565,24.09820473950565,0.0,0.0,0.0,0.0,0.0,0.0,0.0,0.0,0.0,0.0,0.0,0.0
8.881469115191987,0.0,21.125632550167136,24.03125579511414,24.03125579511414,24.03125579511414,24.03125579511414,24.03125579511414,24.03125579511414,0.0,0.0,0.0,0.0,0.0,0.0,0.0,0.0,0.0,0.0,0.0,0.0
8.914858096828047,0.0,21.284471892649595,23.96128144478487,23.96128144478487,23.96128144478487,23.96128144478487,23.96128144478487,23.96128144478487,0.0,0.0,0.0,0.0,0.0,0.0,0.0,0.0,0.0,0.0,0.0,0.0
8.948247078464107,0.0,21.443906139036482,23.888161691037663,23.888161691037663,23.888161691037663,23.888161691037663,23.888161691037663,23.888161691037663,0.0,0.0,0.0,0.0,0.0,0.0,0.0,0.0,0.0,0.0,0.0,0.0
8.981636060100167,0.0,21.6039352893278,23.81177339787136,23.81177339787136,23.81177339787136,23.81177339787136,23.81177339787136,23.81177339787136,0.0,0.0,0.0,0.0,0.0,0.0,0.0,0.0,0.0,0.0,0.0,0.0
9.015025041736227,0.0,21.764559343523548,23.73199037343657,23.73199037343657,23.73199037343657,23.73199037343657,23.73199037343657,23.73199037343657,0.0,0.0,0.0,0.0,0.0,0.0,0.0,0.0,0.0,0.0,0.0,0.0
9.048414023372287,0.0,21.925778301623723,23.648683473821478,23.648683473821478,23.648683473821478,23.648683473821478,23.648683473821478,23.648683473821478,0.0,0.0,0.0,0.0,0.0,0.0,0.0,0.0,0.0,0.0,0.0,0.0
9.081803005008346,0.0,22.087592163628326,23.561720729764073,23.561720729764073,23.561720729764073,23.561720729764073,23.561720729764073,23.561720729764073,0.0,0.0,0.0,0.0,0.0,0.0,0.0,0.0,0.0,0.0,0.0,0.0
9.115191986644406,0.0,22.250000929537357,23.470967498159375,23.470967498159375,23.470967498159375,23.470967498159375,23.470967498159375,23.470967498159375,0.0,0.0,0.0,0.0,0.0,0.0,0.0,0.0,0.0,0.0,0.0,0.0
9.148580968280466,0.0,22.413004599350817,23.376286640273754,23.376286640273754,23.376286640273754,23.376286640273754,23.376286640273754,23.376286640273754,0.0,0.0,0.0,0.0,0.0,0.0,0.0,0.0,0.0,0.0,0.0,0.0
9.181969949916526,0.0,22.576603173068705,23.277538728608363,23.277538728608363,23.277538728608363,23.277538728608363,23.277538728608363,23.277538728608363,0.0,0.0,0.0,0.0,0.0,0.0,0.0,0.0,0.0,0.0,0.0,0.0
9.215358931552586,0.0,22.740796650691024,23.174582284366934,23.174582284366934,23.174582284366934,23.174582284366934,23.174582284366934,23.174582284366934,0.0,0.0,0.0,0.0,0.0,0.0,0.0,0.0,0.0,0.0,0.0,0.0
9.248747913188648,0.0,22.905585032217772,23.067274047476957,23.067274047476957,23.067274047476957,23.067274047476957,23.067274047476957,23.067274047476957,0.0,0.0,0.0,0.0,0.0,0.0,0.0,0.0,0.0,0.0,0.0,0.0
9.282136894824708,0.0,23.070968317648948,22.955469281084355,22.955469281084355,22.955469281084355,22.955469281084355,22.955469281084355,22.955469281084355,0.0,0.0,0.0,0.0,0.0,0.0,0.0,0.0,0.0,0.0,0.0,0.0
9.315525876460768,0.0,23.23694650698455,22.839022112387088,22.839022112387088,22.839022112387088,22.839022112387088,22.839022112387088,22.839022112387088,0.0,0.0,0.0,0.0,0.0,0.0,0.0,0.0,0.0,0.0,0.0,0.0
9.348914858096828,0.0,23.403519600224584,22.717785911588518,22.717785911588518,22.717785911588518,22.717785911588518,22.717785911588518,22.717785911588518,0.0,0.0,0.0,0.0,0.0,0.0,0.0,0.0,0.0,0.0,0.0,0.0
9.382303839732888,0.0,23.570687597369044,22.591613710634494,22.591613710634494,22.591613710634494,22.591613710634494,22.591613710634494,22.591613710634494,0.0,0.0,0.0,0.0,0.0,0.0,0.0,0.0,0.0,0.0,0.0,0.0
9.415692821368948,0.0,23.738450498417933,22.46035866324378,22.46035866324378,22.46035866324378,22.46035866324378,22.46035866324378,22.46035866324378,0.0,0.0,0.0,0.0,0.0,0.0,0.0,0.0,0.0,0.0,0.0,0.0
9.449081803005008,0.0,23.906808303371253,22.323874547547426,22.323874547547426,22.323874547547426,22.323874547547426,22.323874547547426,22.323874547547426,0.0,0.0,0.0,0.0,0.0,0.0,0.0,0.0,0.0,0.0,0.0,0.0
9.482470784641068,0.0,24.075761012229002,22.182016312414515,22.182016312414515,22.182016312414515,22.182016312414515,22.182016312414515,22.182016312414515,0.0,0.0,0.0,0.0,0.0,0.0,0.0,0.0,0.0,0.0,0.0,0.0
9.515859766277128,0.0,24.24530862499118,22.034640668256745,22.034640668256745,22.034640668256745,22.034640668256745,22.034640668256745,22.034640668256745,0.0,0.0,0.0,0.0,0.0,0.0,0.0,0.0,0.0,0.0,0.0,0.0
9.549248747913188,0.0,24.415451141657783,21.881606722768748,21.881606722768748,21.881606722768748,21.881606722768748,21.881606722768748,21.881606722768748,0.0,0.0,0.0,0.0,0.0,0.0,0.0,0.0,0.0,0.0,0.0,0.0
9.582637729549248,0.0,24.586188562228816,21.722776661673514,21.722776661673514,21.722776661673514,21.722776661673514,21.722776661673514,21.722776661673514,0.0,0.0,0.0,0.0,0.0,0.0,0.0,0.0,0.0,0.0,0.0,0.0
9.616026711185308,0.0,24.757520886704278,21.558016474099382,21.558016474099382,21.558016474099382,21.558016474099382,21.558016474099382,21.558016474099382,0.0,0.0,0.0,0.0,0.0,0.0,0.0,0.0,0.0,0.0,0.0,0.0
9.649415692821368,0.0,24.929448115084167,21.38719672171712,21.38719672171712,21.38719672171712,21.38719672171712,21.38719672171712,21.38719672171712,0.0,0.0,0.0,0.0,0.0,0.0,0.0,0.0,0.0,0.0,0.0,0.0
9.68280467445743,0.0,25.101970247368488,21.21019335021075,21.21019335021075,21.21019335021075,21.21019335021075,21.21019335021075,21.21019335021075,0.0,0.0,0.0,0.0,0.0,0.0,0.0,0.0,0.0,0.0,0.0,0.0
9.71619365609349,0.0,25.275087283557237,21.02688854104655,21.02688854104655,21.02688854104655,21.02688854104655,21.02688854104655,21.02688854104655,0.0,0.0,0.0,0.0,0.0,0.0,0.0,0.0,0.0,0.0,0.0,0.0
9.74958263772955,0.0,25.448799223650415,20.837171600841394,20.837171600841394,20.837171600841394,20.837171600841394,20.837171600841394,20.837171600841394,0.0,0.0,0.0,0.0,0.0,0.0,0.0,0.0,0.0,0.0,0.0,0.0
9.78297161936561,0.0,25.62310606764802,20.640939884919472,20.640939884919472,20.640939884919472,20.640939884919472,20.640939884919472,20.640939884919472,0.0,0.0,0.0,0.0,0.0,0.0,0.0,0.0,0.0,0.0,0.0,0.0
9.81636060100167,0.0,25.798007815550054,20.4380997508893,20.4380997508893,20.4380997508893,20.4380997508893,20.4380997508893,20.4380997508893,0.0,0.0,0.0,0.0,0.0,0.0,0.0,0.0,0.0,0.0,0.0,0.0
9.84974958263773,0.0,25.973504467356516,20.228567537278973,20.228567537278973,20.228567537278973,20.228567537278973,20.228567537278973,20.228567537278973,0.0,0.0,0.0,0.0,0.0,0.0,0.0,0.0,0.0,0.0,0.0,0.0
9.88313856427379,0.0,26.149596023067406,20.01227056144453,20.01227056144453,20.01227056144453,20.01227056144453,20.01227056144453,20.01227056144453,0.0,0.0,0.0,0.0,0.0,0.0,0.0,0.0,0.0,0.0,0.0,0.0
9.91652754590985,0.0,26.32628248268273,19.789148130126296,19.789148130126296,19.789148130126296,19.789148130126296,19.789148130126296,19.789148130126296,0.0,0.0,0.0,0.0,0.0,0.0,0.0,0.0,0.0,0.0,0.0,0.0
9.94991652754591,0.0,26.50356384620248,19.559152555182663,19.559152555182663,19.559152555182663,19.559152555182663,19.559152555182663,19.559152555182663,0.0,0.0,0.0,0.0,0.0,0.0,0.0,0.0,0.0,0.0,0.0,0.0
9.98330550918197,0.0,26.681440113626657,19.322250166196604,19.322250166196604,19.322250166196604,19.322250166196604,19.322250166196604,19.322250166196604,0.0,0.0,0.0,0.0,0.0,0.0,0.0,0.0,0.0,0.0,0.0,0.0
10.016694490818029,0.0,26.859911284955263,19.078422310842328,19.078422310842328,19.078422310842328,19.078422310842328,19.078422310842328,19.078422310842328,0.0,0.0,0.0,0.0,0.0,0.0,0.0,0.0,0.0,0.0,0.0,0.0
10.050083472454089,0.0,27.038977360188298,18.827666333138833,18.827666333138833,18.827666333138833,18.827666333138833,18.827666333138833,18.827666333138833,0.0,0.0,0.0,0.0,0.0,0.0,0.0,0.0,0.0,0.0,0.0,0.0
10.083472454090149,0.0,27.21863833932576,18.569996519021768,18.569996519021768,18.569996519021768,18.569996519021768,18.569996519021768,18.569996519021768,0.0,0.0,0.0,0.0,0.0,0.0,0.0,0.0,0.0,0.0,0.0,0.0
10.116861435726209,0.0,27.39889422236765,18.305444998058157,18.305444998058157,18.305444998058157,18.305444998058157,18.305444998058157,18.305444998058157,0.0,0.0,0.0,0.0,0.0,0.0,0.0,0.0,0.0,0.0,0.0,0.0
10.15025041736227,0.0,27.579745009313974,18.034062589632256,18.034062589632256,18.034062589632256,18.034062589632256,18.034062589632256,18.034062589632256,0.0,0.0,0.0,0.0,0.0,0.0,0.0,0.0,0.0,0.0,0.0,0.0
10.18363939899833,0.0,27.761190700164725,17.755919581566037,17.755919581566037,17.755919581566037,17.755919581566037,17.755919581566037,17.755919581566037,0.0,0.0,0.0,0.0,0.0,0.0,0.0,0.0,0.0,0.0,0.0,0.0
10.21702838063439,0.0,27.943231294919904,17.471106428929918,17.471106428929918,17.471106428929918,17.471106428929918,17.471106428929918,17.471106428929918,0.0,0.0,0.0,0.0,0.0,0.0,0.0,0.0,0.0,0.0,0.0,0.0
10.25041736227045,0.0,28.12586679357951,17.17973436076544,17.17973436076544,17.17973436076544,17.17973436076544,17.17973436076544,17.17973436076544,0.0,0.0,0.0,0.0,0.0,0.0,0.0,0.0,0.0,0.0,0.0,0.0
10.28380634390651,0.0,28.309097196143547,16.881935882605195,16.881935882605195,16.881935882605195,16.881935882605195,16.881935882605195,16.881935882605195,0.0,0.0,0.0,0.0,0.0,0.0,0.0,0.0,0.0,0.0,0.0,0.0
10.31719532554257,0.0,28.49292250261201,16.57786516304895,16.57786516304895,16.57786516304895,16.57786516304895,16.57786516304895,16.57786516304895,0.0,0.0,0.0,0.0,0.0,0.0,0.0,0.0,0.0,0.0,0.0,0.0
10.35058430717863,0.0,28.677342712984903,16.267698293255577,16.267698293255577,16.267698293255577,16.267698293255577,16.267698293255577,16.267698293255577,0.0,0.0,0.0,0.0,0.0,0.0,0.0,0.0,0.0,0.0,0.0,0.0
10.38397328881469,0.0,28.862357827262226,15.951633409043307,15.951633409043307,15.951633409043307,15.951633409043307,15.951633409043307,15.951633409043307,0.0,0.0,0.0,0.0,0.0,0.0,0.0,0.0,0.0,0.0,0.0,0.0
10.41736227045075,0.0,29.047967845443978,15.629890666363353,15.629890666363353,15.629890666363353,15.629890666363353,15.629890666363353,15.629890666363353,0.0,0.0,0.0,0.0,0.0,0.0,0.0,0.0,0.0,0.0,0.0,0.0
10.45075125208681,0.0,29.234172767530158,15.302712062218536,15.302712062218536,15.302712062218536,15.302712062218536,15.302712062218536,15.302712062218536,0.0,0.0,0.0,0.0,0.0,0.0,0.0,0.0,0.0,0.0,0.0,0.0
10.48414023372287,0.0,29.420972593520766,14.97036109463487,14.97036109463487,14.97036109463487,14.97036109463487,14.97036109463487,14.97036109463487,0.0,0.0,0.0,0.0,0.0,0.0,0.0,0.0,0.0,0.0,0.0,0.0
10.51752921535893,0.0,29.608367323415802,14.633122257041277,14.633122257041277,14.633122257041277,14.633122257041277,14.633122257041277,14.633122257041277,0.0,0.0,0.0,0.0,0.0,0.0,0.0,0.0,0.0,0.0,0.0,0.0
10.55091819699499,0.0,29.796356957215266,14.291300364353214,14.291300364353214,14.291300364353214,14.291300364353214,14.291300364353214,14.291300364353214,0.0,0.0,0.0,0.0,0.0,0.0,0.0,0.0,0.0,0.0,0.0,0.0
10.584307178631052,0.0,29.98494149491916,13.94521971015774,13.94521971015774,13.94521971015774,13.94521971015774,13.94521971015774,13.94521971015774,0.0,0.0,0.0,0.0,0.0,0.0,0.0,0.0,0.0,0.0,0.0,0.0
10.617696160267112,0.0,30.174120936527483,13.595223056629559,13.595223056629559,13.595223056629559,13.595223056629559,13.595223056629559,13.595223056629559,0.0,0.0,0.0,0.0,0.0,0.0,0.0,0.0,0.0,0.0,0.0,0.0
10.651085141903172,0.0,30.363895282040236,13.241670461125784,13.241670461125784,13.241670461125784,13.241670461125784,13.241670461125784,13.241670461125784,0.0,0.0,0.0,0.0,0.0,0.0,0.0,0.0,0.0,0.0,0.0,0.0
10.684474123539232,0.0,30.554264531457417,12.884937945769632,12.884937945769632,12.884937945769632,12.884937945769632,12.884937945769632,12.884937945769632,0.0,0.0,0.0,0.0,0.0,0.0,0.0,0.0,0.0,0.0,0.0,0.0
10.717863105175292,0.0,30.745228684779025,12.525416018687634,12.525416018687634,12.525416018687634,12.525416018687634,12.525416018687634,12.525416018687634,0.0,0.0,0.0,0.0,0.0,0.0,0.0,0.0,0.0,0.0,0.0,0.0
10.751252086811352,0.0,30.936787742005063,12.16350805786268,12.16350805786268,12.16350805786268,12.16350805786268,12.16350805786268,12.16350805786268,0.0,0.0,0.0,0.0,0.0,0.0,0.0,0.0,0.0,0.0,0.0,0.0
10.784641068447412,0.0,31.128941703135528,11.799628570750748,11.799628570750748,11.799628570750748,11.799628570750748,11.799628570750748,11.799628570750748,0.0,0.0,0.0,0.0,0.0,0.0,0.0,0.0,0.0,0.0,0.0,0.0
10.818030050083472,0.0,31.32169056817042,11.434201344833753,11.434201344833753,11.434201344833753,11.434201344833753,11.434201344833753,11.434201344833753,0.0,0.0,0.0,0.0,0.0,0.0,0.0,0.0,0.0,0.0,0.0,0.0
10.851419031719532,0.0,31.515034337109746,11.067657506091852,11.067657506091852,11.067657506091852,11.067657506091852,11.067657506091852,11.067657506091852,0.0,0.0,0.0,0.0,0.0,0.0,0.0,0.0,0.0,0.0,0.0,0.0
10.884808013355592,0.0,31.7089730099535,10.700433503933946,10.700433503933946,10.700433503933946,10.700433503933946,10.700433503933946,10.700433503933946,0.0,0.0,0.0,0.0,0.0,0.0,0.0,0.0,0.0,0.0,0.0,0.0
10.918196994991652,0.0,31.90350658670168,10.332969042381437,10.332969042381437,10.332969042381437,10.332969042381437,10.332969042381437,10.332969042381437,0.0,0.0,0.0,0.0,0.0,0.0,0.0,0.0,0.0,0.0,0.0,0.0
10.951585976627712,0.0,32.09863506735429,9.965704978228972,9.965704978228972,9.965704978228972,9.965704978228972,9.965704978228972,9.965704978228972,0.0,0.0,0.0,0.0,0.0,0.0,0.0,0.0,0.0,0.0,0.0,0.0
10.984974958263772,0.0,32.29435845191133,9.599081207478493,9.599081207478493,9.599081207478493,9.599081207478493,9.599081207478493,9.599081207478493,0.0,0.0,0.0,0.0,0.0,0.0,0.0,0.0,0.0,0.0,0.0,0.0
11.018363939899832,0.0,32.4906767403728,9.233534561548066,9.233534561548066,9.233534561548066,9.233534561548066,9.233534561548066,9.233534561548066,0.0,0.0,0.0,0.0,0.0,0.0,0.0,0.0,0.0,0.0,0.0,0.0
11.051752921535893,0.0,32.687589932738696,8.86949673458619,8.86949673458619,8.86949673458619,8.86949673458619,8.86949673458619,8.86949673458619,0.0,0.0,0.0,0.0,0.0,0.0,0.0,0.0,0.0,0.0,0.0,0.0
11.085141903171953,0.0,32.88509802900902,8.50739226268159,8.50739226268159,8.50739226268159,8.50739226268159,8.50739226268159,8.50739226268159,0.0,0.0,0.0,0.0,0.0,0.0,0.0,0.0,0.0,0.0,0.0,0.0
11.118530884808013,0.0,33.083201029183776,8.147636574862917,8.147636574862917,8.147636574862917,8.147636574862917,8.147636574862917,8.147636574862917,0.0,0.0,0.0,0.0,0.0,0.0,0.0,0.0,0.0,0.0,0.0,0.0
11.151919866444073,0.0,33.28189893326296,7.790634134553363,7.790634134553363,7.790634134553363,7.790634134553363,7.790634134553363,7.790634134553363,0.0,0.0,0.0,0.0,0.0,0.0,0.0,0.0,0.0,0.0,0.0,0.0
11.185308848080133,0.0,33.48119174124657,7.436776688616853,7.436776688616853,7.436776688616853,7.436776688616853,7.436776688616853,7.436776688616853,0.0,0.0,0.0,0.0,0.0,0.0,0.0,0.0,0.0,0.0,0.0,0.0
11.218697829716193,0.0,33.68107945313461,7.086441639341592,7.086441639341592,7.086441639341592,7.086441639341592,7.086441639341592,7.086441639341592,0.0,0.0,0.0,0.0,0.0,0.0,0.0,0.0,0.0,0.0,0.0,0.0
11.252086811352253,0.0,33.881562068927074,6.7399905527012125,6.7399905527012125,6.7399905527012125,6.7399905527012125,6.7399905527012125,6.7399905527012125,0.0,0.0,0.0,0.0,0.0,0.0,0.0,0.0,0.0,0.0,0.0,0.0
11.285475792988313,0.0,34.08263958862397,6.397767814059154,6.397767814059154,6.397767814059154,6.397767814059154,6.397767814059154,6.397767814059154,0.0,0.0,0.0,0.0,0.0,0.0,0.0,0.0,0.0,0.0,0.0,0.0
11.318864774624373,0.0,34.28431201222529,6.06009944019355,6.06009944019355,6.06009944019355,6.06009944019355,6.06009944019355,6.06009944019355,0.0,0.0,0.0,0.0,0.0,0.0,0.0,0.0,0.0,0.0,0.0,0.0
11.352253756260433,0.0,34.486579339731044,5.727292054167168,5.727292054167168,5.727292054167168,5.727292054167168,5.727292054167168,5.727292054167168,0.0,0.0,0.0,0.0,0.0,0.0,0.0,0.0,0.0,0.0,0.0,0.0
11.385642737896493,0.0,34.689441571141224,5.399632027204738,5.399632027204738,5.399632027204738,5.399632027204738,5.399632027204738,5.399632027204738,0.0,0.0,0.0,0.0,0.0,0.0,0.0,0.0,0.0,0.0,0.0,0.0
11.419031719532553,0.0,34.89289870645583,5.077384789414199,5.077384789414199,5.077384789414199,5.077384789414199,5.077384789414199,5.077384789414199,0.0,0.0,0.0,0.0,0.0,0.0,0.0,0.0,0.0,0.0,0.0,0.0
11.452420701168613,0.0,35.096950745674874,4.760794308948091,4.760794308948091,4.760794308948091,4.760794308948091,4.760794308948091,4.760794308948091,0.0,0.0,0.0,0.0,0.0,0.0,0.0,0.0,0.0,0.0,0.0,0.0
11.485809682804675,0.0,35.301597688798346,4.450082737085381,4.450082737085381,4.450082737085381,4.450082737085381,4.450082737085381,4.450082737085381,0.0,0.0,0.0,0.0,0.0,0.0,0.0,0.0,0.0,0.0,0.0,0.0
11.519198664440735,0.0,35.506839535826245,4.14545021475788,4.14545021475788,4.14545021475788,4.14545021475788,4.14545021475788,4.14545021475788,0.0,0.0,0.0,0.0,0.0,0.0,0.0,0.0,0.0,0.0,0.0,0.0
11.552587646076795,0.0,35.71267628675857,3.8470748342795167,3.8470748342795167,3.8470748342795167,3.8470748342795167,3.8470748342795167,3.8470748342795167,0.0,0.0,0.0,0.0,0.0,0.0,0.0,0.0,0.0,0.0,0.0,0.0
11.585976627712855,0.0,35.91910794159533,3.5551127484806075,3.5551127484806075,3.5551127484806075,3.5551127484806075,3.5551127484806075,3.5551127484806075,0.0,0.0,0.0,0.0,0.0,0.0,0.0,0.0,0.0,0.0,0.0,0.0
11.619365609348915,0.0,36.12613450033651,3.269698418121147,3.269698418121147,3.269698418121147,3.269698418121147,3.269698418121147,3.269698418121147,0.0,0.0,0.0,0.0,0.0,0.0,0.0,0.0,0.0,0.0,0.0,0.0
11.652754590984975,0.0,36.333755962982124,2.9909449873633225,2.9909449873633225,2.9909449873633225,2.9909449873633225,2.9909449873633225,2.9909449873633225,0.0,0.0,0.0,0.0,0.0,0.0,0.0,0.0,0.0,0.0,0.0,0.0
11.686143572621035,0.0,36.541972329532165,2.718944776228871,2.718944776228871,2.718944776228871,2.718944776228871,2.718944776228871,2.718944776228871,0.0,0.0,0.0,0.0,0.0,0.0,0.0,0.0,0.0,0.0,0.0,0.0
11.719532554257095,0.0,36.75078359998663,2.453769878345409,2.453769878345409,2.453769878345409,2.453769878345409,2.453769878345409,2.453769878345409,0.0,0.0,0.0,0.0,0.0,0.0,0.0,0.0,0.0,0.0,0.0,0.0
11.752921535893154,0.0,36.96018977434553,2.1954728518918314,2.1954728518918314,2.1954728518918314,2.1954728518918314,2.1954728518918314,2.1954728518918314,0.0,0.0,0.0,0.0,0.0,0.0,0.0,0.0,0.0,0.0,0.0,0.0
11.786310517529214,0.0,37.170190852608854,1.944087491471182,1.944087491471182,1.944087491471182,1.944087491471182,1.944087491471182,1.944087491471182,0.0,0.0,0.0,0.0,0.0,0.0,0.0,0.0,0.0,0.0,0.0,0.0
11.819699499165274,0.0,37.38078683477661,1.6996296686558388,1.6996296686558388,1.6996296686558388,1.6996296686558388,1.6996296686558388,1.6996296686558388,0.0,0.0,0.0,0.0,0.0,0.0,0.0,0.0,0.0,0.0,0.0,0.0
11.853088480801334,0.0,37.59197772084879,1.46209822914301,1.46209822914301,1.46209822914301,1.46209822914301,1.46209822914301,1.46209822914301,0.0,0.0,0.0,0.0,0.0,0.0,0.0,0.0,0.0,0.0,0.0,0.0
11.886477462437394,0.0,37.8037635108254,1.2314759348097504,1.2314759348097504,1.2314759348097504,1.2314759348097504,1.2314759348097504,1.2314759348097504,0.0,0.0,0.0,0.0,0.0,0.0,0.0,0.0,0.0,0.0,0.0,0.0
11.919866444073454,0.0,38.01614420470644,1.0077304394418274,1.0077304394418274,1.0077304394418274,1.0077304394418274,1.0077304394418274,1.0077304394418274,0.0,0.0,0.0,0.0,0.0,0.0,0.0,0.0,0.0,0.0,0.0,0.0
11.953255425709516,0.0,38.229119802491915,0.79081528750921,0.79081528750921,0.79081528750921,0.79081528750921,0.79081528750921,0.79081528750921,0.0,0.0,0.0,0.0,0.0,0.0,0.0,0.0,0.0,0.0,0.0,0.0
11.986644407345576,0.0,38.442690304181816,0.5806709260481396,0.5806709260481396,0.5806709260481396,0.5806709260481396,0.5806709260481396,0.5806709260481396,0.0,0.0,0.0,0.0,0.0,0.0,0.0,0.0,0.0,0.0,0.0,0.0
12.020033388981636,0.0,38.656855709776146,0.37722572046629654,0.37722572046629654,0.37722572046629654,0.37722572046629654,0.37722572046629654,0.37722572046629654,0.0,0.0,0.0,0.0,0.0,0.0,0.0,0.0,0.0,0.0,0.0,0.0
12.053422370617696,0.0,38.8716160192749,0.1803969658910337,0.1803969658910337,0.1803969658910337,0.1803969658910337,0.1803969658910337,0.1803969658910337,0.0,0.0,0.0,0.0,0.0,0.0,0.0,0.0,0.0,0.0,0.0,0.0
12.086811352253756,0.0,39.08697123267809,-0.009908113485866399,-0.009908113485866399,-0.009908113485866399,-0.009908113485866399,-0.009908113485866399,-0.009908113485866399,0.0,0.0,0.0,0.0,0.0,0.0,0.0,0.0,0.0,0.0,0.0,0.0
12.120200333889816,0.0,39.3029213499857,-0.19379138376931004,-0.19379138376931004,-0.19379138376931004,-0.19379138376931004,-0.19379138376931004,-0.19379138376931004,0.0,0.0,0.0,0.0,0.0,0.0,0.0,0.0,0.0,0.0,0.0,0.0
12.153589315525876,0.0,39.519466371197744,-0.3713628452885426,-0.3713628452885426,-0.3713628452885426,-0.3713628452885426,-0.3713628452885426,-0.3713628452885426,0.0,0.0,0.0,0.0,0.0,0.0,0.0,0.0,0.0,0.0,0.0,0.0
12.186978297161936,0.0,39.736606296314214,-0.5427397061274991,-0.5427397061274991,-0.5427397061274991,-0.5427397061274991,-0.5427397061274991,-0.5427397061274991,0.0,0.0,0.0,0.0,0.0,0.0,0.0,0.0,0.0,0.0,0.0,0.0
12.220367278797996,0.0,39.95434112533511,-0.7080454894963184,-0.7080454894963184,-0.7080454894963184,-0.7080454894963184,-0.7080454894963184,-0.7080454894963184,0.0,0.0,0.0,0.0,0.0,0.0,0.0,0.0,0.0,0.0,0.0,0.0
12.253756260434056,0.0,40.17267085826044,-0.8674091784224042,-0.8674091784224042,-0.8674091784224042,-0.8674091784224042,-0.8674091784224042,-0.8674091784224042,0.0,0.0,0.0,0.0,0.0,0.0,0.0,0.0,0.0,0.0,0.0,0.0
12.287145242070116,0.0,40.39159549509019,-1.0209644005223266,-1.0209644005223266,-1.0209644005223266,-1.0209644005223266,-1.0209644005223266,-1.0209644005223266,0.0,0.0,0.0,0.0,0.0,0.0,0.0,0.0,0.0,0.0,0.0,0.0
12.320534223706176,0.0,40.611115035824376,-1.1688486549486332,-1.1688486549486332,-1.1688486549486332,-1.1688486549486332,-1.1688486549486332,-1.1688486549486332,0.0,0.0,0.0,0.0,0.0,0.0,0.0,0.0,0.0,0.0,0.0,0.0
12.353923205342236,0.0,40.83122948046299,-1.3112025829906382,-1.3112025829906382,-1.3112025829906382,-1.3112025829906382,-1.3112025829906382,-1.3112025829906382,0.0,0.0,0.0,0.0,0.0,0.0,0.0,0.0,0.0,0.0,0.0,0.0
12.387312186978297,0.0,41.05193882900603,-1.4481692832491222,-1.4481692832491222,-1.4481692832491222,-1.4481692832491222,-1.4481692832491222,-1.4481692832491222,0.0,0.0,0.0,0.0,0.0,0.0,0.0,0.0,0.0,0.0,0.0,0.0
12.420701168614357,0.0,41.27324308145351,-1.5798936718011736,-1.5798936718011736,-1.5798936718011736,-1.5798936718011736,-1.5798936718011736,-1.5798936718011736,0.0,0.0,0.0,0.0,0.0,0.0,0.0,0.0,0.0,0.0,0.0,0.0
12.454090150250417,0.0,41.49514223780541,-1.7065218873240684,-1.7065218873240684,-1.7065218873240684,-1.7065218873240684,-1.7065218873240684,-1.7065218873240684,0.0,0.0,0.0,0.0,0.0,0.0,0.0,0.0,0.0,0.0,0.0,0.0
12.487479131886477,0.0,41.71763629806174,-1.828200740754018,-1.828200740754018,-1.828200740754018,-1.828200740754018,-1.828200740754018,-1.828200740754018,0.0,0.0,0.0,0.0,0.0,0.0,0.0,0.0,0.0,0.0,0.0,0.0
12.520868113522537,0.0,41.9407252622225,-1.9450772087159063,-1.9450772087159063,-1.9450772087159063,-1.9450772087159063,-1.9450772087159063,-1.9450772087159063,0.0,0.0,0.0,0.0,0.0,0.0,0.0,0.0,0.0,0.0,0.0,0.0
12.554257095158597,0.0,42.16440913028769,-2.0572979696703926,-2.0572979696703926,-2.0572979696703926,-2.0572979696703926,-2.0572979696703926,-2.0572979696703926,0.0,0.0,0.0,0.0,0.0,0.0,0.0,0.0,0.0,0.0,0.0,0.0
12.587646076794657,0.0,42.3886879022573,-2.165008981482739,-2.165008981482739,-2.165008981482739,-2.165008981482739,-2.165008981482739,-2.165008981482739,0.0,0.0,0.0,0.0,0.0,0.0,0.0,0.0,0.0,0.0,0.0,0.0
12.621035058430717,0.0,42.613561578131346,-2.268355098919364,-2.268355098919364,-2.268355098919364,-2.268355098919364,-2.268355098919364,-2.268355098919364,0.0,0.0,0.0,0.0,0.0,0.0,0.0,0.0,0.0,0.0,0.0,0.0
12.654424040066777,0.0,42.83903015790982,-2.367479729420957,-2.367479729420957,-2.367479729420957,-2.367479729420957,-2.367479729420957,-2.367479729420957,0.0,0.0,0.0,0.0,0.0,0.0,0.0,0.0,0.0,0.0,0.0,0.0
12.687813021702837,0.0,43.06509364159272,-2.462524525380237,-2.462524525380237,-2.462524525380237,-2.462524525380237,-2.462524525380237,-2.462524525380237,0.0,0.0,0.0,0.0,0.0,0.0,0.0,0.0,0.0,0.0,0.0,0.0
12.721202003338897,0.0,43.291752029180046,-2.5536291110655904,-2.5536291110655904,-2.5536291110655904,-2.5536291110655904,-2.5536291110655904,-2.5536291110655904,0.0,0.0,0.0,0.0,0.0,0.0,0.0,0.0,0.0,0.0,0.0,0.0
12.754590984974957,0.0,43.5190053206718,-2.6409308422741247,-2.6409308422741247,-2.6409308422741247,-2.6409308422741247,-2.6409308422741247,-2.6409308422741247,0.0,0.0,0.0,0.0,0.0,0.0,0.0,0.0,0.0,0.0,0.0,0.0
12.787979966611017,0.0,43.746853516067986,-2.724564596766887,-2.724564596766887,-2.724564596766887,-2.724564596766887,-2.724564596766887,-2.724564596766887,0.0,0.0,0.0,0.0,0.0,0.0,0.0,0.0,0.0,0.0,0.0,0.0
12.821368948247077,0.0,43.9752966153686,-2.8046625935306135,-2.8046625935306135,-2.8046625935306135,-2.8046625935306135,-2.8046625935306135,-2.8046625935306135,0.0,0.0,0.0,0.0,0.0,0.0,0.0,0.0,0.0,0.0,0.0,0.0
12.854757929883139,0.0,44.20433461857365,-2.8813542389222246,-2.8813542389222246,-2.8813542389222246,-2.8813542389222246,-2.8813542389222246,-2.8813542389222246,0.0,0.0,0.0,0.0,0.0,0.0,0.0,0.0,0.0,0.0,0.0,0.0
12.888146911519199,0.0,44.43396752568312,-2.9547659977803997,-2.9547659977803997,-2.9547659977803997,-2.9547659977803997,-2.9547659977803997,-2.9547659977803997,0.0,0.0,0.0,0.0,0.0,0.0,0.0,0.0,0.0,0.0,0.0,0.0
12.921535893155259,0.0,44.66419533669703,-3.0250212876314158,-3.0250212876314158,-3.0250212876314158,-3.0250212876314158,-3.0250212876314158,-3.0250212876314158,0.0,0.0,0.0,0.0,0.0,0.0,0.0,0.0,0.0,0.0,0.0,0.0
12.954924874791319,0.0,44.89501805161536,-3.0922403941703243,-3.0922403941703243,-3.0922403941703243,-3.0922403941703243,-3.0922403941703243,-3.0922403941703243,0.0,0.0,0.0,0.0,0.0,0.0,0.0,0.0,0.0,0.0,0.0,0.0
12.988313856427379,0.0,45.12643567043812,-3.1565404062620366,-3.1565404062620366,-3.1565404062620366,-3.1565404062620366,-3.1565404062620366,-3.1565404062620366,0.0,0.0,0.0,0.0,0.0,0.0,0.0,0.0,0.0,0.0,0.0,0.0
13.021702838063439,0.0,45.35844819316531,-3.2180351687776856,-3.2180351687776856,-3.2180351687776856,-3.2180351687776856,-3.2180351687776856,-3.2180351687776856,0.0,0.0,0.0,0.0,0.0,0.0,0.0,0.0,0.0,0.0,0.0,0.0
13.055091819699499,0.0,45.591055619796926,-3.2768352516575723,-3.2768352516575723,-3.2768352516575723,-3.2768352516575723,-3.2768352516575723,-3.2768352516575723,0.0,0.0,0.0,0.0,0.0,0.0,0.0,0.0,0.0,0.0,0.0,0.0
13.088480801335558,0.0,45.82425795033297,-3.333047933672284,-3.333047933672284,-3.333047933672284,-3.333047933672284,-3.333047933672284,-3.333047933672284,0.0,0.0,0.0,0.0,0.0,0.0,0.0,0.0,0.0,0.0,0.0,0.0
13.121869782971618,0.0,46.058055184773444,-3.386777199435839,-3.386777199435839,-3.386777199435839,-3.386777199435839,-3.386777199435839,-3.386777199435839,0.0,0.0,0.0,0.0,0.0,0.0,0.0,0.0,0.0,0.0,0.0,0.0
13.155258764607678,0.0,46.292447323118346,-3.438123748308625,-3.438123748308625,-3.438123748308625,-3.438123748308625,-3.438123748308625,-3.438123748308625,0.0,0.0,0.0,0.0,0.0,0.0,0.0,0.0,0.0,0.0,0.0,0.0
13.188647746243738,0.0,46.527434365367675,-3.487185013911622,-3.487185013911622,-3.487185013911622,-3.487185013911622,-3.487185013911622,-3.487185013911622,0.0,0.0,0.0,0.0,0.0,0.0,0.0,0.0,0.0,0.0,0.0,0.0
13.222036727879798,0.0,46.76301631152143,-3.534055193056847,-3.534055193056847,-3.534055193056847,-3.534055193056847,-3.534055193056847,-3.534055193056847,0.0,0.0,0.0,0.0,0.0,0.0,0.0,0.0,0.0,0.0,0.0,0.0
13.255425709515858,0.0,46.99919316157962,-3.5788252829807066,-3.5788252829807066,-3.5788252829807066,-3.5788252829807066,-3.5788252829807066,-3.5788252829807066,0.0,0.0,0.0,0.0,0.0,0.0,0.0,0.0,0.0,0.0,0.0,0.0
13.28881469115192,0.0,47.23596491554223,-3.6215831258469184,-3.6215831258469184,-3.6215831258469184,-3.6215831258469184,-3.6215831258469184,-3.6215831258469184,0.0,0.0,0.0,0.0,0.0,0.0,0.0,0.0,0.0,0.0,0.0,0.0
13.32220367278798,0.0,47.47333157340928,-3.662413459562905,-3.662413459562905,-3.662413459562905,-3.662413459562905,-3.662413459562905,-3.662413459562905,0.0,0.0,0.0,0.0,0.0,0.0,0.0,0.0,0.0,0.0,0.0,0.0
13.35559265442404,0.0,47.71129313518076,-3.7013979740282843,-3.7013979740282843,-3.7013979740282843,-3.7013979740282843,-3.7013979740282843,-3.7013979740282843,0.0,0.0,0.0,0.0,0.0,0.0,0.0,0.0,0.0,0.0,0.0,0.0
13.3889816360601,0.0,47.949849600856666,-3.7386153720053503,-3.7386153720053503,-3.7386153720053503,-3.7386153720053503,-3.7386153720053503,-3.7386153720053503,0.0,0.0,0.0,0.0,0.0,0.0,0.0,0.0,0.0,0.0,0.0,0.0
13.42237061769616,0.0,48.189000970437,-3.7741414338695782,-3.7741414338695782,-3.7741414338695782,-3.7741414338695782,-3.7741414338695782,-3.7741414338695782,0.0,0.0,0.0,0.0,0.0,0.0,0.0,0.0,0.0,0.0,0.0,0.0
13.45575959933222,0.0,48.42874724392176,-3.8080490855627245,-3.8080490855627245,-3.8080490855627245,-3.8080490855627245,-3.8080490855627245,-3.8080490855627245,0.0,0.0,0.0,0.0,0.0,0.0,0.0,0.0,0.0,0.0,0.0,0.0
13.48914858096828,0.0,48.66908842131095,-3.84040846913216,-3.84040846913216,-3.84040846913216,-3.84040846913216,-3.84040846913216,-3.84040846913216,0.0,0.0,0.0,0.0,0.0,0.0,0.0,0.0,0.0,0.0,0.0,0.0
13.52253756260434,0.0,48.91002450260457,-3.871287015297487,-3.871287015297487,-3.871287015297487,-3.871287015297487,-3.871287015297487,-3.871287015297487,0.0,0.0,0.0,0.0,0.0,0.0,0.0,0.0,0.0,0.0,0.0,0.0
13.5559265442404,0.0,49.15155548780262,-3.9007495175394284,-3.9007495175394284,-3.9007495175394284,-3.9007495175394284,-3.9007495175394284,-3.9007495175394284,0.0,0.0,0.0,0.0,0.0,0.0,0.0,0.0,0.0,0.0,0.0,0.0
13.58931552587646,0.0,49.39368137690509,-3.9288582072562637,-3.9288582072562637,-3.9288582072562637,-3.9288582072562637,-3.9288582072562637,-3.9288582072562637,0.0,0.0,0.0,0.0,0.0,0.0,0.0,0.0,0.0,0.0,0.0,0.0
13.62270450751252,0.0,49.636402169911996,-3.9556728295800814,-3.9556728295800814,-3.9556728295800814,-3.9556728295800814,-3.9556728295800814,-3.9556728295800814,0.0,0.0,0.0,0.0,0.0,0.0,0.0,0.0,0.0,0.0,0.0,0.0
13.65609348914858,0.0,49.87971786682333,-3.981250719488668,-3.981250719488668,-3.981250719488668,-3.981250719488668,-3.981250719488668,-3.981250719488668,0.0,0.0,0.0,0.0,0.0,0.0,0.0,0.0,0.0,0.0,0.0,0.0
13.68948247078464,0.0,50.12362846763909,-4.005646877889275,-4.005646877889275,-4.005646877889275,-4.005646877889275,-4.005646877889275,-4.005646877889275,0.0,0.0,0.0,0.0,0.0,0.0,0.0,0.0,0.0,0.0,0.0,0.0
13.722871452420701,0.0,50.368133972359274,-4.028914047387687,-4.028914047387687,-4.028914047387687,-4.028914047387687,-4.028914047387687,-4.028914047387687,0.0,0.0,0.0,0.0,0.0,0.0,0.0,0.0,0.0,0.0,0.0,0.0
13.756260434056761,0.0,50.61323438098389,-4.051102787490476,-4.051102787490476,-4.051102787490476,-4.051102787490476,-4.051102787490476,-4.051102787490476,0.0,0.0,0.0,0.0,0.0,0.0,0.0,0.0,0.0,0.0,0.0,0.0
13.789649415692821,0.0,50.85892969351294,-4.07226154901975,-4.07226154901975,-4.07226154901975,-4.07226154901975,-4.07226154901975,-4.07226154901975,0.0,0.0,0.0,0.0,0.0,0.0,0.0,0.0,0.0,0.0,0.0,0.0
13.823038397328881,0.0,51.10521990994642,-4.092436747548699,-4.092436747548699,-4.092436747548699,-4.092436747548699,-4.092436747548699,-4.092436747548699,0.0,0.0,0.0,0.0,0.0,0.0,0.0,0.0,0.0,0.0,0.0,0.0
13.856427378964941,0.0,51.35210503028433,-4.111672835692505,-4.111672835692505,-4.111672835692505,-4.111672835692505,-4.111672835692505,-4.111672835692505,0.0,0.0,0.0,0.0,0.0,0.0,0.0,0.0,0.0,0.0,0.0,0.0
13.889816360601001,0.0,51.59958505452666,-4.130012374113365,-4.130012374113365,-4.130012374113365,-4.130012374113365,-4.130012374113365,-4.130012374113365,0.0,0.0,0.0,0.0,0.0,0.0,0.0,0.0,0.0,0.0,0.0,0.0
13.923205342237061,0.0,51.84765998267343,-4.147496101120115,-4.147496101120115,-4.147496101120115,-4.147496101120115,-4.147496101120115,-4.147496101120115,0.0,0.0,0.0,0.0,0.0,0.0,0.0,0.0,0.0,0.0,0.0,0.0
13.956594323873121,0.0,52.09632981472462,-4.164163000762815,-4.164163000762815,-4.164163000762815,-4.164163000762815,-4.164163000762815,-4.164163000762815,0.0,0.0,0.0,0.0,0.0,0.0,0.0,0.0,0.0,0.0,0.0,0.0
13.989983305509181,0.0,52.34559455068024,-4.180050369340518,-4.180050369340518,-4.180050369340518,-4.180050369340518,-4.180050369340518,-4.180050369340518,0.0,0.0,0.0,0.0,0.0,0.0,0.0,0.0,0.0,0.0,0.0,0.0
14.023372287145241,0.0,52.59545419054029,-4.195193880256577,-4.195193880256577,-4.195193880256577,-4.195193880256577,-4.195193880256577,-4.195193880256577,0.0,0.0,0.0,0.0,0.0,0.0,0.0,0.0,0.0,0.0,0.0,0.0
14.056761268781301,0.0,52.845908734304764,-4.2096276471703415,-4.2096276471703415,-4.2096276471703415,-4.2096276471703415,-4.2096276471703415,-4.2096276471703415,0.0,0.0,0.0,0.0,0.0,0.0,0.0,0.0,0.0,0.0,0.0,0.0
14.090150250417361,0.0,53.09695818197367,-4.223384285407057,-4.223384285407057,-4.223384285407057,-4.223384285407057,-4.223384285407057,-4.223384285407057,0.0,0.0,0.0,0.0,0.0,0.0,0.0,0.0,0.0,0.0,0.0,0.0
14.123539232053421,0.0,53.348602533547,-4.236494971599349,-4.236494971599349,-4.236494971599349,-4.236494971599349,-4.236494971599349,-4.236494971599349,0.0,0.0,0.0,0.0,0.0,0.0,0.0,0.0,0.0,0.0,0.0,0.0
14.156928213689481,0.0,53.60084178902476,-4.248989501544017,-4.248989501544017,-4.248989501544017,-4.248989501544017,-4.248989501544017,-4.248989501544017,0.0,0.0,0.0,0.0,0.0,0.0,0.0,0.0,0.0,0.0,0.0,0.0
14.190317195325543,0.0,53.85367594840695,-4.260896346266919,-4.260896346266919,-4.260896346266919,-4.260896346266919,-4.260896346266919,-4.260896346266919,0.0,0.0,0.0,0.0,0.0,0.0,0.0,0.0,0.0,0.0,0.0,0.0
14.223706176961603,0.0,54.10710501169358,-4.272242706296837,-4.272242706296837,-4.272242706296837,-4.272242706296837,-4.272242706296837,-4.272242706296837,0.0,0.0,0.0,0.0,0.0,0.0,0.0,0.0,0.0,0.0,0.0,0.0
14.257095158597663,0.0,54.36112897888463,-4.283054564156231,-4.283054564156231,-4.283054564156231,-4.283054564156231,-4.283054564156231,-4.283054564156231,0.0,0.0,0.0,0.0,0.0,0.0,0.0,0.0,0.0,0.0,0.0,0.0
14.290484140233723,0.0,54.61574784998011,-4.293356735082988,-4.293356735082988,-4.293356735082988,-4.293356735082988,-4.293356735082988,-4.293356735082988,0.0,0.0,0.0,0.0,0.0,0.0,0.0,0.0,0.0,0.0,0.0,0.0
14.323873121869783,0.0,54.87096162498002,-4.303172916002609,-4.303172916002609,-4.303172916002609,-4.303172916002609,-4.303172916002609,-4.303172916002609,0.0,0.0,0.0,0.0,0.0,0.0,0.0,0.0,0.0,0.0,0.0,0.0
14.357262103505843,0.0,55.126770303884356,-4.312525732774904,-4.312525732774904,-4.312525732774904,-4.312525732774904,-4.312525732774904,-4.312525732774904,0.0,0.0,0.0,0.0,0.0,0.0,0.0,0.0,0.0,0.0,0.0,0.0
14.390651085141902,0.0,55.38317388669312,-4.321436785743221,-4.321436785743221,-4.321436785743221,-4.321436785743221,-4.321436785743221,-4.321436785743221,0.0,0.0,0.0,0.0,0.0,0.0,0.0,0.0,0.0,0.0,0.0,0.0
14.424040066777962,0.0,55.640172373406315,-4.329926693617547,-4.329926693617547,-4.329926693617547,-4.329926693617547,-4.329926693617547,-4.329926693617547,0.0,0.0,0.0,0.0,0.0,0.0,0.0,0.0,0.0,0.0,0.0,0.0
14.457429048414022,0.0,55.89776576402394,-4.338015135725658,-4.338015135725658,-4.338015135725658,-4.338015135725658,-4.338015135725658,-4.338015135725658,0.0,0.0,0.0,0.0,0.0,0.0,0.0,0.0,0.0,0.0,0.0,0.0
14.490818030050082,0.0,56.15595405854599,-4.345720892668784,-4.345720892668784,-4.345720892668784,-4.345720892668784,-4.345720892668784,-4.345720892668784,0.0,0.0,0.0,0.0,0.0,0.0,0.0,0.0,0.0,0.0,0.0,0.0
14.524207011686142,0.0,56.414737256972465,-4.35306188542013,-4.35306188542013,-4.35306188542013,-4.35306188542013,-4.35306188542013,-4.35306188542013,0.0,0.0,0.0,0.0,0.0,0.0,0.0,0.0,0.0,0.0,0.0,0.0
14.557595993322202,0.0,56.67411535930337,-4.3600552129060945,-4.3600552129060945,-4.3600552129060945,-4.3600552129060945,-4.3600552129060945,-4.3600552129060945,0.0,0.0,0.0,0.0,0.0,0.0,0.0,0.0,0.0,0.0,0.0,0.0
14.590984974958262,0.0,56.934088365538706,-4.366717188111098,-4.366717188111098,-4.366717188111098,-4.366717188111098,-4.366717188111098,-4.366717188111098,0.0,0.0,0.0,0.0,0.0,0.0,0.0,0.0,0.0,0.0,0.0,0.0
14.624373956594324,0.0,57.19465627567847,-4.373063372747856,-4.373063372747856,-4.373063372747856,-4.373063372747856,-4.373063372747856,-4.373063372747856,0.0,0.0,0.0,0.0,0.0,0.0,0.0,0.0,0.0,0.0,0.0,0.0
14.657762938230384,0.0,57.45581908972266,-4.379108610535361,-4.379108610535361,-4.379108610535361,-4.379108610535361,-4.379108610535361,-4.379108610535361,0.0,0.0,0.0,0.0,0.0,0.0,0.0,0.0,0.0,0.0,0.0,0.0
14.691151919866444,0.0,57.71757680767128,-4.384867059127223,-4.384867059127223,-4.384867059127223,-4.384867059127223,-4.384867059127223,-4.384867059127223,0.0,0.0,0.0,0.0,0.0,0.0,0.0,0.0,0.0,0.0,0.0,0.0
14.724540901502504,0.0,57.97992942952433,-4.390352220733058,-4.390352220733058,-4.390352220733058,-4.390352220733058,-4.390352220733058,-4.390352220733058,0.0,0.0,0.0,0.0,0.0,0.0,0.0,0.0,0.0,0.0,0.0,0.0
14.757929883138564,0.0,58.242876955281815,-4.395576971475542,-4.395576971475542,-4.395576971475542,-4.395576971475542,-4.395576971475542,-4.395576971475542,0.0,0.0,0.0,0.0,0.0,0.0,0.0,0.0,0.0,0.0,0.0,0.0
14.791318864774624,0.0,58.506419384943726,-4.400553589525457,-4.400553589525457,-4.400553589525457,-4.400553589525457,-4.400553589525457,-4.400553589525457,0.0,0.0,0.0,0.0,0.0,0.0,0.0,0.0,0.0,0.0,0.0,0.0
14.824707846410684,0.0,58.770556718510065,-4.405293782056671,-4.405293782056671,-4.405293782056671,-4.405293782056671,-4.405293782056671,-4.405293782056671,0.0,0.0,0.0,0.0,0.0,0.0,0.0,0.0,0.0,0.0,0.0,0.0
14.858096828046744,0.0,59.03528895598083,-4.409808711062449,-4.409808711062449,-4.409808711062449,-4.409808711062449,-4.409808711062449,-4.409808711062449,0.0,0.0,0.0,0.0,0.0,0.0,0.0,0.0,0.0,0.0,0.0,0.0
14.891485809682804,0.0,59.30061609735603,-4.41410901807388,-4.41410901807388,-4.41410901807388,-4.41410901807388,-4.41410901807388,-4.41410901807388,0.0,0.0,0.0,0.0,0.0,0.0,0.0,0.0,0.0,0.0,0.0,0.0
14.924874791318864,0.0,59.56653814263565,-4.418204847820458,-4.418204847820458,-4.418204847820458,-4.418204847820458,-4.418204847820458,-4.418204847820458,0.0,0.0,0.0,0.0,0.0,0.0,0.0,0.0,0.0,0.0,0.0,0.0
14.958263772954924,0.0,59.8330550918197,-4.422105870872098,-4.422105870872098,-4.422105870872098,-4.422105870872098,-4.422105870872098,-4.422105870872098,0.0,0.0,0.0,0.0,0.0,0.0,0.0,0.0,0.0,0.0,0.0,0.0
14.991652754590984,0.0,60.10016694490818,-4.425821305300958,-4.425821305300958,-4.425821305300958,-4.425821305300958,-4.425821305300958,-4.425821305300958,0.0,0.0,0.0,0.0,0.0,0.0,0.0,0.0,0.0,0.0,0.0,0.0
15.025041736227044,0.0,60.36727879799666,-4.425821305300958,-4.425821305300958,-4.425821305300958,-4.425821305300958,-4.425821305300958,-4.425821305300958,0.0,0.0,0.0,0.0,0.0,0.0,0.0,0.0,0.0,0.0,0.0,0.0
15.058430717863104,0.0,60.63439065108514,-4.425821305300958,-4.425821305300958,-4.425821305300958,-4.425821305300958,-4.425821305300958,-4.425821305300958,0.0,0.0,0.0,0.0,0.0,0.0,0.0,0.0,0.0,0.0,0.0,0.0
15.091819699499165,0.0,60.90150250417362,-4.425821305300958,-4.425821305300958,-4.425821305300958,-4.425821305300958,-4.425821305300958,-4.425821305300958,0.0,0.0,0.0,0.0,0.0,0.0,0.0,0.0,0.0,0.0,0.0,0.0
15.125208681135225,0.0,61.1686143572621,-4.425821305300958,-4.425821305300958,-4.425821305300958,-4.425821305300958,-4.425821305300958,-4.425821305300958,0.0,0.0,0.0,0.0,0.0,0.0,0.0,0.0,0.0,0.0,0.0,0.0
15.158597662771285,0.0,61.43572621035058,-4.425821305300958,-4.425821305300958,-4.425821305300958,-4.425821305300958,-4.425821305300958,-4.425821305300958,0.0,0.0,0.0,0.0,0.0,0.0,0.0,0.0,0.0,0.0,0.0,0.0
15.191986644407345,0.0,61.70283806343906,-4.425821305300958,-4.425821305300958,-4.425821305300958,-4.425821305300958,-4.425821305300958,-4.425821305300958,0.0,0.0,0.0,0.0,0.0,0.0,0.0,0.0,0.0,0.0,0.0,0.0
15.225375626043405,0.0,61.96994991652754,-4.425821305300958,-4.425821305300958,-4.425821305300958,-4.425821305300958,-4.425821305300958,-4.425821305300958,0.0,0.0,0.0,0.0,0.0,0.0,0.0,0.0,0.0,0.0,0.0,0.0
15.258764607679465,0.0,62.23706176961602,-4.425821305300958,-4.425821305300958,-4.425821305300958,-4.425821305300958,-4.425821305300958,-4.425821305300958,0.0,0.0,0.0,0.0,0.0,0.0,0.0,0.0,0.0,0.0,0.0,0.0
15.292153589315525,0.0,62.5041736227045,-4.425821305300958,-4.425821305300958,-4.425821305300958,-4.425821305300958,-4.425821305300958,-4.425821305300958,0.0,0.0,0.0,0.0,0.0,0.0,0.0,0.0,0.0,0.0,0.0,0.0
15.325542570951585,0.0,62.77128547579298,-4.425821305300958,-4.425821305300958,-4.425821305300958,-4.425821305300958,-4.425821305300958,-4.425821305300958,0.0,0.0,0.0,0.0,0.0,0.0,0.0,0.0,0.0,0.0,0.0,0.0
15.358931552587645,0.0,63.03839732888146,-4.425821305300958,-4.425821305300958,-4.425821305300958,-4.425821305300958,-4.425821305300958,-4.425821305300958,0.0,0.0,0.0,0.0,0.0,0.0,0.0,0.0,0.0,0.0,0.0,0.0
15.392320534223705,0.0,63.30550918196994,-4.425821305300958,-4.425821305300958,-4.425821305300958,-4.425821305300958,-4.425821305300958,-4.425821305300958,0.0,0.0,0.0,0.0,0.0,0.0,0.0,0.0,0.0,0.0,0.0,0.0
15.425709515859765,0.0,63.57262103505842,-4.425821305300958,-4.425821305300958,-4.425821305300958,-4.425821305300958,-4.425821305300958,-4.425821305300958,0.0,0.0,0.0,0.0,0.0,0.0,0.0,0.0,0.0,0.0,0.0,0.0
15.459098497495825,0.0,63.8397328881469,-4.425821305300958,-4.425821305300958,-4.425821305300958,-4.425821305300958,-4.425821305300958,-4.425821305300958,0.0,0.0,0.0,0.0,0.0,0.0,0.0,0.0,0.0,0.0,0.0,0.0
15.492487479131885,0.0,64.10684474123538,-4.425821305300958,-4.425821305300958,-4.425821305300958,-4.425821305300958,-4.425821305300958,-4.425821305300958,0.0,0.0,0.0,0.0,0.0,0.0,0.0,0.0,0.0,0.0,0.0,0.0
15.525876460767947,0.0,64.37395659432386,-4.425821305300958,-4.425821305300958,-4.425821305300958,-4.425821305300958,-4.425821305300958,-4.425821305300958,0.0,0.0,0.0,0.0,0.0,0.0,0.0,0.0,0.0,0.0,0.0,0.0
15.559265442404007,0.0,64.64106844741234,-4.425821305300958,-4.425821305300958,-4.425821305300958,-4.425821305300958,-4.425821305300958,-4.425821305300958,0.0,0.0,0.0,0.0,0.0,0.0,0.0,0.0,0.0,0.0,0.0,0.0
15.592654424040067,0.0,64.90818030050082,-4.425821305300958,-4.425821305300958,-4.425821305300958,-4.425821305300958,-4.425821305300958,-4.425821305300958,0.0,0.0,0.0,0.0,0.0,0.0,0.0,0.0,0.0,0.0,0.0,0.0
15.626043405676127,0.0,65.1752921535893,-4.425821305300958,-4.425821305300958,-4.425821305300958,-4.425821305300958,-4.425821305300958,-4.425821305300958,0.0,0.0,0.0,0.0,0.0,0.0,0.0,0.0,0.0,0.0,0.0,0.0
15.659432387312187,0.0,65.44240400667778,-4.425821305300958,-4.425821305300958,-4.425821305300958,-4.425821305300958,-4.425821305300958,-4.425821305300958,0.0,0.0,0.0,0.0,0.0,0.0,0.0,0.0,0.0,0.0,0.0,0.0
15.692821368948247,0.0,65.70951585976626,-4.425821305300958,-4.425821305300958,-4.425821305300958,-4.425821305300958,-4.425821305300958,-4.425821305300958,0.0,0.0,0.0,0.0,0.0,0.0,0.0,0.0,0.0,0.0,0.0,0.0
15.726210350584306,0.0,65.97662771285474,-4.425821305300958,-4.425821305300958,-4.425821305300958,-4.425821305300958,-4.425821305300958,-4.425821305300958,0.0,0.0,0.0,0.0,0.0,0.0,0.0,0.0,0.0,0.0,0.0,0.0
15.759599332220366,0.0,66.24373956594322,-4.425821305300958,-4.425821305300958,-4.425821305300958,-4.425821305300958,-4.425821305300958,-4.425821305300958,0.0,0.0,0.0,0.0,0.0,0.0,0.0,0.0,0.0,0.0,0.0,0.0
15.792988313856426,0.0,66.5108514190317,-4.425821305300958,-4.425821305300958,-4.425821305300958,-4.425821305300958,-4.425821305300958,-4.425821305300958,0.0,0.0,0.0,0.0,0.0,0.0,0.0,0.0,0.0,0.0,0.0,0.0
15.826377295492486,0.0,66.77796327212018,-4.425821305300958,-4.425821305300958,-4.425821305300958,-4.425821305300958,-4.425821305300958,-4.425821305300958,0.0,0.0,0.0,0.0,0.0,0.0,0.0,0.0,0.0,0.0,0.0,0.0
15.859766277128546,0.0,67.04507512520865,-4.425821305300958,-4.425821305300958,-4.425821305300958,-4.425821305300958,-4.425821305300958,-4.425821305300958,0.0,0.0,0.0,0.0,0.0,0.0,0.0,0.0,0.0,0.0,0.0,0.0
15.893155258764606,0.0,67.31218697829713,-4.425821305300958,-4.425821305300958,-4.425821305300958,-4.425821305300958,-4.425821305300958,-4.425821305300958,0.0,0.0,0.0,0.0,0.0,0.0,0.0,0.0,0.0,0.0,0.0,0.0
15.926544240400666,0.0,67.57929883138561,-4.425821305300958,-4.425821305300958,-4.425821305300958,-4.425821305300958,-4.425821305300958,-4.425821305300958,0.0,0.0,0.0,0.0,0.0,0.0,0.0,0.0,0.0,0.0,0.0,0.0
15.959933222036726,0.0,67.8464106844741,-4.425821305300958,-4.425821305300958,-4.425821305300958,-4.425821305300958,-4.425821305300958,-4.425821305300958,0.0,0.0,0.0,0.0,0.0,0.0,0.0,0.0,0.0,0.0,0.0,0.0
15.993322203672788,0.0,68.11352253756257,-4.425821305300958,-4.425821305300958,-4.425821305300958,-4.425821305300958,-4.425821305300958,-4.425821305300958,0.0,0.0,0.0,0.0,0.0,0.0,0.0,0.0,0.0,0.0,0.0,0.0
16.026711185308848,0.0,68.38063439065105,-4.425821305300958,-4.425821305300958,-4.425821305300958,-4.425821305300958,-4.425821305300958,-4.425821305300958,0.0,0.0,0.0,0.0,0.0,0.0,0.0,0.0,0.0,0.0,0.0,0.0
16.060100166944906,0.0,68.64774624373953,-4.425821305300958,-4.425821305300958,-4.425821305300958,-4.425821305300958,-4.425821305300958,-4.425821305300958,0.0,0.0,0.0,0.0,0.0,0.0,0.0,0.0,0.0,0.0,0.0,0.0
16.093489148580968,0.0,68.91485809682801,-4.425821305300958,-4.425821305300958,-4.425821305300958,-4.425821305300958,-4.425821305300958,-4.425821305300958,0.0,0.0,0.0,0.0,0.0,0.0,0.0,0.0,0.0,0.0,0.0,0.0
16.126878130217026,0.0,69.18196994991649,-4.425821305300958,-4.425821305300958,-4.425821305300958,-4.425821305300958,-4.425821305300958,-4.425821305300958,0.0,0.0,0.0,0.0,0.0,0.0,0.0,0.0,0.0,0.0,0.0,0.0
16.160267111853088,0.0,69.44908180300497,-4.425821305300958,-4.425821305300958,-4.425821305300958,-4.425821305300958,-4.425821305300958,-4.425821305300958,0.0,0.0,0.0,0.0,0.0,0.0,0.0,0.0,0.0,0.0,0.0,0.0
16.193656093489146,0.0,69.71619365609345,-4.425821305300958,-4.425821305300958,-4.425821305300958,-4.425821305300958,-4.425821305300958,-4.425821305300958,0.0,0.0,0.0,0.0,0.0,0.0,0.0,0.0,0.0,0.0,0.0,0.0
16.227045075125208,0.0,69.98330550918193,-4.425821305300958,-4.425821305300958,-4.425821305300958,-4.425821305300958,-4.425821305300958,-4.425821305300958,0.0,0.0,0.0,0.0,0.0,0.0,0.0,0.0,0.0,0.0,0.0,0.0
16.26043405676127,0.0,70.25041736227041,-4.425821305300958,-4.425821305300958,-4.425821305300958,-4.425821305300958,-4.425821305300958,-4.425821305300958,0.0,0.0,0.0,0.0,0.0,0.0,0.0,0.0,0.0,0.0,0.0,0.0
16.293823038397328,0.0,70.51752921535889,-4.425821305300958,-4.425821305300958,-4.425821305300958,-4.425821305300958,-4.425821305300958,-4.425821305300958,0.0,0.0,0.0,0.0,0.0,0.0,0.0,0.0,0.0,0.0,0.0,0.0
16.32721202003339,0.0,70.78464106844737,-4.425821305300958,-4.425821305300958,-4.425821305300958,-4.425821305300958,-4.425821305300958,-4.425821305300958,0.0,0.0,0.0,0.0,0.0,0.0,0.0,0.0,0.0,0.0,0.0,0.0
16.360601001669448,0.0,71.05175292153585,-4.425821305300958,-4.425821305300958,-4.425821305300958,-4.425821305300958,-4.425821305300958,-4.425821305300958,0.0,0.0,0.0,0.0,0.0,0.0,0.0,0.0,0.0,0.0,0.0,0.0
16.39398998330551,0.0,71.31886477462433,-4.425821305300958,-4.425821305300958,-4.425821305300958,-4.425821305300958,-4.425821305300958,-4.425821305300958,0.0,0.0,0.0,0.0,0.0,0.0,0.0,0.0,0.0,0.0,0.0,0.0
16.427378964941568,0.0,71.58597662771281,-4.425821305300958,-4.425821305300958,-4.425821305300958,-4.425821305300958,-4.425821305300958,-4.425821305300958,0.0,0.0,0.0,0.0,0.0,0.0,0.0,0.0,0.0,0.0,0.0,0.0
16.46076794657763,0.0,71.85308848080129,-4.425821305300958,-4.425821305300958,-4.425821305300958,-4.425821305300958,-4.425821305300958,-4.425821305300958,0.0,0.0,0.0,0.0,0.0,0.0,0.0,0.0,0.0,0.0,0.0,0.0
16.494156928213688,0.0,72.12020033388977,-4.425821305300958,-4.425821305300958,-4.425821305300958,-4.425821305300958,-4.425821305300958,-4.425821305300958,0.0,0.0,0.0,0.0,0.0,0.0,0.0,0.0,0.0,0.0,0.0,0.0
16.52754590984975,0.0,72.38731218697825,-4.425821305300958,-4.425821305300958,-4.425821305300958,-4.425821305300958,-4.425821305300958,-4.425821305300958,0.0,0.0,0.0,0.0,0.0,0.0,0.0,0.0,0.0,0.0,0.0,0.0
16.560934891485807,0.0,72.65442404006673,-4.425821305300958,-4.425821305300958,-4.425821305300958,-4.425821305300958,-4.425821305300958,-4.425821305300958,0.0,0.0,0.0,0.0,0.0,0.0,0.0,0.0,0.0,0.0,0.0,0.0
16.59432387312187,0.0,72.92153589315521,-4.425821305300958,-4.425821305300958,-4.425821305300958,-4.425821305300958,-4.425821305300958,-4.425821305300958,0.0,0.0,0.0,0.0,0.0,0.0,0.0,0.0,0.0,0.0,0.0,0.0
16.627712854757927,0.0,73.18864774624369,-4.425821305300958,-4.425821305300958,-4.425821305300958,-4.425821305300958,-4.425821305300958,-4.425821305300958,0.0,0.0,0.0,0.0,0.0,0.0,0.0,0.0,0.0,0.0,0.0,0.0
16.66110183639399,0.0,73.45575959933217,-4.425821305300958,-4.425821305300958,-4.425821305300958,-4.425821305300958,-4.425821305300958,-4.425821305300958,0.0,0.0,0.0,0.0,0.0,0.0,0.0,0.0,0.0,0.0,0.0,0.0
16.69449081803005,0.0,73.72287145242065,-4.425821305300958,-4.425821305300958,-4.425821305300958,-4.425821305300958,-4.425821305300958,-4.425821305300958,0.0,0.0,0.0,0.0,0.0,0.0,0.0,0.0,0.0,0.0,0.0,0.0
16.72787979966611,0.0,73.98998330550913,-4.425821305300958,-4.425821305300958,-4.425821305300958,-4.425821305300958,-4.425821305300958,-4.425821305300958,0.0,0.0,0.0,0.0,0.0,0.0,0.0,0.0,0.0,0.0,0.0,0.0
16.76126878130217,0.0,74.25709515859761,-4.425821305300958,-4.425821305300958,-4.425821305300958,-4.425821305300958,-4.425821305300958,-4.425821305300958,0.0,0.0,0.0,0.0,0.0,0.0,0.0,0.0,0.0,0.0,0.0,0.0
16.79465776293823,0.0,74.52420701168609,-4.425821305300958,-4.425821305300958,-4.425821305300958,-4.425821305300958,-4.425821305300958,-4.425821305300958,0.0,0.0,0.0,0.0,0.0,0.0,0.0,0.0,0.0,0.0,0.0,0.0
16.82804674457429,0.0,74.79131886477457,-4.425821305300958,-4.425821305300958,-4.425821305300958,-4.425821305300958,-4.425821305300958,-4.425821305300958,0.0,0.0,0.0,0.0,0.0,0.0,0.0,0.0,0.0,0.0,0.0,0.0
16.86143572621035,0.0,75.05843071786305,-4.425821305300958,-4.425821305300958,-4.425821305300958,-4.425821305300958,-4.425821305300958,-4.425821305300958,0.0,0.0,0.0,0.0,0.0,0.0,0.0,0.0,0.0,0.0,0.0,0.0
16.89482470784641,0.0,75.32554257095153,-4.425821305300958,-4.425821305300958,-4.425821305300958,-4.425821305300958,-4.425821305300958,-4.425821305300958,0.0,0.0,0.0,0.0,0.0,0.0,0.0,0.0,0.0,0.0,0.0,0.0
16.92821368948247,0.0,75.59265442404,-4.425821305300958,-4.425821305300958,-4.425821305300958,-4.425821305300958,-4.425821305300958,-4.425821305300958,0.0,0.0,0.0,0.0,0.0,0.0,0.0,0.0,0.0,0.0,0.0,0.0
16.96160267111853,0.0,75.85976627712849,-4.425821305300958,-4.425821305300958,-4.425821305300958,-4.425821305300958,-4.425821305300958,-4.425821305300958,0.0,0.0,0.0,0.0,0.0,0.0,0.0,0.0,0.0,0.0,0.0,0.0
16.99499165275459,0.0,76.12687813021697,-4.425821305300958,-4.425821305300958,-4.425821305300958,-4.425821305300958,-4.425821305300958,-4.425821305300958,0.0,0.0,0.0,0.0,0.0,0.0,0.0,0.0,0.0,0.0,0.0,0.0
17.02838063439065,0.0,76.39398998330545,-4.425821305300958,-4.425821305300958,-4.425821305300958,-4.425821305300958,-4.425821305300958,-4.425821305300958,0.0,0.0,0.0,0.0,0.0,0.0,0.0,0.0,0.0,0.0,0.0,0.0
17.06176961602671,0.0,76.66110183639393,-4.425821305300958,-4.425821305300958,-4.425821305300958,-4.425821305300958,-4.425821305300958,-4.425821305300958,0.0,0.0,0.0,0.0,0.0,0.0,0.0,0.0,0.0,0.0,0.0,0.0
17.09515859766277,0.0,76.9282136894824,-4.425821305300958,-4.425821305300958,-4.425821305300958,-4.425821305300958,-4.425821305300958,-4.425821305300958,0.0,0.0,0.0,0.0,0.0,0.0,0.0,0.0,0.0,0.0,0.0,0.0
17.128547579298832,0.0,77.19532554257088,-4.425821305300958,-4.425821305300958,-4.425821305300958,-4.425821305300958,-4.425821305300958,-4.425821305300958,0.0,0.0,0.0,0.0,0.0,0.0,0.0,0.0,0.0,0.0,0.0,0.0
17.16193656093489,0.0,77.46243739565936,-4.425821305300958,-4.425821305300958,-4.425821305300958,-4.425821305300958,-4.425821305300958,-4.425821305300958,0.0,0.0,0.0,0.0,0.0,0.0,0.0,0.0,0.0,0.0,0.0,0.0
17.195325542570952,0.0,77.72954924874784,-4.425821305300958,-4.425821305300958,-4.425821305300958,-4.425821305300958,-4.425821305300958,-4.425821305300958,0.0,0.0,0.0,0.0,0.0,0.0,0.0,0.0,0.0,0.0,0.0,0.0
17.22871452420701,0.0,77.99666110183632,-4.425821305300958,-4.425821305300958,-4.425821305300958,-4.425821305300958,-4.425821305300958,-4.425821305300958,0.0,0.0,0.0,0.0,0.0,0.0,0.0,0.0,0.0,0.0,0.0,0.0
17.262103505843072,0.0,78.2637729549248,-4.425821305300958,-4.425821305300958,-4.425821305300958,-4.425821305300958,-4.425821305300958,-4.425821305300958,0.0,0.0,0.0,0.0,0.0,0.0,0.0,0.0,0.0,0.0,0.0,0.0
17.29549248747913,0.0,78.53088480801328,-4.425821305300958,-4.425821305300958,-4.425821305300958,-4.425821305300958,-4.425821305300958,-4.425821305300958,0.0,0.0,0.0,0.0,0.0,0.0,0.0,0.0,0.0,0.0,0.0,0.0
17.328881469115192,0.0,78.79799666110176,-4.425821305300958,-4.425821305300958,-4.425821305300958,-4.425821305300958,-4.425821305300958,-4.425821305300958,0.0,0.0,0.0,0.0,0.0,0.0,0.0,0.0,0.0,0.0,0.0,0.0
17.36227045075125,0.0,79.06510851419024,-4.425821305300958,-4.425821305300958,-4.425821305300958,-4.425821305300958,-4.425821305300958,-4.425821305300958,0.0,0.0,0.0,0.0,0.0,0.0,0.0,0.0,0.0,0.0,0.0,0.0
17.395659432387312,0.0,79.33222036727872,-4.425821305300958,-4.425821305300958,-4.425821305300958,-4.425821305300958,-4.425821305300958,-4.425821305300958,0.0,0.0,0.0,0.0,0.0,0.0,0.0,0.0,0.0,0.0,0.0,0.0
17.42904841402337,0.0,79.5993322203672,-4.425821305300958,-4.425821305300958,-4.425821305300958,-4.425821305300958,-4.425821305300958,-4.425821305300958,0.0,0.0,0.0,0.0,0.0,0.0,0.0,0.0,0.0,0.0,0.0,0.0
17.462437395659432,0.0,79.86644407345568,-4.425821305300958,-4.425821305300958,-4.425821305300958,-4.425821305300958,-4.425821305300958,-4.425821305300958,0.0,0.0,0.0,0.0,0.0,0.0,0.0,0.0,0.0,0.0,0.0,0.0
17.49582637729549,0.0,80.13355592654416,-4.425821305300958,-4.425821305300958,-4.425821305300958,-4.425821305300958,-4.425821305300958,-4.425821305300958,0.0,0.0,0.0,0.0,0.0,0.0,0.0,0.0,0.0,0.0,0.0,0.0
17.529215358931552,0.0,80.40066777963264,-4.425821305300958,-4.425821305300958,-4.425821305300958,-4.425821305300958,-4.425821305300958,-4.425821305300958,0.0,0.0,0.0,0.0,0.0,0.0,0.0,0.0,0.0,0.0,0.0,0.0
17.562604340567614,0.0,80.66777963272112,-4.425821305300958,-4.425821305300958,-4.425821305300958,-4.425821305300958,-4.425821305300958,-4.425821305300958,0.0,0.0,0.0,0.0,0.0,0.0,0.0,0.0,0.0,0.0,0.0,0.0
17.59599332220367,0.0,80.9348914858096,-4.425821305300958,-4.425821305300958,-4.425821305300958,-4.425821305300958,-4.425821305300958,-4.425821305300958,0.0,0.0,0.0,0.0,0.0,0.0,0.0,0.0,0.0,0.0,0.0,0.0
17.629382303839733,0.0,81.20200333889808,-4.425821305300958,-4.425821305300958,-4.425821305300958,-4.425821305300958,-4.425821305300958,-4.425821305300958,0.0,0.0,0.0,0.0,0.0,0.0,0.0,0.0,0.0,0.0,0.0,0.0
17.66277128547579,0.0,81.46911519198656,-4.425821305300958,-4.425821305300958,-4.425821305300958,-4.425821305300958,-4.425821305300958,-4.425821305300958,0.0,0.0,0.0,0.0,0.0,0.0,0.0,0.0,0.0,0.0,0.0,0.0
17.696160267111853,0.0,81.73622704507504,-4.425821305300958,-4.425821305300958,-4.425821305300958,-4.425821305300958,-4.425821305300958,-4.425821305300958,0.0,0.0,0.0,0.0,0.0,0.0,0.0,0.0,0.0,0.0,0.0,0.0
17.72954924874791,0.0,82.00333889816352,-4.425821305300958,-4.425821305300958,-4.425821305300958,-4.425821305300958,-4.425821305300958,-4.425821305300958,0.0,0.0,0.0,0.0,0.0,0.0,0.0,0.0,0.0,0.0,0.0,0.0
17.762938230383973,0.0,82.270450751252,-4.425821305300958,-4.425821305300958,-4.425821305300958,-4.425821305300958,-4.425821305300958,-4.425821305300958,0.0,0.0,0.0,0.0,0.0,0.0,0.0,0.0,0.0,0.0,0.0,0.0
17.79632721202003,0.0,82.53756260434048,-4.425821305300958,-4.425821305300958,-4.425821305300958,-4.425821305300958,-4.425821305300958,-4.425821305300958,0.0,0.0,0.0,0.0,0.0,0.0,0.0,0.0,0.0,0.0,0.0,0.0
17.829716193656093,0.0,82.80467445742896,-4.425821305300958,-4.425821305300958,-4.425821305300958,-4.425821305300958,-4.425821305300958,-4.425821305300958,0.0,0.0,0.0,0.0,0.0,0.0,0.0,0.0,0.0,0.0,0.0,0.0
17.86310517529215,0.0,83.07178631051744,-4.425821305300958,-4.425821305300958,-4.425821305300958,-4.425821305300958,-4.425821305300958,-4.425821305300958,0.0,0.0,0.0,0.0,0.0,0.0,0.0,0.0,0.0,0.0,0.0,0.0
17.896494156928213,0.0,83.33889816360592,-4.425821305300958,-4.425821305300958,-4.425821305300958,-4.425821305300958,-4.425821305300958,-4.425821305300958,0.0,0.0,0.0,0.0,0.0,0.0,0.0,0.0,0.0,0.0,0.0,0.0
17.92988313856427,0.0,83.6060100166944,-4.425821305300958,-4.425821305300958,-4.425821305300958,-4.425821305300958,-4.425821305300958,-4.425821305300958,0.0,0.0,0.0,0.0,0.0,0.0,0.0,0.0,0.0,0.0,0.0,0.0
17.963272120200333,0.0,83.87312186978288,-4.425821305300958,-4.425821305300958,-4.425821305300958,-4.425821305300958,-4.425821305300958,-4.425821305300958,0.0,0.0,0.0,0.0,0.0,0.0,0.0,0.0,0.0,0.0,0.0,0.0
17.996661101836395,0.0,84.14023372287136,-4.425821305300958,-4.425821305300958,-4.425821305300958,-4.425821305300958,-4.425821305300958,-4.425821305300958,0.0,0.0,0.0,0.0,0.0,0.0,0.0,0.0,0.0,0.0,0.0,0.0
18.030050083472453,0.0,84.40734557595984,-4.425821305300958,-4.425821305300958,-4.425821305300958,-4.425821305300958,-4.425821305300958,-4.425821305300958,0.0,0.0,0.0,0.0,0.0,0.0,0.0,0.0,0.0,0.0,0.0,0.0
18.063439065108515,0.0,84.67445742904832,-4.425821305300958,-4.425821305300958,-4.425821305300958,-4.425821305300958,-4.425821305300958,-4.425821305300958,0.0,0.0,0.0,0.0,0.0,0.0,0.0,0.0,0.0,0.0,0.0,0.0
18.096828046744573,0.0,84.9415692821368,-4.425821305300958,-4.425821305300958,-4.425821305300958,-4.425821305300958,-4.425821305300958,-4.425821305300958,0.0,0.0,0.0,0.0,0.0,0.0,0.0,0.0,0.0,0.0,0.0,0.0
18.130217028380635,0.0,85.20868113522528,-4.425821305300958,-4.425821305300958,-4.425821305300958,-4.425821305300958,-4.425821305300958,-4.425821305300958,0.0,0.0,0.0,0.0,0.0,0.0,0.0,0.0,0.0,0.0,0.0,0.0
18.163606010016693,0.0,85.47579298831376,-4.425821305300958,-4.425821305300958,-4.425821305300958,-4.425821305300958,-4.425821305300958,-4.425821305300958,0.0,0.0,0.0,0.0,0.0,0.0,0.0,0.0,0.0,0.0,0.0,0.0
18.196994991652755,0.0,85.74290484140224,-4.425821305300958,-4.425821305300958,-4.425821305300958,-4.425821305300958,-4.425821305300958,-4.425821305300958,0.0,0.0,0.0,0.0,0.0,0.0,0.0,0.0,0.0,0.0,0.0,0.0
18.230383973288813,0.0,86.01001669449072,-4.425821305300958,-4.425821305300958,-4.425821305300958,-4.425821305300958,-4.425821305300958,-4.425821305300958,0.0,0.0,0.0,0.0,0.0,0.0,0.0,0.0,0.0,0.0,0.0,0.0
18.263772954924875,0.0,86.2771285475792,-4.425821305300958,-4.425821305300958,-4.425821305300958,-4.425821305300958,-4.425821305300958,-4.425821305300958,0.0,0.0,0.0,0.0,0.0,0.0,0.0,0.0,0.0,0.0,0.0,0.0
18.297161936560933,0.0,86.54424040066768,-4.425821305300958,-4.425821305300958,-4.425821305300958,-4.425821305300958,-4.425821305300958,-4.425821305300958,0.0,0.0,0.0,0.0,0.0,0.0,0.0,0.0,0.0,0.0,0.0,0.0
18.330550918196995,0.0,86.81135225375616,-4.425821305300958,-4.425821305300958,-4.425821305300958,-4.425821305300958,-4.425821305300958,-4.425821305300958,0.0,0.0,0.0,0.0,0.0,0.0,0.0,0.0,0.0,0.0,0.0,0.0
18.363939899833053,0.0,87.07846410684463,-4.425821305300958,-4.425821305300958,-4.425821305300958,-4.425821305300958,-4.425821305300958,-4.425821305300958,0.0,0.0,0.0,0.0,0.0,0.0,0.0,0.0,0.0,0.0,0.0,0.0
18.397328881469114,0.0,87.34557595993311,-4.425821305300958,-4.425821305300958,-4.425821305300958,-4.425821305300958,-4.425821305300958,-4.425821305300958,0.0,0.0,0.0,0.0,0.0,0.0,0.0,0.0,0.0,0.0,0.0,0.0
18.430717863105173,0.0,87.6126878130216,-4.425821305300958,-4.425821305300958,-4.425821305300958,-4.425821305300958,-4.425821305300958,-4.425821305300958,0.0,0.0,0.0,0.0,0.0,0.0,0.0,0.0,0.0,0.0,0.0,0.0
18.464106844741234,0.0,87.87979966611007,-4.425821305300958,-4.425821305300958,-4.425821305300958,-4.425821305300958,-4.425821305300958,-4.425821305300958,0.0,0.0,0.0,0.0,0.0,0.0,0.0,0.0,0.0,0.0,0.0,0.0
18.497495826377296,0.0,88.14691151919855,-4.425821305300958,-4.425821305300958,-4.425821305300958,-4.425821305300958,-4.425821305300958,-4.425821305300958,0.0,0.0,0.0,0.0,0.0,0.0,0.0,0.0,0.0,0.0,0.0,0.0
18.530884808013354,0.0,88.41402337228703,-4.425821305300958,-4.425821305300958,-4.425821305300958,-4.425821305300958,-4.425821305300958,-4.425821305300958,0.0,0.0,0.0,0.0,0.0,0.0,0.0,0.0,0.0,0.0,0.0,0.0
18.564273789649416,0.0,88.68113522537551,-4.425821305300958,-4.425821305300958,-4.425821305300958,-4.425821305300958,-4.425821305300958,-4.425821305300958,0.0,0.0,0.0,0.0,0.0,0.0,0.0,0.0,0.0,0.0,0.0,0.0
18.597662771285474,0.0,88.948247078464,-4.425821305300958,-4.425821305300958,-4.425821305300958,-4.425821305300958,-4.425821305300958,-4.425821305300958,0.0,0.0,0.0,0.0,0.0,0.0,0.0,0.0,0.0,0.0,0.0,0.0
18.631051752921536,0.0,89.21535893155247,-4.425821305300958,-4.425821305300958,-4.425821305300958,-4.425821305300958,-4.425821305300958,-4.425821305300958,0.0,0.0,0.0,0.0,0.0,0.0,0.0,0.0,0.0,0.0,0.0,0.0
18.664440734557594,0.0,89.48247078464095,-4.425821305300958,-4.425821305300958,-4.425821305300958,-4.425821305300958,-4.425821305300958,-4.425821305300958,0.0,0.0,0.0,0.0,0.0,0.0,0.0,0.0,0.0,0.0,0.0,0.0
18.697829716193656,0.0,89.74958263772943,-4.425821305300958,-4.425821305300958,-4.425821305300958,-4.425821305300958,-4.425821305300958,-4.425821305300958,0.0,0.0,0.0,0.0,0.0,0.0,0.0,0.0,0.0,0.0,0.0,0.0
18.731218697829714,0.0,90.01669449081791,-4.425821305300958,-4.425821305300958,-4.425821305300958,-4.425821305300958,-4.425821305300958,-4.425821305300958,0.0,0.0,0.0,0.0,0.0,0.0,0.0,0.0,0.0,0.0,0.0,0.0
18.764607679465776,0.0,90.28380634390639,-4.425821305300958,-4.425821305300958,-4.425821305300958,-4.425821305300958,-4.425821305300958,-4.425821305300958,0.0,0.0,0.0,0.0,0.0,0.0,0.0,0.0,0.0,0.0,0.0,0.0
18.797996661101834,0.0,90.55091819699487,-4.425821305300958,-4.425821305300958,-4.425821305300958,-4.425821305300958,-4.425821305300958,-4.425821305300958,0.0,0.0,0.0,0.0,0.0,0.0,0.0,0.0,0.0,0.0,0.0,0.0
18.831385642737896,0.0,90.81803005008335,-4.425821305300958,-4.425821305300958,-4.425821305300958,-4.425821305300958,-4.425821305300958,-4.425821305300958,0.0,0.0,0.0,0.0,0.0,0.0,0.0,0.0,0.0,0.0,0.0,0.0
18.864774624373954,0.0,91.08514190317183,-4.425821305300958,-4.425821305300958,-4.425821305300958,-4.425821305300958,-4.425821305300958,-4.425821305300958,0.0,0.0,0.0,0.0,0.0,0.0,0.0,0.0,0.0,0.0,0.0,0.0
18.898163606010016,0.0,91.35225375626031,-4.425821305300958,-4.425821305300958,-4.425821305300958,-4.425821305300958,-4.425821305300958,-4.425821305300958,0.0,0.0,0.0,0.0,0.0,0.0,0.0,0.0,0.0,0.0,0.0,0.0
18.931552587646078,0.0,91.61936560934879,-4.425821305300958,-4.425821305300958,-4.425821305300958,-4.425821305300958,-4.425821305300958,-4.425821305300958,0.0,0.0,0.0,0.0,0.0,0.0,0.0,0.0,0.0,0.0,0.0,0.0
18.964941569282136,0.0,91.88647746243727,-4.425821305300958,-4.425821305300958,-4.425821305300958,-4.425821305300958,-4.425821305300958,-4.425821305300958,0.0,0.0,0.0,0.0,0.0,0.0,0.0,0.0,0.0,0.0,0.0,0.0
18.998330550918197,0.0,92.15358931552575,-4.425821305300958,-4.425821305300958,-4.425821305300958,-4.425821305300958,-4.425821305300958,-4.425821305300958,0.0,0.0,0.0,0.0,0.0,0.0,0.0,0.0,0.0,0.0,0.0,0.0
19.031719532554256,0.0,92.42070116861423,-4.425821305300958,-4.425821305300958,-4.425821305300958,-4.425821305300958,-4.425821305300958,-4.425821305300958,0.0,0.0,0.0,0.0,0.0,0.0,0.0,0.0,0.0,0.0,0.0,0.0
19.065108514190317,0.0,92.68781302170271,-4.425821305300958,-4.425821305300958,-4.425821305300958,-4.425821305300958,-4.425821305300958,-4.425821305300958,0.0,0.0,0.0,0.0,0.0,0.0,0.0,0.0,0.0,0.0,0.0,0.0
19.098497495826376,0.0,92.95492487479119,-4.425821305300958,-4.425821305300958,-4.425821305300958,-4.425821305300958,-4.425821305300958,-4.425821305300958,0.0,0.0,0.0,0.0,0.0,0.0,0.0,0.0,0.0,0.0,0.0,0.0
19.131886477462437,0.0,93.22203672787967,-4.425821305300958,-4.425821305300958,-4.425821305300958,-4.425821305300958,-4.425821305300958,-4.425821305300958,0.0,0.0,0.0,0.0,0.0,0.0,0.0,0.0,0.0,0.0,0.0,0.0
19.165275459098496,0.0,93.48914858096815,-4.425821305300958,-4.425821305300958,-4.425821305300958,-4.425821305300958,-4.425821305300958,-4.425821305300958,0.0,0.0,0.0,0.0,0.0,0.0,0.0,0.0,0.0,0.0,0.0,0.0
19.198664440734557,0.0,93.75626043405663,-4.425821305300958,-4.425821305300958,-4.425821305300958,-4.425821305300958,-4.425821305300958,-4.425821305300958,0.0,0.0,0.0,0.0,0.0,0.0,0.0,0.0,0.0,0.0,0.0,0.0
19.232053422370615,0.0,94.02337228714511,-4.425821305300958,-4.425821305300958,-4.425821305300958,-4.425821305300958,-4.425821305300958,-4.425821305300958,0.0,0.0,0.0,0.0,0.0,0.0,0.0,0.0,0.0,0.0,0.0,0.0
19.265442404006677,0.0,94.29048414023359,-4.425821305300958,-4.425821305300958,-4.425821305300958,-4.425821305300958,-4.425821305300958,-4.425821305300958,0.0,0.0,0.0,0.0,0.0,0.0,0.0,0.0,0.0,0.0,0.0,0.0
19.298831385642735,0.0,94.55759599332207,-4.425821305300958,-4.425821305300958,-4.425821305300958,-4.425821305300958,-4.425821305300958,-4.425821305300958,0.0,0.0,0.0,0.0,0.0,0.0,0.0,0.0,0.0,0.0,0.0,0.0
19.332220367278797,0.0,94.82470784641055,-4.425821305300958,-4.425821305300958,-4.425821305300958,-4.425821305300958,-4.425821305300958,-4.425821305300958,0.0,0.0,0.0,0.0,0.0,0.0,0.0,0.0,0.0,0.0,0.0,0.0
19.36560934891486,0.0,95.09181969949903,-4.425821305300958,-4.425821305300958,-4.425821305300958,-4.425821305300958,-4.425821305300958,-4.425821305300958,0.0,0.0,0.0,0.0,0.0,0.0,0.0,0.0,0.0,0.0,0.0,0.0
19.398998330550917,0.0,95.3589315525875,-4.425821305300958,-4.425821305300958,-4.425821305300958,-4.425821305300958,-4.425821305300958,-4.425821305300958,0.0,0.0,0.0,0.0,0.0,0.0,0.0,0.0,0.0,0.0,0.0,0.0
19.43238731218698,0.0,95.62604340567599,-4.425821305300958,-4.425821305300958,-4.425821305300958,-4.425821305300958,-4.425821305300958,-4.425821305300958,0.0,0.0,0.0,0.0,0.0,0.0,0.0,0.0,0.0,0.0,0.0,0.0
19.465776293823037,0.0,95.89315525876447,-4.425821305300958,-4.425821305300958,-4.425821305300958,-4.425821305300958,-4.425821305300958,-4.425821305300958,0.0,0.0,0.0,0.0,0.0,0.0,0.0,0.0,0.0,0.0,0.0,0.0
19.4991652754591,0.0,96.16026711185295,-4.425821305300958,-4.425821305300958,-4.425821305300958,-4.425821305300958,-4.425821305300958,-4.425821305300958,0.0,0.0,0.0,0.0,0.0,0.0,0.0,0.0,0.0,0.0,0.0,0.0
19.532554257095157,0.0,96.42737896494143,-4.425821305300958,-4.425821305300958,-4.425821305300958,-4.425821305300958,-4.425821305300958,-4.425821305300958,0.0,0.0,0.0,0.0,0.0,0.0,0.0,0.0,0.0,0.0,0.0,0.0
19.56594323873122,0.0,96.6944908180299,-4.425821305300958,-4.425821305300958,-4.425821305300958,-4.425821305300958,-4.425821305300958,-4.425821305300958,0.0,0.0,0.0,0.0,0.0,0.0,0.0,0.0,0.0,0.0,0.0,0.0
19.599332220367277,0.0,96.96160267111838,-4.425821305300958,-4.425821305300958,-4.425821305300958,-4.425821305300958,-4.425821305300958,-4.425821305300958,0.0,0.0,0.0,0.0,0.0,0.0,0.0,0.0,0.0,0.0,0.0,0.0
19.63272120200334,0.0,97.22871452420686,-4.425821305300958,-4.425821305300958,-4.425821305300958,-4.425821305300958,-4.425821305300958,-4.425821305300958,0.0,0.0,0.0,0.0,0.0,0.0,0.0,0.0,0.0,0.0,0.0,0.0
19.666110183639397,0.0,97.49582637729534,-4.425821305300958,-4.425821305300958,-4.425821305300958,-4.425821305300958,-4.425821305300958,-4.425821305300958,0.0,0.0,0.0,0.0,0.0,0.0,0.0,0.0,0.0,0.0,0.0,0.0
19.69949916527546,0.0,97.76293823038382,-4.425821305300958,-4.425821305300958,-4.425821305300958,-4.425821305300958,-4.425821305300958,-4.425821305300958,0.0,0.0,0.0,0.0,0.0,0.0,0.0,0.0,0.0,0.0,0.0,0.0
19.732888146911517,0.0,98.0300500834723,-4.425821305300958,-4.425821305300958,-4.425821305300958,-4.425821305300958,-4.425821305300958,-4.425821305300958,0.0,0.0,0.0,0.0,0.0,0.0,0.0,0.0,0.0,0.0,0.0,0.0
19.76627712854758,0.0,98.29716193656078,-4.425821305300958,-4.425821305300958,-4.425821305300958,-4.425821305300958,-4.425821305300958,-4.425821305300958,0.0,0.0,0.0,0.0,0.0,0.0,0.0,0.0,0.0,0.0,0.0,0.0
19.79966611018364,0.0,98.56427378964926,-4.425821305300958,-4.425821305300958,-4.425821305300958,-4.425821305300958,-4.425821305300958,-4.425821305300958,0.0,0.0,0.0,0.0,0.0,0.0,0.0,0.0,0.0,0.0,0.0,0.0
19.8330550918197,0.0,98.83138564273774,-4.425821305300958,-4.425821305300958,-4.425821305300958,-4.425821305300958,-4.425821305300958,-4.425821305300958,0.0,0.0,0.0,0.0,0.0,0.0,0.0,0.0,0.0,0.0,0.0,0.0
19.86644407345576,0.0,99.09849749582622,-4.425821305300958,-4.425821305300958,-4.425821305300958,-4.425821305300958,-4.425821305300958,-4.425821305300958,0.0,0.0,0.0,0.0,0.0,0.0,0.0,0.0,0.0,0.0,0.0,0.0
19.89983305509182,0.0,99.3656093489147,-4.425821305300958,-4.425821305300958,-4.425821305300958,-4.425821305300958,-4.425821305300958,-4.425821305300958,0.0,0.0,0.0,0.0,0.0,0.0,0.0,0.0,0.0,0.0,0.0,0.0
19.93322203672788,0.0,99.63272120200318,-4.425821305300958,-4.425821305300958,-4.425821305300958,-4.425821305300958,-4.425821305300958,-4.425821305300958,0.0,0.0,0.0,0.0,0.0,0.0,0.0,0.0,0.0,0.0,0.0,0.0
19.96661101836394,0.0,99.89983305509166,-4.425821305300958,-4.425821305300958,-4.425821305300958,-4.425821305300958,-4.425821305300958,-4.425821305300958,0.0,0.0,0.0,0.0,0.0,0.0,0.0,0.0,0.0,0.0,0.0,0.0
20.0,0.0,100.16694490818014,-4.425821305300958,-4.425821305300958,-4.425821305300958,-4.425821305300958,-4.425821305300958,-4.425821305300958,0.0,0.0,0.0,0.0,0.0,0.0,0.0,0.0,0.0,0.0,0.0,0.0
