time,x_t,phi_shaft,q_b0_m0,q_b0_m1,q_b0_m2
0.0,0.00011943626474549725,0.005004118240256143,0.006414245519097706,-0.000254946257481624,-0.0024522011652945938
0.05,0.0006055271196944373,0.010020541629283139,0.03199100504793855,-0.0011532739373669493,-0.01162027551010773
0.1,0.0015864488160932104,0.015052569325253192,0.08155172521579913,-0.0025264472773250273,-0.027120298206872742
0.15,0.0030855452570610125,0.020099368607979496,0.15260266657334012,-0.0038135438415704257,-0.044374662308850114
0.2,0.005126983778348138,0.025160241293159857,0.24179936357407053,-0.0044762779969341315,-0.058368415287064254
0.25,0.007728704224232277,0.03023476012605402,0.34518375662822104,-0.0040708556029661995,-0.06515570052530101
0.3,0.010902614202785248,0.03532287189556399,0.45834719603064294,-0.002306170656475747,-0.0630052987936649
0.35,0.01465375785773417,0.040424944194640926,0.5766209117424633,0.0009241810486440993,-0.05285530225539068
0.4,0.018977646821911543,0.045541752394864805,0.6952834938553479,0.005536375399583364,-0.037973494348696485
0.45,0.023857181161354202,0.050674412425633295,0.8097654006942281,0.011272972458383289,-0.02294439364765797
0.5,0.02926724793517854,0.05582426938834538,0.9158168277702871,0.01774118736072126,-0.012265837029754713
0.55,0.03518165157588869,0.06099275994728504,1.0096463271239289,0.02446810279125994,-0.008994731018322724
0.6,0.041575895982633664,0.06618126667146045,1.0880453741345046,0.03096479169383251,-0.013863464732983048
0.65,0.04842737839586558,0.07139098393075527,1.148491565014554,0.0367907510256292,-0.025114999325510687
0.7,0.05571283429880138,0.07662281214003233,1.1892275339438159,0.04161001689305632,-0.03909319845958381
0.75,0.06340377197834848,0.08187729065458645,1.2093122315456544,0.045231729718681356,-0.0513962908147404
0.8,0.07146132186929545,0.08715457131268035,1.2086424947357484,0.04763069915490191,-0.05823202172420508
0.85,0.07983209983499484,0.09245442919654336,1.1879455605512457,0.04894735328989544,-0.05755828762308259
0.9,0.0884464401469709,0.09777630649303078,1.1487452513952994,0.04946812992502299,-0.04966162141303358
0.95,0.09721968225685702,0.10311938423260356,1.0932966976419918,0.04958820878134943,-0.03701359447540602
1.0,0.10605633008993132,0.10848267578017398,1.0244805447165106,0.049761292951580355,-0.02347986829595664
1.05,0.11485608540732095,0.11386513097299224,0.9456623582323541,0.05044308350139943,-0.013131342220041491
1.1,0.12352024662757484,0.11926574176761988,0.8605299832997657,0.052034839708550516,-0.00901777978412334
1.15,0.13195695564634433,0.12468364289840905,0.7729191235904009,0.054833514671827045,-0.012277492966651947
1.2,0.1400841295625956,0.1301181974885686,0.686636411964462,0.058994025276730144,-0.021843700227657782
1.25,0.14782971198785183,0.1355690600739114,0.6052909614787286,0.06450683863637219,-0.034818218750053795
1.3,0.15512972121168392,0.1410362130620834,0.5321445153787884,0.07119320018293283,-0.04738841981411329
1.35,0.16192511715554303,0.14651996441498388,0.46999156713274803,0.07872167427993923,-0.05600130338955731
1.4,0.16815885049253174,0.152020898647363,0.4210746016875833,0.08664666437141291,-0.05842366595775159
1.45,0.17377436192362422,0.157539791503662,0.38702997165999864,0.09446181289040341,-0.05436765393665883
1.5,0.17871621710347865,0.1630775006167065,0.3688577277360405,0.1016602307496872,-0.04551174772352457
1.55,0.18293285131577341,0.16863484305020593,0.3669118695653536,0.10779670909115835,-0.03493026719917685
1.6,0.18638072537697759,0.1742124769034835,0.38090929538425805,0.11254580156293124,-0.026123622117403777
1.65,0.18902866193992782,0.17981080495694624,0.4099544534210238,0.11574601675002855,-0.021952073546856167
1.7,0.1908610907013163,0.18542991652461097,0.45258228322539207,0.11742313794501127,-0.023783398158451537
1.75,0.19187929843706317,0.19106958061883011,0.5068199435396097,0.11778908642674091,-0.031106991581161023
1.8,0.19210023679846466,0.19672929093433705,0.5702656571609465,0.11721625734246222,-0.041728047084694055
1.85,0.19155311378557635,0.20240835275341856,0.6401903705452162,0.11619218520139087,-0.052461695164884324
1.9,0.19027466811026428,0.20810599941338942,0.7136585483312243,0.11526017106872663,-0.06010806239734178
1.95,0.18830436353168922,0.21382152093436213,0.7876579756255421,0.1149521927959643,-0.06241499849311003
2.0,0.18568072014615236,0.21955438486279127,0.8592299303999729,0.11572275677191872,-0.05873669398083127
2.05,0.1824395284255403,0.22530432849166154,0.9255915749261859,0.11789293539032293,-0.050192772071568956
2.1,0.1786141485157111,0.23107141010248164,0.9842453192274465,0.12161212000333371,-0.03929465361972283
2.15,0.17423043494607526,0.23685612100791884,1.033088477626417,0.12682683545671342,-0.029188540107122095
2.2,0.1693094337725283,0.2426593491693818,1.0704835426561023,0.13329037711292147,-0.02269964904833048
2.25,0.16388523342640077,0.24848207734902888,1.0952669847902763,0.14062970587210585,-0.021444336905266665
2.3,0.15800541667801538,0.254325297247222,1.1067759820285001,0.14839224134560783,-0.02537813266177297
2.35,0.15172358642016065,0.26019000184648966,1.1048708219956713,0.15608843144494516,-0.03287540991803962
2.4,0.14510398494924673,0.2660769657503747,1.0899057929752678,0.16326887601884643,-0.04124352084859026
2.45,0.1382181478103165,0.2719866495959494,1.0627014483018338,0.16957893373483873,-0.04756832038776087
2.5,0.1311262708172584,0.27791937496948904,1.0245412185961407,0.17476432643566328,-0.049653820928571776
2.55,0.12387549674350598,0.28387527269801643,0.9771152319921732,0.17870081361993465,-0.04667376757028602
2.6,0.1165058841798585,0.2898541589966321,0.9224306577567737,0.18142211230225713,-0.03937287266117706
2.65,0.10905151227534197,0.29585554637068157,0.8627274454149111,0.18311365474682742,-0.02980866682891871
2.7,0.10154318342044678,0.3018786840886715,0.8003945208842053,0.1840891342125641,-0.020699890884987807
2.75,0.0940119793902566,0.3079226302411955,0.7378791144125934,0.18475143284016865,-0.014586105791061229
2.8,0.08649261470825242,0.31398634898998107,0.677584924407768,0.18554223687066967,-0.01306338025893323
2.85,0.07902556309636787,0.32006881934760245,0.6217669034707345,0.18688671452919284,-0.016325721820384866
2.9,0.07165739137183037,0.3261691432520447,0.5724361118493766,0.18914033292340007,-0.023139456080823368
2.95,0.06443936570973792,0.33228664485587006,0.5312845223272683,0.19254431041179654,-0.03125303699633016
3.0,0.05742490277734361,0.33842095289083973,0.4996255807280347,0.19719370473098743,-0.038106975285477414
3.05,0.050666647744405525,0.3445720510981958,0.47834911600648466,0.20302205744977925,-0.04160851148407077
3.1,0.0442139385818385,0.35074028036191496,0.4679035800018342,0.20980705327642,-0.040739427488259504
3.15,0.03811141152925203,0.35692629256497627,0.46830231232430447,0.2171970954358503,-0.03583086385971396
3.2,0.03239915053630037,0.363130965413489,0.4791454903641764,0.22475482280465794,-0.028428739931094394
3.25,0.02711414025239332,0.36935528738761986,0.49965339549059196,0.2320123486487708,-0.020794928306288367
3.3,0.022292427955883848,0.3756002300321611,0.5287047344038767,0.23853082507802814,-0.015201933326822577
3.35,0.01797119016270528,0.38186662580311764,0.5648844339716611,0.24395715592775838,-0.013244797575645827
3.4,0.014189874247941624,0.3881550666373854,0.6065429566595728,0.24807101369678708,-0.015378702701581062
3.45,0.010989923304998732,0.39446583868138874,0.6518637029813049,0.2508148832851563,-0.020807974822973987
3.5,0.008413061963214353,0.40079890496328163,0.6989359615644196,0.25230255246919336,-0.02775324722182504
3.55,0.006498431406237726,0.40715393209039175,0.7458317005794836,0.2528055932039091,-0.034012162562862554
3.6,0.005279207834819578,0.4135303535297691,0.7906867804737773,0.25271976024617504,-0.0376348363632546
3.65,0.004779595086476574,0.4199274639682984,0.8317790294889345,0.25251509627909585,-0.0375051050919977
3.7,0.005012934528540954,0.4263445265802238,0.8675985606512261,0.2526771260873099,-0.03365874629152126
3.75,0.005981299841611642,0.4327808788569235,0.8969079309553196,0.2536469738929879,-0.027251846443930496
3.8,0.007676549380467357,0.43923602517637034,0.9187885812994616,0.2557678577630357,-0.020197891894209632
3.85,0.01008240180524266,0.4457097035970274,0.9326699677900032,0.25924431681721133,-0.014584507634852084
3.9,0.013176831490749122,0.4522019191495058,0.938334991927345,0.26411842307104394,-0.012042604420667624
3.95,0.01693404932540786,0.45871294270068796,0.9359058716481128,0.270265843446836,-0.013263617699246536
4.0,0.021325542365468523,0.46524328036935203,0.9258214439577167,0.2774120893813397,-0.017812745913544713
4.05,0.026319918718735343,0.4717936159790694,0.9088055027035826,0.2851666477965656,-0.024289448694056498
4.1,0.03188165753613996,0.47836472861113877,0.8858266206035114,0.293070984742177,-0.03077786464112465
4.15,0.037969347911835184,0.48495739664514986,0.858053144725953,0.300654087134066,-0.0354395399157921
4.2,0.04453417107404882,0.49157230219774956,0.8268054318279972,0.3074887514444097,-0.03706784695697411
4.25,0.051519290873221636,0.4982099463436034,0.793507752948924,0.31324228511991653,-0.03544012123513071
4.3,0.05886052750493495,0.5048705817596107,0.75964230020292,0.317715665583327,-0.03135559904609665
4.35,0.06648826363441988,0.5115541701661573,0.7267035803774099,0.32086680398326634,-0.02635369428839423
4.4,0.07433015044678476,0.5182603718674991,0.6961427829582075,0.3228150498966833,-0.02222282701364758
4.45,0.08231404512387655,0.5249885726308494,0.669304456276409,0.32382601837757335,-0.020457058884324003
4.5,0.09037059827853108,0.5317379465544042,0.6473677883433201,0.3242787171483668,-0.021812467665252633
4.55,0.09843490726136836,0.5385075476036034,0.6312960283320262,0.324618869925259,-0.026093410715691333
4.6,0.10644698725987217,0.545296421878196,0.6217979354746523,0.3253035381429575,-0.032229855162378175
4.65,0.11435116241226073,0.5521037264092591,0.6193041598694058,0.3267438240809155,-0.03861506655635567
4.7,0.12209469614984715,0.5589288361843618,0.6239594625140856,0.3292528947390781,-0.04359774256837607
4.75,0.12962627747329725,0.5657714268448064,0.6356257298868646,0.33300519008010815,-0.045979167840527545
4.8,0.13689503194730845,0.5726315230156487,0.6538901029315232,0.33801278206956525,-0.04536239165637119
4.85,0.14385037989502342,0.5795095005647947,0.6780866250736003,0.3441238808554183,-0.042247838291497294
4.9,0.1504428010888337,0.5864060408385748,0.70732957134361,0.35104275577904137,-0.03785649122520922
4.95,0.1566254031834419,0.593322046933204,0.7405504388822755,0.35836755436060214,-0.03374384357264655
5.0,0.16235586596130144,0.6002585357915863,0.776538330452282,0.36564164570482544,-0.03132575996193334
5.05,0.16759815530732142,0.6072165191080318,0.8139846061565109,0.37241178250293133,-0.03145243548043255
5.1,0.17232340612275795,0.6141968840820422,0.8515309565093035,0.37828579982026167,-0.034153194949257046
5.15,0.17650971154525694,0.6212002917752953,0.8878251555825776,0.3829832236408732,-0.038643963548797726
5.2,0.18014098705952766,0.6282271091849022,0.9215802793493205,0.3863719391539929,-0.04359389303556951
5.25,0.18320527293783137,0.6352773814208501,0.951623807060687,0.38848495206627853,-0.04754351396540086
5.3,0.18569287850981614,0.6423508420465501,0.9769406225099914,0.3895159625356183,-0.04934881518523115
5.35,0.18759487018000773,0.6494469585505702,0.9967141659514849,0.38979510448017574,-0.04852132538252406
5.4,0.18890235385273574,0.6565650076160384,1.0103628166753316,0.3897478016879822,-0.04535786436152254
5.45,0.18960670416685513,0.6637041668642862,1.0175643395191898,0.38984241288119187,-0.04083086019027365
5.5,0.1897006642977074,0.6708636168753888,1.018264308228112,0.3905324557120364,-0.03627895743152706
5.55,0.1891799670636199,0.6780426449906102,1.012666983908411,0.39220030147439805,-0.032997642991173734
5.6,0.18804494467074268,0.6852407330118493,1.0012155168532966,0.3951102731077658,-0.031850443606911895
5.65,0.18630162849032358,0.6924576177607767,0.9845656878141626,0.3993766741357116,-0.03301824339871943
5.7,0.18396202562862862,0.6996933199214002,0.9635487356358392,0.4049498340247253,-0.035965893225088884
5.75,0.1810435997117019,0.7069481407542043,0.939129505136216,0.4116216239530952,-0.03962482668799134
5.8,0.17756813215494294,0.7142226233043094,0.9123633350882361,0.4190503598279932,-0.04273217503316278
5.85,0.17356032286513876,0.7215174803483284,0.8843516026253219,0.42680206524970105,-0.04421958898328392
5.9,0.16904662144745733,0.7288335005665671,0.8562007858372447,0.4344029048874611,-0.04353155020629998
5.95,0.16405469335592626,0.7361714461505977,0.828988151182777,0.44139701388369446,-0.040790125454026584
6.0,0.15861368576846877,0.7435319518971272,0.803729144885103,0.4474018033880743,-0.036744709555634046
6.05,0.15275519262808362,0.7509154367711258,0.7813400977730394,0.4521534458233245,-0.032514870319482025
6.1,0.14651459519717247,0.7583220438568802,0.7625995150326376,0.4555389406652845,-0.029244467453041743
6.15,0.13993231548126575,0.7657516143290776,0.7481190891775684,0.45761062173150713,-0.02776532507318026
6.2,0.13305460798665192,0.7732036990248686,0.738323911506029,0.4585797006268636,-0.028352504657250747
6.25,0.1259335915004168,0.7806776109427624,0.7334333726985592,0.4587892706540618,-0.03064960048375444
6.3,0.11862641098509015,0.7881725115412841,0.7334516553323732,0.4586707878556987,-0.033785867168873635
6.35,0.11119369743780608,0.7956875167766759,0.7381759430772847,0.45868997376117,-0.03663902127165666
6.4,0.10369769683893752,0.8032218090612105,0.7472177371370342,0.4592888713910518,-0.03816826487095118
6.45,0.09620050690739321,0.8107747437664741,0.7600327220463486,0.4608313144644891,-0.0377323043744509
6.5,0.08876274187835377,0.8183459345348686,0.7759474812869572,0.46355779496030636,-0.035284994065405355
6.55,0.08144287111331859,0.8259353060426933,0.7941874475948371,0.4675554499226039,-0.031380439765435225
6.6,0.07429725582447373,0.8335431079238748,0.8139113681152239,0.4727474349465865,-0.02699456867609239
6.65,0.06738062645242089,0.84116988561901,0.8342463625858205,0.4789035108729636,-0.023224487578084596
6.7,0.06074393760148396,0.8488164128598152,0.8543239358881495,0.48567013762899724,-0.020969481617338623
6.75,0.0544347251034713,0.856483599411016,0.8733070719429741,0.49261564706870725,-0.020669730363513203
6.8,0.04850291510988472,0.8641723838130984,0.890407076362357,0.49928554114061774,-0.02215908031276901
6.85,0.04299977186074862,0.8718836241196323,0.9049180010835306,0.5052598758023358,-0.024717741531019462
6.9,0.03797385702369461,0.8796179993921212,0.9162518734076768,0.5102056315061084,-0.027314365485740514
6.95,0.03346925559378462,0.8873759329985953,0.9239577166347959,0.5139178031085562,-0.028938909451964766
7.0,0.02952393487775462,0.8951575478598869,0.9277393832605249,0.5163441203087628,-0.028912489367336168
7.05,0.0261686240024488,0.902962657456998,0.9274726030442426,0.5175909306051709,-0.027086203780002586
7.1,0.02342635973311892,0.9107907906526486,0.9232112412651945,0.5179099636739587,-0.023882570627786797
7.15,0.021315545026451613,0.9186412476047408,0.9151759285065539,0.5176675066843928,-0.02015227256088727
7.2,0.019851010754818994,0.9265131824208485,0.9037454670951549,0.5172991780850552,-0.0169053474468957
7.25,0.019039293008672974,0.9344057001495749,0.8894548088783611,0.5172565367508178,-0.015022396358078897
7.3,0.01888002344482283,0.942317960497719,0.872964774928914,0.5179517607328662,-0.014991691620153508
7.35,0.01936932269765853,0.9502492777277493,0.8550183808609217,0.5197060239824882,-0.016762264587358227
7.4,0.02049995208559292,0.9581992012178874,0.8364033555724492,0.5227089726215108,-0.019772568242033186
7.45,0.022260918357446806,0.9661675672187242,0.8179178357481285,0.5269945423216189,-0.023129253353204586
7.5,0.024636715530960702,0.9741545141487528,0.8003391996615172,0.5324359028563928,-0.02587981342509551
7.55,0.027606632150218493,0.9821604638484673,0.7843951663608192,0.5387596412027823,-0.027297544713855055
7.6,0.03114448699751736,0.9901860745307491,0.7707405202335719,0.5455771188571408,-0.027094591690129708
7.65,0.03521869124255855,0.9982321568730067,0.7599437646349184,0.5524313164826905,-0.025500015820310418
7.7,0.03979275675180078,1.0062995609829217,0.752471776994027,0.5588537573067635,-0.023178274316783033
7.75,0.04482647203778843,1.014389061965221,0.7486681921201489,0.5644229018907518,-0.02101388822762378
7.8,0.050277400894006626,1.0225012592742362,0.7487394557398419,0.5688166640137777,-0.019834210596647157
7.85,0.0561022464434078,1.0306364988195107,0.7527495246867435,0.5718526151555936,-0.020159099684769637
7.9,0.06225778461280144,1.0387948280696158,0.7606194907435985,0.5735110614420662,-0.022051154093264896
7.95,0.06870120435099035,1.0469759913092924,0.7721345902252632,0.5739370934681176,-0.025103470044957978
8.0,0.07538987092699262,1.0551794653126765,0.786957761235045,0.5734215490004296,-0.02856677191519537
8.05,0.08228075559577679,1.0634045354014667,0.8046437357983095,0.5723634207466133,-0.03158395209628866
8.1,0.08932972558933809,1.0716503971245221,0.8246564747295676,0.571219544009309,-0.03345047040030808
8.15,0.09649082544126768,1.0799162582239814,0.8463953308432748,0.5704495786172311,-0.03381125538599215
8.2,0.10371600318905169,1.088201440462058,0.8692236571883832,0.5704598156896209,-0.032751356879754695
8.25,0.11095545009236732,1.0965054716516554,0.8924938070391399,0.5715527221725695,-0.030760331987575926
8.3,0.11815837634633303,1.1048281488453073,0.9155683680318393,0.5738903407739572,-0.028578108770035176
8.35,0.1252740401032966,1.1131695686111722,0.9378388815898143,0.5774751564232258,-0.02696963105227592
8.4,0.13225282761231752,1.121530121821889,0.9587413884433793,0.5821505781616253,-0.02649826139902369
8.45,0.1390470980322501,1.1299104491809722,0.9777553300500341,0.5876210999335407,-0.027373749913092053
8.5,0.1456114832330596,1.138311359562442,0.9944025186254744,0.5934907930794894,-0.029410082532840987
8.55,0.15190275732838043,1.1467337271500904,1.0082759832709665,0.5993153278330888,-0.032086315524873815
8.6,0.15787957430874333,1.1551783921122825,1.0190649673157532,0.6046571812972439,-0.03470496836407635
8.65,0.16350204765024043,1.1636460683491414,1.0265652081380365,0.6091383154964861,-0.03660445991971014
8.7,0.16873131877146824,1.172137260769394,1.0306888737349662,0.6124861707396431,-0.03735286254787375
8.75,0.17352938368803789,1.1806522043259153,1.0314710152670774,0.6145668046055476,-0.03686794784743875
8.8,0.1778592947101538,1.1891908317891946,1.0290696686040148,0.6154012546143579,-0.03543213656496629
8.85,0.1816858157440454,1.1977527782783586,1.0237527029313642,0.6151622618409438,-0.033602900814320893
8.9,0.18497648453764273,1.2063374254780064,1.0158817812587917,0.6141519207357933,-0.03204227418746883
8.95,0.18770281473302372,1.2149439755178222,1.005908352222599,0.6127645910281065,-0.03130796350980121
9.0,0.18984124087288876,1.223571542556846,0.9943606699258124,0.611438662729513,-0.0316792423989388
9.05,0.19137362932394952,1.2322192547217972,0.9818189050908833,0.6106023656461302,-0.03307669565258378
9.1,0.1922873979713093,1.2408863570112285,0.9688892819635736,0.6106202787194132,-0.035093613106806094
9.15,0.19257524499978057,1.2495723006788115,0.9561786018370981,0.6117477370294813,-0.03712659304026817
9.2,0.1922346050719577,1.2582768072601744,0.944269433288634,0.6140991277885581,-0.0385630183615911
9.25,0.1912671330502613,1.266999901107108,0.9336928331672362,0.6176339469441836,-0.038968488371106606
9.3,0.18967840026305385,1.275741906965657,0.9249046909607054,0.6221619380420758,-0.03822822308698019
9.35,0.18747790943583584,1.2845034099974895,0.9182705526221505,0.6273654954452265,-0.036587061320222054
9.4,0.18467943100653597,1.2932851813453883,0.9140512982142397,0.6328373881986353,-0.03455853808324037
9.45,0.18130147518798462,1.3020880794739187,0.9123914408758438,0.6381306007687217,-0.03275521627973955
9.5,0.1773677866383034,1.310912938939024,0.9133138489588406,0.6428136458537337,-0.031702236235507116
9.55,0.17290779449225144,1.3197604653238828,0.9167203793714068,0.6465239592930996,-0.03168126844756635
9.6,0.16795673764357294,1.3286311495094099,0.9223993942236829,0.6490132479364686,-0.032649004107212415
9.65,0.16255529894162127,1.3375252089896588,0.9300454269855442,0.6501801663275656,-0.03424945047782979
9.7,0.15674878227766054,1.3464425650976777,0.9392820866813707,0.6500839826575389,-0.03591290052214958
9.75,0.1505859924738015,1.3553828593843553,0.9496760160900077,0.648935240583828,-0.03702542221112201
9.8,0.1441180264123379,1.3643455047231163,0.9607571528949034,0.6470685103544928,-0.03712340329916521
9.85,0.13739715149213141,1.3733297625459349,0.9720455862941075,0.6449013944233295,-0.03603689294517415
9.9,0.13047604969825927,1.3823348384509766,0.9830752599936304,0.6428826858676547,-0.03393644386840437
9.95,0.12340751075712048,1.3913599852513987,0.9934140119020678,0.6414362162160681,-0.031275839777694894
10.0,0.11624437691225076,1.4004045972316024,1.0026794510068389,0.6409085229340048,-0.028651988234835533
10.05,0.10903973839357603,1.4094682880829676,1.0105484654160342,0.6415259954220486,-0.026627637352560105
10.1,0.10184725106694224,1.4185509448175753,1.0167572208852487,0.6433648589266638,-0.025555373950255544
10.15,0.09472108090910304,1.4276527420154024,1.021098983491096,0.6463396551943051,-0.025456353635371663
10.2,0.08771534494638557,1.436774117517056,1.0234313749697626,0.6502146198129459,-0.026026312120059156
10.25,0.08088334674274561,1.4459157218673047,1.0236856187563854,0.6546343673725907,-0.026758101998060776
10.3,0.07427668741556352,1.455078343463975,1.0218706629317422,0.6591679217235722,-0.02711453080384502
10.35,0.06794442063325369,1.4642628170143934,1.018073908011665,0.6633610562891723,-0.026698724730542925
10.4,0.061932294581772386,1.4734699205032602,1.0124541617871357,0.6667919376496264,-0.02538084737757316
10.45,0.056282152149876176,1.482700270145194,1.005220476121483,0.6691240566798073,-0.023350988828521435
10.5,0.051031831191110086,1.4919542365656626,0.9966154068257335,0.6701493014025164,-0.021059814259755026
10.55,0.04621555408388051,1.5012318941172034,0.9869191812805435,0.6698166188460645,-0.019073210535639602
10.6,0.041864472407846506,1.5105330056204789,0.9764451393142548,0.6682414887518767,-0.017908572492393856
10.65,0.03800704855994228,1.5198570456794158,0.9655269928486689,0.665691765792714,-0.01787216674649715
10.7,0.034669203471317786,1.5292032647066285,0.9545163821766243,0.6625520606250358,-0.018944122231517903
10.75,0.03187414065654646,1.5385707817792358,0.9437771883045388,0.6592748152201378,-0.020776415215951978
10.8,0.02964172305226005,1.5479586876283287,0.9336709720589639,0.6563252845376281,-0.02280530270206624
10.85,0.02798765626289123,1.5573661540664339,0.924538941296605,0.6541251392890123,-0.024430786263093446
10.9,0.026922845909711206,1.566792544589386,0.9166913779938993,0.652999657582319,-0.02520317817769128
10.95,0.02645301922650506,1.576237504007696,0.9104058953367908,0.6531355550999256,-0.024963713536643936
11.0,0.026578623763466425,1.5857010056606466,0.9059186732751229,0.6545562327634735,-0.02388782548412823
11.05,0.027295095518447055,1.595183354636784,0.9034094160567809,0.6571173630864809,-0.02241615469260814
11.1,0.028593468184250567,1.604685152288562,0.9029901692068955,0.6605238981783436,-0.021110346468355273
11.15,0.030461191325445034,1.6142072268306855,0.9046984103310837,0.6643661881671346,-0.020481721767683172
11.2,0.032882890358549556,1.6237505391914195,0.9084895379843564,0.6681689776869465,-0.020844238799515906
11.25,0.03584086406281138,1.6333160746584827,0.9142267439663572,0.6714472829353602,-0.02223166883984503
11.3,0.039315287646990896,1.6429047289845586,0.9216796157904273,0.6737657388235725,-0.02438756877131021
11.35,0.043283990196205394,1.6525172019496277,0.9305404256996251,0.6747944853793352,-0.026835980611227314
11.4,0.047721906158267983,1.6621539178480131,0.9404483309257681,0.6743519070928125,-0.029025638178335776
11.45,0.05260054383168884,1.6718149863756606,0.9510115040900108,0.6724276491826222,-0.030497308113189257
11.5,0.057887597992741326,1.6815002006594766,0.9618278483680537,0.6691840222503367,-0.031017660840391224
11.55,0.06354680088044441,1.691209069533286,0.9725069589148168,0.6649366613880858,-0.030639633045770286
11.6,0.06953815149928398,1.7009408886582422,0.9826930393529782,0.6601166046180846,-0.029671152504808288
11.65,0.07581851071661591,1.710694838698032,0.9920792553299522,0.6552187561186386,-0.02857233360651334
11.7,0.08234235528774997,1.720470093935601,1.0004119188365976,0.6507427927643181,-0.0278214019099014
11.75,0.08906250819148535,1.7302659331416994,1.0074998674025073,0.6471328495302737,-0.027783830585055867
11.8,0.09593079444887359,1.740081839447621,1.0132238132669318,0.6447229099239303,-0.028613080764408088
11.85,0.10289852374977114,1.7499175744399598,1.0175343984243295,0.6436951013890305,-0.030206464582393264
11.9,0.10991670944673218,1.7597732180508412,1.0204458409335895,0.6440564690691785,-0.032240184500165615
11.95,0.11693605527245536,1.7696491694743892,1.022029722991904,0.6456387590475952,-0.034271311473579605
12.0,0.12390685703187741,1.7795461111040396,1.0224074086785704,0.648120124175565,-0.03586657999500363
12.05,0.1307790216375783,1.7894649442708803,1.021736675315443,0.6510628214847268,-0.03673322124280545
12.1,0.13750223413964713,1.7994066946460778,1.0201949567231985,0.6539647676035205,-0.036813780299165405
12.15,0.14402631596564192,1.8093723953701597,1.0179712909371992,0.6563206379311874,-0.03630122688678993
12.2,0.15030185545822455,1.8193629682861132,1.0152630351232952,0.6576844594197402,-0.035577908368720275
12.25,0.15628112852813045,1.829379123292157,1.0122692246370812,0.6577245152695529,-0.03509563770826505
12.3,0.16191910269268925,1.8394212857283356,1.0091807547661538,0.6562634511132962,-0.03522772842489434
12.35,0.16717422041530855,1.849489557135237,1.0061729415365526,0.6532994662396495,-0.03615497748685311
12.4,0.17200894057679694,1.8595837169080984,1.0034034196616526,0.6490062575794833,-0.03781995198669332
12.45,0.17639003224754643,1.8697032590987277,1.0010195901239418,0.6437149792589715,-0.03994307918287927
12.5,0.18028853204095968,1.8798474618683365,0.9991675485759325,0.6378790899526339,-0.04209374854023402
12.55,0.18367941270924307,1.8900154890785403,0.9979844527469193,0.6320196129682957,-0.04380294507526907
12.6,0.1865410600104936,1.9002065070598964,0.9975881208418723,0.6266584753989544,-0.044693759432243796
12.65,0.1888549016348383,1.9104198063588156,0.9980721076202196,0.6222515590906567,-0.04459547368095507
12.7,0.19060540060674022,1.920654912686419,0.9994988934033694,0.6191311792029447,-0.04360165679962031
12.75,0.19178034595942575,1.930911662391346,1.0018976144655753,0.6174671263897307,-0.042040614511978665
12.8,0.1923713784184342,1.9411902354501591,1.005262801793452,0.6172493853277493,-0.04037112813754018
12.85,0.19237461045802784,1.9514911520280334,1.0095478202499162,0.6182891187185522,-0.039052162429394514
12.9,0.1917911301398213,1.9618152312110997,1.0146627608109584,0.6202341013236109,-0.03841592928051856
12.95,0.19062725491837346,1.9721635101418995,1.020479725516135,0.6226022505202095,-0.03857030777165133
13.0,0.18889455905248387,1.9825371326704253,1.0268368199444242,0.6248379496099974,-0.03936841689683807
13.05,0.18660967410917412,1.9929372201685542,1.0335363560021629,0.6263849634614268,-0.0404622589931414
13.1,0.18379381349391571,2.003364743427007,1.0403503353226538,0.6267598950436041,-0.04142225199736058
13.15,0.18047217011596142,2.0138204178079366,1.0470421168964947,0.6256134365492503,-0.04186185836393227
13.2,0.1766733678586095,2.0243046298769864,1.0533869211475533,0.6227739718927149,-0.04152805916114073
13.25,0.1724289037349952,2.0348173964524565,1.0591792707683783,0.6182685719531577,-0.04037865971503296
13.3,0.1677727096347863,2.045358366178515,1.0642354440511275,0.6123186417381558,-0.03861473809693396
13.35,0.16274100247595755,2.0559268679239864,1.0683994343875274,0.6053122172040264,-0.03662601534945704
13.4,0.15737233705689005,2.0665219962551915,1.071552334485799,0.5977575305607593,-0.034865431239954676
13.45,0.15170775366347192,2.0771427263001976,1.0736217214511037,0.5902220920984276,-0.033708414700465684
13.5,0.14579088538300364,2.0877880463679857,1.07458405422949,0.5832628572292073,-0.03333823612003811
13.55,0.1396678281333062,2.098457089751468,1.0744584275383873,0.5773561381573584,-0.033684510276977955
13.6,0.1333866888549895,2.1091492473945306,1.0732988607012466,0.5728372950244847,-0.03445018864624781
13.65,0.12699690168538041,2.119864248087204,1.0711861515443513,0.5698582539513091,-0.03520924167162411
13.7,0.12054846623540648,2.1306021997430835,1.0682212483343105,0.5683677276296816,-0.03553203317893923
13.75,0.11409116116019076,2.1413635847313013,1.0645210615341558,0.5681165014252402,-0.03511020885823765
13.8,0.10767386819083057,2.152149206520788,1.0602153065171875,0.5686875161851221,-0.03384841333206372
13.85,0.10134417106371414,2.162960095978969,1.0554438711153844,0.5695463592456722,-0.031892677471223825
13.9,0.09514821433248098,2.173797388775067,1.0503523797578012,0.5701065842037156,-0.029588537958506352
13.95,0.08913071878357888,2.184662182691559,1.0450870809263233,0.5698043069252348,-0.02738733398851405
14.0,0.08333514953820165,2.195555396004391,1.0397912896384616,0.5681710916774009,-0.025722834112340033
14.05,0.07780394408442275,2.206477651586333,1.0346039774794764,0.5648929942188793,-0.02488029665886232
14.1,0.07257850354553315,2.217429196033807,1.0296661128075675,0.5598500015340147,-0.024907433616055765
14.15,0.0676989218649654,2.2284098697330337,1.0251281923606432,0.5531317410455986,-0.025605395822407916
14.2,0.06320348764284962,2.239419131692528,1.021146380589955,0.5450270419680936,-0.0265887677030802
14.25,0.059128000011163015,2.2504561319501906,1.0178744695236255,0.5359881739899343,-0.027398072884652215
14.3,0.05550506067860353,2.261519825949134,1.0154542637181703,0.5265734604924344,-0.02763949035147506
14.35,0.05236348428239223,2.2726091156546486,1.0140068052745057,0.517376328671889,-0.02710396786002469
14.4,0.04972789326590947,2.2837229926049862,1.0136301705563227,0.5089518476865632,-0.025824361580135433
14.45,0.0476185033049991,2.294860662979978,1.014400747866236,0.5017506810636405,-0.024061146703331565
14.5,0.04605121079064069,2.306021650999835,1.0163726441891952,0.4960651251456558,-0.02222799094138141
14.55,0.04503793531226985,2.317205868477644,1.0195737305378594,0.4919916552158211,-0.02077660247833497
14.6,0.04458703272180896,2.3284136323599927,1.023997014283147,0.48941744616883415,-0.020067270538315966
14.65,0.044703681291438306,2.3396456333570055,1.0295885039441595,0.4880327962187041,-0.02026084199443442
14.7,0.04539012208172244,2.3509028643694183,1.0362419439882913,0.48736767978663154,-0.021263976882365285
14.75,0.046645654074173246,2.362186516032556,1.0438014358353729,0.48684791728211585,-0.02275265984748893
14.8,0.04846629209363567,2.3734978470909596,1.0520661433486356,0.48586414467952804,-0.024272043893160105
14.85,0.050844225975415464,2.384838043740652,1.0608003089471074,0.48384622402462507,-0.025377307417937648
14.9,0.053767291722731356,2.396208082889925,1.0697480261381187,0.4803338928992291,-0.02577186768053472
14.95,0.05721854866087719,2.4076086119323303,1.0786507269321812,0.47503590613716823,-0.02539809694776544
15.0,0.061176157658291694,2.419039870899399,1.0872650442380678,0.4678687931504446,-0.02444847458169296
15.05,0.06561367370129649,2.4305016734845903,1.0953748352588628,0.4589668701751563,-0.02329947984948631
15.1,0.07050061681505768,2.4419934373337866,1.1027999007289273,0.4486635461832688,-0.022395883297852037
15.15,0.07580312376415231,2.4535142584643808,1.1094067005894108,0.4374502136434798,-0.022116872463152193
15.2,0.08148458367225718,2.4650630246796794,1.115122365122185,0.4259203760420731,-0.022664429156589692
15.25,0.0875061545390746,2.4766385537850124,1.119946630933096,0.4147034214937235,-0.02400883455449699
15.3,0.09382703747447717,2.488239741925439,1.1239499924674896,0.404392077980466,-0.025898444041908504
15.35,0.10040444475088274,2.499865702793145,1.1272637659267115,0.39547103448315046,-0.0279404595982545
15.4,0.10719339094108875,2.5115158825028217,1.130065334220079,0.3882549683822948,-0.029728281735809606
15.45,0.11414661193420439,2.5231901367033576,1.1325637085237088,0.3828469438252849,-0.030957962807509835
15.5,0.12121473627178071,2.5348887587790516,1.134989656485491,0.3791243536884554,-0.031500701165208235
15.55,0.12834669014428465,2.54661245936136,1.1375822926250077,0.37675293146509475,-0.031420128533031666
15.6,0.13549036694437322,2.558362293392297,1.1405712842928144,0.3752281925421486,-0.030939412897583327
15.65,0.14259348099410527,2.570139541381719,1.1441604809603134,0.3739373867812149,-0.030379132233860837
15.7,0.14960434717928311,2.581945559764006,1.1485157993010895,0.37223241484603115,-0.030072741263135517
15.75,0.15647256807489474,2.5937816211766416,1.153756815403239,0.3695080428864853,-0.03026803934944231
15.8,0.16314969360941778,2.6056487730182085,1.1599513820557343,0.36527584998440843,-0.03104838651451538
15.85,0.16958974757246245,2.6175477254093202,1.1671076948216228,0.3592247388675266,-0.032306452720266644
15.9,0.17574953701447818,2.6294787792187364,1.1751673822443078,0.3512599967592273,-0.033784350512228084
15.95,0.18158867950813187,2.6414418053683333,1.1840114139027555,0.3415141365346156,-0.03516619577887388
16.0,0.1870694495885522,2.6534362789154566,1.1934665357216792,0.33032834426110874,-0.03618102421152192
16.05,0.19215666105323936,2.665461360209028,1.2033078420295729,0.3182089077372471,-0.036680833382693484
16.1,0.19681767685929963,2.677516005924028,1.2132701030226907,0.3057658546237528,-0.03667376068124225
16.15,0.20102255056874851,2.689599102770345,1.2230649738256905,0.2936401838826945,-0.03631117437743048
16.2,0.2047443184969656,2.7017096171314385,1.232395712753806,0.2824262906464303,-0.03583671766366106
16.25,0.20795937596977307,2.7138467375773034,1.2409707846794618,0.27259849162383,-0.03551593387395969
16.3,0.2106478860228332,2.726009987643639,1.2485184695880245,0.26445285734139096,-0.035569041129413594
16.35,0.21279418156864577,2.738199296952007,1.2547971669690938,0.2580709025083571,-0.036112369908663865
16.4,0.2143870063710363,2.7504150214121865,1.2595992508733036,0.25330799354144906,-0.037116194737745724
16.45,0.21541957842603005,2.7626579128055195,1.2627482182632614,0.24980872873492949,-0.038399129234080134
16.5,0.21588949105583108,2.7749290456561715,1.2640969704318583,0.2470496111697909,-0.03967970795983826
16.55,0.2158012753606038,2.7872296993568844,1.263524308355243,0.24440312590670013,-0.040658718603902654
16.6,0.21516597567905824,2.799561201643688,1.2609430237969463,0.2412145095766877,-0.041112148358631626
16.65,0.21399450652250349,2.8119247666413094,1.25632398716045,0.23688387546969225,-0.040976685865436034
16.7,0.21229785020456898,2.8243213503427302,1.2497016441209865,0.23094355023584617,-0.04036637772660653
16.75,0.21008988642986856,2.8367515359181366,1.241171252375964,0.22311784966158352,-0.039529773617958945
16.8,0.20738763215530762,2.8492154719380163,1.2308906135629878,0.21335863563552374,-0.03877411914694896
16.85,0.2042116429329937,2.8617128665986646,1.2190797098809942,0.2018541967605121,-0.03836769829254613
16.9,0.2005863210447908,2.874243037950036,1.2060192931969838,0.1890076257570726,-0.038453446828936484
16.95,0.19653989450307502,2.886805014133661,1.192051113180485,0.17538814901143152,-0.03900104875590914
17.0,0.1921040665912288,2.8993976648513047,1.1775734383310672,0.16166164489856769,-0.03981436364013397
17.05,0.18731356566810536,2.912019853696238,1.1630269363623535,0.14850828928361587,-0.04059016248848144
17.1,0.18220559834921587,2.924670597564713,1.1488731757787662,0.13653785383951497,-0.04101235519877786
17.15,0.17681926074698678,2.9373492104299697,1.135569093430253,0.1262130375621382,-0.040851069925498196
17.2,0.1711951336544587,2.950055415576871,1.1235405604601079,0.11779047029692126,-0.04003532161491157
17.25,0.1653751004984913,2.9627894125165337,1.1131567997393461,0.11128669724283756,-0.03867831945835428
17.3,0.15940227162381665,2.9755518849378126,1.1047092156328453,0.10647336505641936,-0.03704794980333714
17.35,0.15332102638487452,2.988343947009102,1.0983957148214938,0.10290256912710538,-0.03549052971338376
17.4,0.14717718261034768,3.001167033733366,1.0943099080595982,0.09996289790623282,-0.03433208907376029
17.45,0.14101816062192907,3.0140227544806435,1.0924344703762348,0.09695680461856843,-0.033786546565826935
17.5,0.13489290482242436,3.026912722732417,1.092638858104977,0.09318630461979122,-0.033894261509128096
17.55,0.12885151989870436,3.0398383901560924,1.094685947043656,0.08803907763405931,-0.03451132014184908
17.6,0.12294471574690391,3.0528009132130216,1.0982539577881423,0.08106533872537626,-0.035350182125359036
17.65,0.11722304451725643,3.065801059954387,1.1029816338519973,0.07203717217242783,-0.03606026979236975
17.7,0.11173588084160352,3.0788391467336753,1.1085240817587652,0.06098300876722913,-0.03630980374796591
17.75,0.10653025240423619,3.091915006001685,1.1145813429463414,0.04818978761910416,-0.03586477766096382
17.8,0.10165004884584908,3.1050280377848916,1.120893350569888,0.03416755728871822,-0.034680512889122904
17.85,0.09713571615110744,3.1181773381990556,1.1272382171420985,0.01958129956769032,-0.03292948457996013
17.9,0.09302409754625938,3.1313618569860675,1.133440636397986,0.005165644088050696,-0.030942881762959885
17.95,0.08934844197634682,3.144580563598664,1.1393758130922471,-0.008364246976429957,-0.02910630568828334
18.0,0.08613861979323631,3.157832600324887,1.1449695166950993,-0.02039830820502012,-0.027736726174310455
18.05,0.08342130899394556,3.1711174211135615,1.1501985811386852,-0.030505499370607068,-0.026978684172722193
18.1,0.08122006857116652,3.1844349123267928,1.1550886779339695,-0.0384894936156424,-0.026759956615435336
18.15,0.07955524050149608,3.1977854562162618,1.1597032848145628,-0.0444175048145424,-0.026825405149000493
18.2,0.07844342307969657,3.2111699101493767,1.1641289205550007,-0.048613300125475906,-0.026836677656600954
18.25,0.07789683510587793,3.224589531010264,1.1684613860712971,-0.05161830203201653,-0.026488205529025175
18.3,0.07792297666119896,3.238045855398097,1.1727955370415746,-0.05412561907389021,-0.025601570821501787
18.35,0.07852456216258064,3.2515405376846584,1.1772101444993375,-0.05689522993758766,-0.02419372937274532
18.4,0.07969954131085548,3.265075173987103,1.181737868513836,-0.06066157926950055,-0.0225031701647329
18.45,0.0814413449132689,3.2786511272591286,1.1863531848442606,-0.06603938734970759,-0.02091317423156933
18.5,0.0837394462255153,3.292269379680811,1.191000553927803,-0.07344380531364525,-0.019791184076789432
18.55,0.08657988923123774,3.3059304347983294,1.195623950536872,-0.08304087656656645,-0.019359486431702634
18.6,0.08994553604333937,3.3196342792163174,1.2001767250946198,-0.09472803680725433,-0.01963137745843662
18.65,0.09381619179169341,3.3333804195805135,1.2046279359680692,-0.10814633887273013,-0.020408393593473337
18.7,0.09816857925200775,3.347167976321317,1.208972394769958,-0.12272409264584648,-0.02134286994392956
18.75,0.10297603788107566,3.3609958122982087,1.2132383462075775,-0.13774745514919956,-0.02204226962225134
18.8,0.108208244352458,3.374862699977643,1.2174905652891301,-0.15244920874619575,-0.022184719859164776
18.85,0.11383111548697351,3.388767510038341,1.2218302734260984,-0.16610461884136288,-0.021615231732597433
18.9,0.11980704446100866,3.4027094032798204,1.2263930772177092,-0.1781244996525029,-0.020393720334253698
18.95,0.1260954679466224,3.4166879815963225,1.2313407474981977,-0.1881294856139744,-0.018777250251031778
19.0,0.1326533539014117,3.4307033536744322,1.2368378930572714,-0.19599356095548415,-0.017159133157555212
19.05,0.13943569895202698,3.444756139339397,1.2430175999853075,-0.20185775333508835,-0.015984172099488655
19.1,0.1463963652538524,3.4588474312306254,1.2499569115921747,-0.20611456788072371,-0.015624095127417383
19.15,0.15348900442275457,3.472978700375287,1.2576703954165838,-0.20936009388875204,-0.016250835467867413
19.2,0.16066763296611286,3.4871516459880327,1.266111525306623,-0.2123176491897628,-0.017770862109411194
19.25,0.16788692299245905,3.5013680259507103,1.2751734440386426,-0.21574812793736933,-0.019849638160090673
19.3,0.17510218371177733,3.5156294809173234,1.2846904867408429,-0.2203569678463121,-0.02200839790164849
19.35,0.1822689954730221,3.5299373581024613,1.2944432159358727,-0.22670555744690823,-0.023760827035684776
19.4,0.18934281500913455,3.5442925756509385,1.3041773014080886,-0.23514000957054382,-0.024758036368188224
19.45,0.1962788801483713,3.5586955512194827,1.313622442835313,-0.24574870103925928,-0.02488498240968155
19.5,0.20303240057868605,3.5731461851221478,1.322502479842178,-0.25835153914845654,-0.02427161617846707
19.55,0.2095590023701302,3.5876439098139894,1.330558366663416,-0.27252058118679806,-0.02324291459588925
19.6,0.2158154450016459,3.6021878103108644,1.337581598584409,-0.28763174922362217,-0.022221470370218002
19.65,0.22176046783145995,3.6167767834984925,1.34344082437628,-0.3029402544238468,-0.021581007815759192
19.7,0.2273555172917155,3.6314096948110115,1.3480898250741553,-0.3176674356594696,-0.0215096485786468
19.75,0.23256503138753032,3.646085529965633,1.3515462921273464,-0.3310939760179169,-0.02196516871463708
19.8,0.23735648649851399,3.6608035603462974,1.3538652544215113,-0.342651555240073,-0.022729269887473997
19.85,0.24170056727251735,3.675563492844742,1.3551263613370168,-0.35199637398002614,-0.023497761473130707
19.9,0.24557117686692115,3.690365556182718,1.3554206988566553,-0.35905452229781315,-0.02397830490264498
19.95,0.24894527949346942,3.70521051492517,1.3548332716127411,-0.36403572521350763,-0.023981693092038785
20.0,0.25180282822222955,3.7200996148777974,1.3534441875475745,-0.367406842081248,-0.023477592927680157
20.05,0.254126894479861,3.735034466041737,1.3513385853937014,-0.36983039822455904,-0.022592117543365757
20.1,0.25590386800319,3.7500168733354178,1.3485937069496228,-0.3720831807577852,-0.021561551358435998
20.15,0.25712361437586756,3.765048624982092,1.3452652176043949,-0.37495812358830244,-0.0206684179687752
20.2,0.2577798396918853,3.780131297236532,1.341404947486756,-0.3791622394185869,-0.020171858383222684
20.25,0.2578705740885511,3.7952661064867184,1.3370889194049722,-0.3852272635686162,-0.02024208480799263
20.3,0.2573985297990948,3.8104537957941917,1.3324098738944938,-0.39344472217945986,-0.020905827447531958
20.35,0.25637126784086356,3.82569457579084,1.3274562928295124,-0.4038332694169723,-0.02203421724979531
20.4,0.25480107929158113,3.840988127835558,1.3223029257915107,-0.4161384900694558,-0.023396805826179125
20.45,0.2527046744391371,3.856333667776894,1.3170082683347417,-0.42986578319738766,-0.024738112727066518
20.5,0.2501026594180019,3.871730057606666,1.3116192179376485,-0.444339573353466,-0.02584593816804957
20.55,0.24701903661077274,3.887175954749481,1.3061798601114925,-0.45878164876957095,-0.026585509165167782
20.6,0.24348101828875435,3.902670006626822,1.3007522381976315,-0.472403324498941,-0.02691242798351319
20.65,0.23951887437251543,3.918211055712496,1.295435522883876,-0.48450032369392154,-0.02687437842496569
20.7,0.2351658090249998,3.933798310122897,1.2903539173255025,-0.4945407092436038,-0.026596130643528487
20.75,0.23045795050338735,3.9494314635018295,1.2856382450372172,-0.5022306065908454,-0.02624924326695604
20.8,0.22543433934258117,3.9651107692803875,1.2814209320802004,-0.5075494010095718,-0.025998452553682435
20.85,0.2201369897425744,3.9808370622386633,1.2778462359022171,-0.5107516814903271,-0.02593829713096741
20.9,0.21461093384359323,3.996611713250014,1.2750847060925805,-0.5123360243590824,-0.026054671036280518
20.95,0.20890387723982384,4.012436507425615,1.2733292766119442,-0.512984211189154,-0.02623371871020404
21.0,0.2030655023054906,4.02831346158013,1.2727689657439138,-0.513477796240485,-0.026309356985931093
21.05,0.19714675258980213,4.0442446170241135,1.2735581669537313,-0.5146036929231134,-0.026120106090130296
21.1,0.19119920779152763,4.060231836698706,1.275805598575776,-0.5170577795748822,-0.025537176233413308
21.15,0.18527452115403498,4.076276639235545,1.2795796585544257,-0.5213573209273354,-0.024473649918208225
21.2,0.17942390496216643,4.092380078531897,1.2849213521887328,-0.5277728196810835,-0.022910975289208695
21.25,0.1736975977843025,4.108542659728904,1.291852445503009,-0.5362896298403558,-0.020928419599623802
21.3,0.16814435659543717,4.124764305827657,1.3003720858564964,-0.546606515067042,-0.018702927075581438
21.35,0.1628111940091593,4.141044407736782,1.310463813857426,-0.558171273198681,-0.0164593283399134
21.4,0.1577434680771885,4.1573819762597255,1.3221123946163982,-0.5702503746008132,-0.014389749706125046
21.45,0.1529849935760441,4.173775853356398,1.3352992267522228,-0.5820247860523201,-0.012594733481170487
21.5,0.14857794317625955,4.19022493117062,1.3499797591243736,-0.5926972726237522,-0.011068177676182386
21.55,0.1445625435479783,4.2067283518912895,1.3660797103203004,-0.6015926533766339,-0.009711548839604787
21.6,0.14097670843247906,4.223285681793443,1.383489288741976,-0.6082437746404002,-0.008385097847957226
21.65,0.13785563140650653,4.239897027778774,1.4020391764256825,-0.6124534507888397,-0.006985898878226414
21.7,0.1352312937911096,4.25656307867315,1.4214959421277247,-0.6143195752258119,-0.005498069948730717
21.75,0.1331321658781683,4.273285084154868,1.4415705673287054,-0.6142233008784379,-0.004000234693255227
21.8,0.13158304373761198,4.290064755280565,1.4619294925494093,-0.6127787971992426,-0.00264214248191371
21.85,0.1306047944799064,4.306904089766125,1.482217851926507,-0.6107501481992513,-0.0015765903631099322
21.9,0.13021420413231435,4.323805201751662,1.502076099151179,-0.6089578087046035,-0.0008844843420412085
21.95,0.13042393891629622,4.3407701593092165,1.5211423915792128,-0.6081824224802022,-0.0005591434349814001
22.0,0.13124233473278496,4.357800769056472,1.5390580472980682,-0.6090648819188088,-0.0005221860746633306
22.05,0.13267316727538367,4.3748983840309865,1.5554867325587016,-0.6120210939012898,-0.0006433443963083724
22.1,0.13471551927760403,4.392063800219931,1.5701456398772653,-0.6171871443047403,-0.0007755639341747311
22.15,0.13736362875508148,4.409297236351483,1.5828407562459812,-0.6243998949427411,-0.000794776787878911
22.2,0.14060663878623342,4.426598379905498,1.5934856741005377,-0.6332159916300711,-0.0006367184403089519
22.25,0.14442833023145427,4.4439664816490865,1.6020990417407592,-0.6429665876429131,-0.0003176967773584762
22.3,0.14880707421434172,4.461400503464269,1.608796985611374,-0.6528401615871378,7.410586956750563e-05
22.35,0.15371617164169574,4.4788993149634955,1.6137867704611195,-0.6619848478429987,0.00040856640878778684
22.4,0.15912432786224717,4.496461885691766,1.6173660646624957,-0.6696136357184701,0.0005632601822245839
22.45,0.1649961082989234,4.5140874629840875,1.6199207115826846,-0.6751007131430687,0.0004751991821131605
22.5,0.1712925525633775,4.531775735273308,1.6219133030437007,-0.6780601955197426,0.00017133628715867527
22.55,0.17797168312562475,4.549526932275443,1.6238612054511803,-0.6783943806804177,-0.00023684494187158642
22.6,0.1849888546567699,4.567341847565738,1.6262978592651307,-0.6763069391732087,-0.0005984232723143561
22.65,0.19229719322217223,4.585221798593755,1.6297288287429916,-0.6722810308523842,-0.0007744840886741688
22.7,0.19984799279328389,4.603168531146563,1.634601348446917,-0.6670222694037984,-0.0006800301737120831
22.75,0.20759123837150706,4.621184076791468,1.6412933292186207,-0.6613722549900242,-0.0003212825988649125
22.8,0.21547619957742545,4.639270569558295,1.6500915551005708,-0.6562095486531727,0.00017477719357903752
22.85,0.22345197497014563,4.657430035612807,1.6611494440005627,-0.6523477189578945,0.0005682611755852878
22.9,0.23146811862244346,4.675664177328252,1.6744833140810629,-0.6504279311144828,0.0006037991413787179
22.95,0.23947524555746444,4.693974198836154,1.6900038092389973,-0.6508277366879781,0.00014284301996630942
23.0,0.24742561061317533,4.712360721715392,1.707535522738393,-0.6536119505017474,-0.0007733204322388298
23.05,0.2552735893146143,4.730823782122589,1.7268287596435654,-0.6585266339963868,-0.0019351460734641926
23.1,0.2629758304955615,4.749362897363036,1.7475758422584795,-0.6650311862745864,-0.0030276046745074652
23.15,0.27049091926838514,4.767977179987878,1.7694314995070066,-0.6723615214901507,-0.0037334930144792473
23.2,0.2777788255352955,4.786665477930993,1.7920307884548037,-0.6796183435200999,-0.0038376599456623438
23.25,0.2848007023015039,4.80542656352043,1.8150061830815307,-0.6858746389274751,-0.0032974866851325666
23.3,0.29151913975239374,4.824259340671779,1.8380541799292047,-0.6902745888741373,-0.002193261170589592
23.35,0.2978985615198418,4.843163043414233,1.861012493067009,-0.6921194981200193,-0.0006145335015830228
23.4,0.30390541401829546,4.8621374356720315,1.883815440002747,-0.6909671366289902,0.001295936991512288
23.45,0.3095084740156476,4.881182956831844,1.906398175646527,-0.6867103653584467,0.003279693028479622
23.5,0.3146761379951442,4.900300746729577,1.9286688605631137,-0.6795964373554935,0.005012203211709445
23.55,0.3193766400964276,4.919492542630185,1.9505060434184274,-0.6701970002385297,0.006193834525497701
23.6,0.32358539297396177,4.938760522628205,1.9717363521968836,-0.659339044831154,0.006656213178439472
23.65,0.3272854064270063,4.9581071383839035,1.992141206029233,-0.6480037270286308,0.006423677089161369
23.7,0.3304644218030563,4.977534902303089,2.0114835133167537,-0.6372046069765258,0.005693629888647658
23.75,0.33311466977478044,4.997046157794045,2.029514267837077,-0.6278661414895857,0.00478120116111125
23.8,0.33523295244431645,5.016642886381272,2.04599991603789,-0.6207141810364617,0.0040901904674752665
23.85,0.33682061322101114,5.0363265425497925,2.0607915420943215,-0.6161784515318512,0.00404991878461024
23.9,0.3378823127049458,5.056097883947364,2.073884562268791,-0.6143183941132121,0.004973899379536021
23.95,0.3384246582233036,5.075956885705645,2.0854334265693435,-0.6148013888954225,0.006924657942146027
24.0,0.33845640130578875,5.095902842914334,2.095743006611581,-0.6169470284033556,0.009676849578114505
24.05,0.33798928236353415,5.115934578607799,2.105259021658461,-0.6198177980904125,0.012797108782733026
24.1,0.3370386216640388,5.136050680344802,2.1145440420643284,-0.6223396588529768,0.01578321286364094
24.15,0.3356239808580577,5.156249781748985,2.1242494572790727,-0.6234408773217737,0.018214626283991918
24.2,0.3337700433430304,5.176530903295986,2.135064033946918,-0.6222024687036007,0.019887363382838173
24.25,0.3315068568169208,5.196893734827226,2.1476342648869196,-0.6179904474215583,0.020852806844048315
24.3,0.3288688254904773,5.217338705688592,2.1624945460233413,-0.6105297994404772,0.0213617018263329
24.35,0.3258935201504687,5.237866937304504,2.1800306372795686,-0.5999222285727198,0.021763415022436644
24.4,0.3226210577770301,5.258480195590064,2.200457388073818,-0.5866278609790733,0.02240154373201673
24.45,0.31909374903053056,5.279180798892636,2.2238102656433703,-0.5714087931641901,0.02352837693802263
24.5,0.31535571289490116,5.2999714444298025,2.249942539715899,-0.5552355558354538,0.025242358456452518
24.55,0.3114525176470755,5.320854983073793,2.2785307775001598,-0.5391668106344242,0.027457536281927854
24.6,0.30743094525243564,5.341834175850747,2.3090982772976747,-0.5242162699693514,0.02991902438935166
24.65,0.3033390394268844,5.362911491628205,2.3410412965668246,-0.5112308063850066,0.03227233920544453
24.7,0.2992264851495003,5.384088964710278,2.3736694022847784,-0.5007927980144306,0.034178332613902365
24.75,0.2951445075910429,5.40536801669012,2.406253524183942,-0.4931452780237667,0.03544719791202345
24.8,0.29114488854574044,5.426749288215168,2.4380604952295997,-0.4881515589924747,0.03611720718842765
24.85,0.28727893515395864,5.448232630161133,2.468399266065267,-0.48530394329636617,0.03644718191265363
24.9,0.2835965984727889,5.469817237019838,2.496685067659649,-0.48378164152369746,0.036854556841940625
24.95,0.2801455468417355,5.491501859907814,2.522496688431877,-0.4825503786759882,0.03779167165288381
25.0,0.2769702367340829,5.513285069408771,2.545601908437108,-0.48049183075740787,0.03959163950606448
25.05,0.27411108292517555,5.5351655198291,2.5659587421431342,-0.4765423680000218,0.0423652081100861
25.1,0.27160410017166625,5.557142212953487,2.58373774501211,-0.46982264322957734,0.045978695947846336
25.15,0.269480923846258,5.579214743682025,2.599321902280283,-0.4597513827219914,0.05007960473602503
25.2,0.26776915707340876,5.601383472100769,2.613250944809645,-0.4461279067490487,0.054155347882007154
25.25,0.26649284500120746,5.623649577261184,2.6261718517079253,-0.42915941293384624,0.05764441737883379
25.3,0.26567282661696584,5.646014989549582,2.638789071115985,-0.4094341592284393,0.0600622186451016
25.35,0.2653303198644999,5.6684822378334605,2.6517705298404657,-0.3878553770182091,0.06112031570490321
25.4,0.2654876544083819,5.6910542313574535,2.6656787361162624,-0.36553720253453903,0.06081370137711848
25.45,0.26616204254231673,5.713733980227028,2.6809907775047424,-0.34366422444778344,0.05945898863140549
25.5,0.26736593351989446,5.736524321353248,2.6981265968407784,-0.323341083850169,0.057679039113050966
25.55,0.26910959406040336,5.759427686291297,2.7174322548782373,-0.30546150552742135,0.05628653375237946
25.6,0.2714003088453677,5.782445898814072,2.7391803710730747,-0.29059888365715,0.05606093409367422
25.65,0.27424158538144755,5.805580055603584,2.7636079718082933,-0.27893128065569145,0.05750674559961963
25.7,0.27763266444111184,5.828830502863142,2.790945377196202,-0.27021861585797374,0.060713759699536046
25.75,0.28156850058652755,5.852196904857587,2.821431614353947,-0.2638311245729991,0.06532150740249723
25.8,0.28604013317619276,5.875678410675153,2.8553118805169966,-0.2588265580934559,0.07056891031270916
25.85,0.29103530078757517,5.899273907134839,2.8928134554612353,-0.2540704671999734,0.07549188870716374
25.9,0.29653971642795324,5.922982378063727,2.934143302913389,-0.24838585024204923,0.07924171205705427
25.95,0.30253840243916774,5.94680321374413,2.979498884512364,-0.24069888377965853,0.08135207961099894
26.0,0.3090161554580692,5.970736360476992,3.0290662635886125,-0.23015780379771722,0.08187735652969741
26.05,0.3159570619199691,5.994782394229111,3.0830202527872066,-0.2162218851513032,0.08138787165783405
26.1,0.3233434756831613,6.018942570619483,3.1415258920259777,-0.19871498777639607,0.08079663536007345
26.15,0.33115500731453845,6.0432188484144325,3.2047334910660226,-0.17784335954452216,0.08110936514952836
26.2,0.3393678394864445,6.067613866633087,3.2727512782243573,-0.1541780851247833,0.08316886449471689
26.25,0.34795412368198014,6.092130843265173,3.345558057738692,-0.12860428963169088,0.08734034581565875
26.3,0.35688141732428835,6.116773367235534,3.4228993301851647,-0.10222934471884029,0.09325826501599895
26.35,0.3661131262529161,6.141545116522712,3.504264089457793,-0.07624341265048389,0.09989526174045024
26.4,0.37561012857923776,6.166449574759314,3.5889196324175736,-0.05176156415057684,0.10591542722039082
26.45,0.385332682389001,6.191489772135116,3.6759546074969323,-0.029677383192062225,0.11009942102127984
26.5,0.39524166677064876,6.216668040742452,3.7643132087329385,-0.010546097012142139,0.1117119274245866
26.55,0.40529916580299413,6.241985879260593,3.8527811327310895,0.005463291582507334,0.11064513586026506
26.6,0.41546893681222674,6.267443973563915,3.9400136331867137,0.018564087061265822,0.10737524666871244
26.65,0.4257166314839331,6.29304230288842,4.0246874787841795,0.02933931050068038,0.10289610234210084
26.7,0.4360091455339479,6.318780328865912,4.105618946175551,0.0386778247275254,0.09849292424700438
26.75,0.44631312250223476,6.3446572619693296,4.181823707168958,0.04765288711514725,0.09537640224795803
26.8,0.45659370633569435,6.370672377153663,4.25260062463146,0.05737894986198112,0.09437722415633336
26.85,0.4668137934604409,6.396825294713298,4.317598712324219,0.06887234152829196,0.0957623494174483
26.9,0.47693389813662435,6.423116136982519,4.376966666166798,0.08297928592300514,0.09936885732143134
26.95,0.48691223469502154,6.449545607242986,4.431465954866168,0.1003324130574841,0.10479268609728297
27.0,0.49670481102998465,6.476115131175087,4.482178801026768,0.12120796838086968,0.11119340803391609
27.05,0.5062665910838998,6.50282694015653,4.530167712230926,0.14540779717451116,0.11733564618018495
27.1,0.5155532399448924,6.529683953972965,4.5763886491865815,0.17228307897934692,0.1219902210634292
27.15,0.5245226818646559,6.556689492459202,4.62166034878232,0.2008406470634408,0.12430748282803102
27.2,0.5331367926666125,6.583846919202273,4.666656020530669,0.2298955383304969,0.1240861724042464
27.25,0.541363076373547,6.611159369225092,4.712028018457103,0.25826022690934103,0.1219624506390041
27.3,0.5491751667610861,6.638629631384615,4.758457128697428,0.2848951836286538,0.1192194265606416
27.35,0.5565513551009377,6.666260045909861,4.8064559071255255,0.30898265106249256,0.11709517413001577
27.4,0.5634730676849317,6.694052385133544,4.856212470894431,0.32997905331025,0.11624762988070926
27.45,0.5699243747477578,6.722007723929996,4.9075879931091295,0.3476665212119844,0.11667534708902583
27.5,0.5758913732674551,6.750126258104081,4.96019271787472,0.3621896654097576,0.11792576365552669
27.55,0.5813621336291381,6.778407251490351,5.013517501070607,0.37404369414432087,0.11939800331835085
27.6,0.5863281032627324,6.806849248910603,5.0670641803940395,0.38399058060092395,0.12059004044591169
27.65,0.590785331378604,6.835450361468975,5.1203892885527145,0.39295182365306636,0.12121488524015679
27.7,0.5947348240583877,6.864208517401636,5.173016759129807,0.40188934189577635,0.1211955007606502
27.75,0.5981825147359946,6.893121692081337,5.22441818396879,0.411686091331087,0.12068517184233252
27.8,0.6011389389894178,6.92218816267771,5.274131645989653,0.4230415801852969,0.12005274311262124
27.85,0.6036187963750723,6.951406820999259,5.321917293089909,0.4364069173273877,0.11971476165170494
27.9,0.6056397661649929,6.98077730035095,5.367879020084005,0.45197652603359456,0.11992182612719324
27.95,0.6072204057677769,7.010299826646702,5.4124741799770035,0.46968269391223816,0.12058083198682729
28.0,0.6083797483810582,7.0399751908785895,5.456499978955044,0.4891972287415853,0.12119031466278195
28.05,0.6091398431000993,7.069804894836525,5.501014420971667,0.5099201062521502,0.12110071230490475
28.1,0.6095283737355512,7.099791165236626,5.5472117013077895,0.5310105194859773,0.1198976960952512
28.15,0.6095794291405245,7.129936751765465,5.596348604114284,0.5515233012580534,0.11754733133873127
28.2,0.6093334856490201,7.160244635013446,5.649503745840191,0.5705004360807614,0.11434788744891188
28.25,0.608836607901988,7.1907177032355545,5.707410098568108,0.587074777857235,0.11071107519577977
28.3,0.6081388968211178,7.2213584307950285,5.770593985545239,0.6006659318512798,0.10698155424239442
28.35,0.6072934685198068,7.252168635112,5.839407923105941,0.6110753172839279,0.10354233034292286
28.4,0.6063567185757384,7.283149483555149,5.913855939138875,0.6184149066892211,0.10096712047179597
28.45,0.6053880302983702,7.314301714425481,5.99345065333532,0.6230085614680811,0.09976995960137623
28.5,0.6044477497741396,7.345625722878208,6.077244019096945,0.6253744288893994,0.09994641676422701
28.55,0.6035959596394519,7.377121656899079,6.164020140056304,0.6262153223052196,0.10090579841124431
28.6,0.6028929608898718,7.408789675841888,6.252584119302944,0.6263649631251113,0.10179816226402859
28.65,0.6023999435636372,7.440630126820336,6.342073369046141,0.6267134331561677,0.10207115993516866
28.7,0.6021787889793278,7.4726435668704685,6.432139770516137,0.6281244160337497,0.10201587178089488
28.75,0.6022886231528459,7.504830572251024,6.522775623327787,0.6313563941769788,0.10257329437708447
28.8,0.6027814624939452,7.537191723957233,6.613922233334305,0.6369476159993985,0.10447735568417227
28.85,0.6037025511304674,7.569728186621253,6.705167112012545,0.6450314452189012,0.10775581609056892
28.9,0.6050917202344365,7.602442014454869,6.795624595965455,0.6552308435648159,0.11177276229734291
28.95,0.6069830935694999,7.635335895540922,6.883975253146429,0.6667234236080379,0.11540634822881575
29.0,0.609406455481675,7.668412952668686,6.968756746356808,0.6784185241291688,0.11745465199742483
29.05,0.6123904102603992,7.7016766551111475,7.048884183732728,0.6891854281243006,0.1174113373604051
29.1,0.6159632706849483,7.735130531570614,7.123913519289773,0.6980341803718628,0.11585492253625862
29.15,0.6201507423578175,7.768777714924324,7.193927987147731,0.7042299084544119,0.11409881267134168
29.2,0.6249736734670847,7.8026206049974425,7.2592588041923465,0.7073420133397773,0.1136534290165193
29.25,0.6304455740799624,7.836660647332695,7.319876544926625,0.7072025553285417,0.11535438170181057
29.3,0.6365692884505065,7.870898055488877,7.375040024456803,0.7039050381207247,0.1185880906136666
29.35,0.643336548922813,7.905331589953429,7.4239647899453916,0.697937440855223,0.1219598653322805
29.4,0.6507302737316221,7.939958596325463,7.466470006212436,0.6902338265761156,0.12438092053997853
29.45,0.6587293611722213,7.974775677627453,7.503006036222324,0.6819875725177784,0.1254625283777958
29.5,0.6673143845221227,8.00977983049456,7.534664133739771,0.6743804652645684,0.12574128959139338
29.55,0.6764691637282635,8.044969285063491,7.563485408658314,0.6684226615895369,0.12671849801180562
29.6,0.6861783841706629,8.080343988861703,7.592214797577394,0.6647354460447875,0.12987938104002542
29.65,0.6964259899818498,8.115905874835411,7.623197926758836,0.663207645786633,0.13553204845102165
29.7,0.7071928030490504,8.15165841130481,7.657750284984509,0.662941508268954,0.14276912680551082
29.75,0.7184528379822769,8.18760551882978,7.696375285953354,0.6625682864326353,0.15021765743589702
29.8,0.7301742592962234,8.223750766013497,7.739281306216815,0.6606155569853362,0.15704442750479408
29.85,0.7423241353080227,8.260097281904198,7.7866244769371855,0.6557144494841889,0.16336870054892397
29.9,0.7548701530993486,8.296647820119318,7.838253831245315,0.6466965456494947,0.16959744793101358
29.95,0.7677772303177156,8.333404234586215,7.893577365136152,0.6327941280264066,0.17567810278715654
30.0,0.7810043739795782,8.370366923549929,7.951629467125144,0.6138240289887942,0.18083929606662522
30.05,0.7945054108583353,8.407534931171456,8.010984690706476,0.5901781004753265,0.18348974824443237
30.1,0.808232928361598,8.444906349182457,8.069875895879001,0.5627457926394268,0.18177759960521228
30.15,0.8221423579896585,8.482478520146936,8.126663683052405,0.5328357113064071,0.17511300301973107
30.2,0.8361940481140352,8.520248412791368,8.18019144821288,0.5020161562565022,0.16496271497731135
30.25,0.8503543816568726,8.55821349922537,8.229720700854244,0.4718042248358705,0.1542947934514986
30.3,0.864592511515628,8.596372335960929,8.274556898586816,0.44334397131685,0.14627189337294075
30.35,0.8788702712473863,8.634724162897749,8.313869896688422,0.4173333547260045,0.14275388898265645
30.4,0.8931352424028013,8.673268398942877,8.346925757709256,0.3941014784642316,0.14375906452793918
30.45,0.9073211213245737,8.712004397766039,8.373446038579994,0.3736917343511021,0.14796056974639343
30.5,0.9213522487870579,8.75093138601668,8.393794006415078,0.3559072738466682,0.15359969154567918
30.55,0.9351489285814577,8.790048761646341,8.4088526896824,0.3402863085484793,0.15915699772225636
30.6,0.9486282641494516,8.829356017048077,8.41959297296329,0.3261171362546153,0.1632815406835456
30.65,0.9617036752781419,8.868852283177658,8.426525769321705,0.3124907811018484,0.16451812172548327
30.7,0.9742902793843907,8.908536357184742,8.429512845892456,0.2983348650095146,0.16182692725802222
30.75,0.9863117659279875,8.948406873704698,8.428104594415519,0.28253069921718843,0.15546239168995996
30.8,0.9977013982363859,8.98846204000212,8.422051602113362,0.2641236639535628,0.147224900885275
30.85,1.0084007091720677,9.028699522198833,8.411875937406759,0.24250604734619127,0.14019390228196596
30.9,1.018360394119952,9.069116977742638,8.399130860620774,0.21747768548639312,0.1378542197346312
30.95,1.02753711767228,9.109712297847645,8.386020567156155,0.1892672564744195,0.1422386639710331
31.0,1.0358866112918257,9.15048318993094,8.375165187557815,0.15861207289998955,0.15237618425954147
31.05,1.0433633491040448,9.191426934670357,8.36980444531476,0.12672925581470537,0.16493375823175238
31.1,1.0499226774908688,9.23254013877855,8.373456695140671,0.09507646102491622,0.1758297205606211
31.15,1.0555229237789865,9.273818602734819,8.388895400081116,0.06499877104838102,0.1813966678327332
31.2,1.0601346637600382,9.315258165391077,8.417794406973034,0.03744979222363694,0.1797220231151617
31.25,1.063754179295486,9.356856268982298,8.460947819948618,0.01278008849830317,0.17140718339493885
31.3,1.066408785520786,9.398612834238248,8.518182528168909,-0.009360982789261054,0.15888429890123923
31.35,1.0681535814976997,9.44053029518965,8.58807975289128,-0.029983227694237172,0.1450268021421923
31.4,1.0690676810911892,9.482613478386511,8.668234356505769,-0.05059546787664382,0.13220163731816226
31.45,1.0692472056239601,9.524868746403495,8.755941470206086,-0.07284813151869823,0.12203060782303289
31.5,1.0687952909782077,9.567302506890709,8.848675949381484,-0.09810229338614518,0.11524272812562428
31.55,1.0678132802504379,9.609919757664358,8.944086689165083,-0.12712295172582916,0.11164251891468688
31.6,1.0663949188398207,9.652722937637318,9.039694728138358,-0.16000294359661585,0.11099298556910318
31.65,1.0646263018075668,9.695711855800814,9.133013288886929,-0.19626341472598757,0.11409012607685633
31.7,1.0625887265164393,9.738884742444366,9.222026977394767,-0.23496749019468194,0.12218537178881969
31.75,1.0603582601173214,9.782239252763276,9.304990181814341,-0.27487993244627457,0.1350421337590706
31.8,1.058004028598181,9.825772841645902,9.37988618706605,-0.3146702997641054,0.15008157194670743
31.85,1.055588602804422,9.86948251100601,9.445013391525194,-0.3529390147591441,0.16420402495105768
31.9,1.0531699034647812,9.91336480943828,9.500065671665396,-0.3881854844124918,0.17569191452462044
31.95,1.0508029376521633,9.957416368842956,9.546334834464865,-0.418972444094181,0.18437451463477794
32.0,1.0485412194505954,10.001634545301261,9.586131686254763,-0.4442449371947594,0.19111616128364342
32.05,1.0464354812662704,10.04601760234734,9.622165982765425,-0.46353815785444397,0.19727848312475058
32.1,1.0445294765789606,10.090564369889856,9.657097459342438,-0.4770056243173743,0.20415270492972357
32.15,1.0428574531460355,10.135273952215508,9.693156927036226,-0.485392052942137,0.21252750887138858
32.2,1.0414453486644615,10.180145825645312,9.731925691455936,-0.4899919094809098,0.22242188708099708
32.25,1.0403146142940478,10.225180394324592,9.774343657478525,-0.49256577841623445,0.23258282751388334
32.3,1.039489356499822,10.270379638836124,9.820585045164812,-0.4952642284450342,0.2405061773179496
32.35,1.0390012654862673,10.315746739141046,9.869850490973342,-0.5004466100108008,0.2436977887533415
32.4,1.0388874771169454,10.361284660338272,9.920794389406854,-0.5101818977189836,0.24062608869357113
32.45,1.0391858289799456,10.406994824111404,9.972345235864013,-0.525678506227425,0.23116984914183208
32.5,1.0399281930601765,10.452875923674041,10.024025137029094,-0.5469569892597954,0.21738083215817633
32.55,1.041133360678521,10.498923256415402,10.076044388973948,-0.5727579943173097,0.20320608737189716
32.6,1.0428055609324374,10.545129503383826,10.129508816982385,-0.6007514239951042,0.19302785341196763
32.65,1.0449336982389539,10.591485935160069,10.186361083449933,-0.6279612875534988,0.19017339754193194
32.7,1.04749071004236,10.637983411491003,10.248756865454888,-0.6512964165336653,0.19548704870473518
32.75,1.0504369815308854,10.684613049379577,10.318377059661493,-0.6680346201111111,0.20674300388343905
32.8,1.0537259368241698,10.731366589177535,10.39619733893813,-0.6761571935891608,0.21996641211468546
32.85,1.0573097619410832,10.778237106399395,10.482181650597814,-0.6746649712144072,0.23117878434191794
32.9,1.0611462397874363,10.825220027462972,10.575090205648536,-0.663812697562962,0.23729975389466088
32.95,1.0652040507889158,10.872313591898878,10.673048875287805,-0.645059609184997,0.2371256686057616
33.0,1.0694664197106987,10.919518802553185,10.774205454005202,-0.6208418098844617,0.23196513972163882
33.05,1.0739273836313539,10.966838754022241,10.876188984815952,-0.5943256513646412,0.22399652274021578
33.1,1.0785815515986128,11.014277287576775,10.975001591881608,-0.5690328199206613,0.21369065573513357
33.15,1.0834172348424413,11.061837342626415,11.065834705470667,-0.5481283524456843,0.20026149945043803
33.2,1.0884172446732154,11.109519791066885,11.144992184711743,-0.5337354351912638,0.18403386257697776
33.25,1.0935670988737491,11.157323529011917,11.211428102366812,-0.5265862242977337,0.16801409656495353
33.3,1.0988646972774583,11.205246665446776,11.267643238957893,-0.5259318827139651,0.15737638749910482
33.35,1.1043192112712816,11.253287764418733,11.318120243923092,-0.5299231324952248,0.15574910241044837
33.4,1.1099401182301205,11.301445963001488,11.366881026267375,-0.536235483915922,0.16254521808575126
33.45,1.1157248981479069,11.34971992279243,11.41680170752585,-0.5423453848771314,0.17354321567170394
33.5,1.1216575193678051,11.398107131986018,11.469486821031415,-0.5457470615197181,0.18303412690344792
33.55,1.1277196695868628,11.446604333859527,11.525256375748716,-0.5443166129520847,0.1868958393584829
33.6,1.133899870918558,11.495208305765507,11.583999718382275,-0.5364651282003433,0.18465967944898562
33.65,1.1401939960603273,11.543916379591177,11.64636789702532,-0.5210879923972179,0.17969252629023058
33.7,1.1466016135750496,11.59272687504554,11.715048528289143,-0.49744350246984187,0.17839297349805702
33.75,1.1531189928226309,11.64163966679781,11.794676485735035,-0.46520282029244625,0.18690306067675205
33.8,1.1597321536646514,11.690656681903173,11.888988778989464,-0.4249784247252381,0.20663328031874414
33.85,1.1664140598429746,11.739781854118988,11.997341945010476,-0.3789405438687347,0.23207881661594906
33.9,1.1731300659330808,11.789020585748618,12.114006007935423,-0.33074064537736525,0.2524820063754482
33.95,1.179856622544248,11.838378892674008,12.23180134034755,-0.2844563603360398,0.25846247329008415
34.0,1.1865943841411155,11.88786187785657,12.346503806017406,-0.24328876922526188,0.24843476766984945
34.05,1.1933618812402094,11.937472242942585,12.45750014174949,-0.20896944404674297,0.2289289549718703
34.1,1.2001839604411204,11.987210311016975,12.565004644025848,-0.18203312228691151,0.20963854143200655
34.15,1.207089957388997,12.03707559481086,12.667296669262532,-0.1624035452319543,0.19782284602053835
34.2,1.2141174409316637,12.087068224552432,12.760902213901549,-0.14956984368311926,0.19623971155998768
34.25,1.2213051066102683,12.137188461140886,12.843086470241309,-0.14217961380354047,0.2043535879032984
34.3,1.2286795286934682,12.187435496737537,12.9137287686382,-0.13774075852928808,0.22035369824774081
34.35,1.2362402676230213,12.237806831345342,12.97504502611701,-0.13287813316841865,0.24201385070794407
34.4,1.2439447092633558,12.288298123315338,13.030208966199357,-0.12391547604870398,0.2663036204698496
34.45,1.2517051139073059,12.338903900326802,13.082183607661232,-0.10759587962051421,0.2894910620290736
34.5,1.2593982364975789,12.389619059823454,13.132578369437622,-0.08184806066075485,0.30766069230974885
34.55,1.2668810546484408,12.440440300344273,13.180971376326628,-0.04627815864054707,0.3177249315694223
34.6,1.274008946396782,12.491366827462265,13.225399768216299,-0.002196640391210424,0.31981340264999925
34.65,1.2806438712333859,12.542400002720733,13.262052178443453,0.04744331723448169,0.3186869870357157
34.7,1.286647984412944,12.593542441601143,13.284440937704124,0.09830820548487199,0.32127161245269825
34.75,1.291866255632762,12.644796450515166,13.2850253234305,0.14578930426995837,0.33224228139788453
34.8,1.2961149092948863,12.696162232915912,13.257688258231687,0.1862269061887741,0.3524112085403944
34.85,1.2991904319971017,12.747637570763098,13.198181888714583,0.21732035214505158,0.37877521411968434
34.9,1.3008875072071833,12.799218198403873,13.103750261018087,0.23814121256749202,0.40549502217913364
34.95,1.3010096526373989,12.850897207503587,12.973837834701587,0.24929073362611917,0.4276736388410678
35.0,1.2993719442951992,12.902664302617925,12.810563087897282,0.2529131482785374,0.44447378455707914
35.05,1.295804539259881,12.9545063408111,12.618192955283705,0.25232485935389637,0.4591981125466649
35.1,1.2901553815472564,13.00640914407061,12.401856395353745,0.2512917838806081,0.476670522536524
35.15,1.2822955711725583,13.0583601097398,12.166565756400548,0.25321819609352897,0.49878936671154417
35.2,1.272129220370257,13.110350285813597,11.917939805691857,0.26071179108114173,0.5224130215173927
35.25,1.2595900607343167,13.162373782231878,11.663514919870805,0.27565059940585607,0.5421365082876791
35.3,1.2446359583157178,13.214426445741207,11.412838713765982,0.2992272184812635,0.554266307143716
35.35,1.2272536763783572,13.266505894991909,11.175502336593327,0.33157588733728005,0.5580061994024637
35.4,1.207460588729342,13.318611792182539,10.9583866714857,0.3713820894966035,0.5540875348195117
35.45,1.1853037326230806,13.370745860735761,10.764212561350496,0.415886222980016,0.5432493870130104
35.5,1.1608587015104805,13.422911290656842,10.592410008900782,0.4613903402438592,0.5263749702189525
35.55,1.1342257190564655,13.47511141570186,10.440957308018328,0.5040213012363511,0.5055696258063124
35.6,1.1055314709065927,13.527349084136242,10.307397596108204,0.5402992654361649,0.48390697164694946
35.65,1.0749321480975644,13.579626577489556,10.188873106935791,0.5674780145465463,0.4635853912106423
35.7,1.0426146312530888,13.631945463231629,10.081942255017404,0.5837801656684276,0.4447790143793261
35.75,1.0087935045582899,13.684306101418036,9.982713483405881,0.5885916557289799,0.42635637944771926
35.8,0.9737008158732087,13.736706781621304,9.88640594347154,0.5825321792130072,0.40699085613964453
35.85,0.9375780139606221,13.789143408249712,9.786514255587344,0.5673441375007139,0.38492920270762865
35.9,0.9006742570774495,13.841609709569369,9.676047316259167,0.5457928082091704,0.35858680280180977
35.95,0.8632529909925827,13.894097994630517,9.550138323997249,0.5214301283167438,0.32923361662906586
36.0,0.8255960496743606,13.946600613574804,9.406871619659476,0.49805958642827514,0.3013247327146219
36.05,0.7879930360326812,13.999111195645684,9.246266160387014,0.479154253762074,0.2796111805633233
36.1,0.7507254314694092,14.051625175316152,9.069056669464064,0.46739807273278766,0.2666543529283387
36.15,0.7140530944446686,14.104139709185187,8.876377236532829,0.4644078830516793,0.26240865104901173
36.2,0.6782028770239988,14.156653004696912,8.671187063743863,0.47072665869012126,0.2658670063152009
36.25,0.6433687454548621,14.209164238271557,8.458906260981028,0.48582580816825643,0.275948492394182
36.3,0.6097209538500654,14.261674267826676,8.244577360570984,0.5079612750301464,0.2893246618479011
36.35,0.5774214881423655,14.314186094176218,8.032078327578372,0.5342370913923692,0.30148970234564065
36.4,0.5466430828843134,14.366704995211677,7.827862715126032,0.5609998127919809,0.31180718742597807
36.45,0.5175739179925782,14.419238323728296,7.641454301415142,0.5842682352783977,0.3230188772273324
36.5,0.49040549473046635,14.471794532934622,7.479717850565255,0.6000301333370316,0.33556609735135967
36.55,0.4653155615572686,14.52438111906392,7.343992700437896,0.6047508192615251,0.34651395086195563
36.6,0.4424585260881559,14.577002548946618,7.231719142114611,0.5960136113559571,0.35311069506313614
36.65,0.42195573176473505,14.629658557064882,7.138295532732485,0.573037373765216,0.35518552805786274
36.7,0.4038810273613038,14.682342949417002,7.058253217393217,0.5369949846435158,0.35435166061966084
36.75,0.3882588981228612,14.735044359530837,6.984967247071903,0.49085682527483365,0.35090087429344585
36.8,0.375079190927514,14.787748547454452,6.910350264711967,0.4388126823473046,0.3428972967721591
36.85,0.36431460827485895,14.840440460706711,6.826622039125941,0.38562652626696725,0.3292680291853016
36.9,0.35593562978392346,14.89310621627639,6.72843170811121,0.33595942698141623,0.3116675003997971
36.95,0.3499149917803184,14.945734542611524,6.613372121269487,0.2937449790337523,0.2930085475598844
37.0,0.34621501227535956,14.998316748355116,6.481674961634306,0.26182238253918444,0.2756888270269185
37.05,0.34477746212463,15.050846634084326,6.336334199474687,0.24170684595867512,0.26096533331084226
37.1,0.34552851343622554,15.10332119439945,6.182708472214464,0.23335907339668613,0.24931476208123574
37.15,0.3483919093873394,15.155741523316395,6.027145792297251,0.235015357384335,0.24118961833277605
37.2,0.35329958349156176,15.208113187840091,5.875097145045641,0.24323692690584184,0.23690182834722942
37.25,0.3601855683138643,15.2604449727897,5.7302060485190305,0.25338786136718716,0.23594343493361414
37.3,0.36897615220431207,15.312746929431592,5.59569912067866,0.2603647267423365,0.23773438967996968
37.35,0.3795866785381961,15.365028745232339,5.475289357680785,0.2593103841810657,0.24262133841185937
37.4,0.39191492006348,15.417298075158943,5.371404074614252,0.24628250280763808,0.2506274097960814
37.45,0.40584097266980385,15.469559544375958,5.282914016819646,0.21873855078954693,0.2602760033844745
37.5,0.4212372400061794,15.521814833035183,5.203754307034529,0.17577025514003666,0.2682240498540523
37.55,0.43797198276150634,15.574062633267772,5.124397277112539,0.11826616058799257,0.26976356307368804
37.6,0.45591104244073694,15.626298361139021,5.036675273056795,0.048928272650384234,0.26240175078942335
37.65,0.47491749993041826,15.678514289577208,4.93758753617222,-0.028015232762675805,0.24816970681963577
37.7,0.49484499932872583,15.730700209385246,4.830516802309706,-0.10733473428626816,0.23280851592903234
37.75,0.5155314938025408,15.782844527167777,4.722924188725353,-0.18342997237633435,0.22308346719653888
37.8,0.53679195783173,15.834935426455203,4.621680172725938,-0.25095662224991067,0.22223034984682305
37.85,0.5584182527986208,15.886962153815764,4.531872838975183,-0.3054756662345583,0.2289972068323535
37.9,0.5801941955948398,15.938916988808456,4.459319609885472,-0.3441340028752422,0.23974285922794933
37.95,0.6019125948314928,15.990797107847062,4.411320714002693,-0.3661638783450544,0.24903259511262618
38.0,0.6233889534146398,16.042605276438405,4.394143870977505,-0.373044209454197,0.251224567198006
38.05,0.6444663484959599,16.09434919122942,4.409774671062765,-0.3682649884319997,0.24149875525497513
38.1,0.6650111296683101,16.146039668081816,4.453889765209688,-0.3567175439569321,0.21619696414162562
38.15,0.6849060112822309,16.197688164121143,4.517474492865048,-0.34388878861744515,0.17611088325164156
38.2,0.7040526065716933,16.249305467912674,4.590691602937707,-0.33518121437933396,0.12815768075600553
38.25,0.7223801627562337,16.3009017994362,4.666155262715085,-0.3354355160721868,0.0828902630167631
38.3,0.7398346107072241,16.352486058273687,4.740508792664243,-0.3483800344600059,0.05037830679272426
38.35,0.7563601969550561,16.40406461012112,4.813620402334587,-0.3760782010422993,0.03584394998040308
38.4,0.7718870767631977,16.455640247354985,4.88711482044975,-0.418584471314566,0.038232714136695115
38.45,0.7863251462149039,16.507211456643226,4.963523340648956,-0.47389561498124033,0.05214855303952862
38.5,0.799566409676687,16.558772467029044,5.045355783905496,-0.538196123573467,0.0701191802272499
38.55,0.8114916861747343,16.610313958464637,5.134352313081221,-0.6063364830956612,0.08480027644202298
38.6,0.8219843976432462,16.661824591968493,5.231328398475549,-0.6725289918095662,0.09141324258312766
38.65,0.8309411760058418,16.713292597398453,5.336179844770094,-0.7310835153675449,0.0891365393145833
38.7,0.8382628206972578,16.764706108847776,5.44770924412535,-0.7769334609066632,0.08042214481236463
38.75,0.8438496060030338,16.81605404762251,5.5634486398306535,-0.8061677363034836,0.06897183353258335
38.8,0.8476171302961931,16.86732876053852,5.680110769976056,-0.8166960523802019,0.05779275360222795
38.85,0.8495076938151436,16.91852773044457,5.794503132041797,-0.8086333887312831,0.04836161916207632
38.9,0.8495004489238732,16.9696542935332,5.904329202461486,-0.7843585468532837,0.04104778532584191
38.95,0.8476179031850061,17.02071736493066,6.008195204681872,-0.7482565705982519,0.03582764563205304
39.0,0.8439114737555544,17.07172911545276,6.105141516374704,-0.706028234857343,0.0328279833045539
39.05,0.8384480613043269,17.122702685239272,6.194978991347531,-0.6638663650625141,0.032828756479719376
39.1,0.8313083256365794,17.173650872678234,6.278564716873149,-0.6276867640906251,0.03677634179838899
39.15,0.822579691597246,17.224584618737673,6.3574085118816015,-0.6023241101382267,0.043932570422994394
39.2,0.8123398533769478,17.275511010017006,6.432735560892418,-0.5907901339826329,0.05013417712899957
39.25,0.8006492438512163,17.326431862113083,6.5045116115213535,-0.593877426491929,0.048850487338662874
39.3,0.7875650157107983,17.37734380194799,6.5722483455121745,-0.6101927177688996,0.035755138773837625
39.35,0.7731652277380072,17.42823976577949,6.636677246390061,-0.6365179457309119,0.012702583975654087
39.4,0.7575644428914629,17.479110813980142,6.700489572844974,-0.6684188855083748,-0.010467741657162164
39.45,0.7409059252084637,17.52994734679439,6.766369622591806,-0.7009610621825438,-0.019070647767796323
39.5,0.7233382153807221,17.5807401375804,6.834331500157859,-0.7292878538512118,-0.0028102312570078567
39.55,0.7049968483103027,17.631481348348565,6.901549748749573,-0.7490419359057775,0.03708197245333817
39.6,0.6860052693523984,17.68216545233203,6.9639476963170415,-0.7568020407857747,0.08896885996939191
39.65,0.6664946800119368,17.73279013731476,7.019016597558268,-0.7504791453957504,0.13838873454981204
39.7,0.6466180220414731,17.783356562973896,7.067590011540719,-0.7295073692961063,0.17468749037419984
39.75,0.6265500808775564,17.83386910443395,7.1126764656068024,-0.6948721685803361,0.1927660866044733
39.8,0.6064864612285622,17.884335069933165,7.157388196687165,-0.649025837384,0.19264152775782395
39.85,0.5866418834734387,17.934764092962613,7.204104856187382,-0.595607069973924,0.17902659361901557
39.9,0.5672430841422925,17.985167210816027,7.254285137601639,-0.5389779385837873,0.15935491423284157
39.95,0.5485170730449092,18.0355557726967,7.308146843672378,-0.4836981314541408,0.14065697263801494
40.0,0.5306767906541308,18.08594007859789,7.364311657677366,-0.4340047753547467,0.12761969854411745
40.05,0.5139108047514318,18.136328027155585,7.41975906464725,-0.393335710546149,0.12244241509970898
40.1,0.49837826073989633,18.18672412635082,7.470577301602658,-0.3639105234103726,0.12550952861785833
40.15,0.4842092851747611,18.23712919690401,7.513264430031365,-0.3464429083100353,0.13627753205760487
40.2,0.4715108782973276,18.28754078201677,7.546213719554831,-0.3400197175742917,0.15393742092346704
40.25,0.4603763739949481,18.33795415813976,7.570711829992704,-0.3421983505561197,0.17730252845001435
40.3,0.45089235469729005,18.388363448141863,7.590500464357796,-0.34934507040731533,0.20435129167077162
40.35,0.4431340373706725,18.438762010002872,7.610506558468237,-0.35706596601728047,0.23215928688714121
40.4,0.43716025716679474,18.48914293284951,7.635276227899414,-0.36078051353043306,0.2570987249695191
40.45,0.43302017454285674,18.539500348594316,7.667619972307817,-0.35645888563882533,0.2758788873049403
40.5,0.43076610169553536,18.589830852788374,7.7081894519906085,-0.3412858976684392,0.2877852244632008
40.55,0.43045360074228256,18.640133993923786,7.755238684915728,-0.3140109522373828,0.29492222831581605
40.6,0.4321280742740538,18.690412022603756,7.804622069337278,-0.2749652491449396,0.29928976292027915
40.65,0.4358155703760348,18.74066948961881,7.851378359411132,-0.22583801082578087,0.30139255297812917
40.7,0.44152509804388346,18.79091293757748,7.89178087786143,-0.1693760086039217,0.301917520594445
40.75,0.4492497058254079,18.841150439352727,7.923524718297166,-0.10908177483455575,0.30196871599770486
40.8,0.45896308247681156,18.89139076000281,7.944787114382761,-0.048853863757479285,0.30187107341706915
40.85,0.4706158331339174,18.941642116036046,7.954062731664995,0.007503441446845824,0.3014133662926333
40.9,0.4841297067055028,18.99191066850917,7.950493334239248,0.056837892173759307,0.3006735233086944
40.95,0.4993968805124319,19.042199543427042,7.934982815882613,0.09713112077757757,0.30125405629008734
41.0,0.5162831238780519,19.09250872902685,7.91081380671449,0.1277542735100551,0.3059562638267957
41.05,0.5346271294647512,19.142835451508464,7.8813077232989945,0.14935584437529528,0.3151858269651015
41.1,0.5542453982687687,19.1931749381264,7.847654795379963,0.16353695435502966,0.32539811832497384
41.15,0.5749424346801525,19.243521278757456,7.8087854662654355,0.17252876231339204,0.33066528701748865
41.2,0.5965177569652635,19.293867743177643,7.763096548473323,0.17899269657136724,0.3263186070642558
41.25,0.6187763711690543,19.344207431037148,7.7110358551436065,0.18580929615391148,0.3129127876633514
41.3,0.6415326683854462,19.39453416681263,7.655552924936141,0.19574364062165756,0.29617142820356385
41.35,0.6645993622345168,19.44484285730049,7.5999320717168555,0.21106251909593074,0.2826512874456835
41.4,0.6877814558241474,19.495130105980152,7.545079584797152,0.233116264432781,0.27504644916707943
41.45,0.71087821588857,19.545394495150887,7.489256470119587,0.2621554397262233,0.2718579225932491
41.5,0.733686128055982,19.59563612883442,7.430482090043829,0.29746226340616033,0.2710887086070073
41.55,0.7560110238628136,19.645856877948717,7.368915494860539,0.33749384414320543,0.27319722220172443
41.6,0.7776813858974073,19.696061097686073,7.307352149516526,0.3800066511997441,0.2799061278234429
41.65,0.7985467425003212,19.746255424792547,7.250107508252778,0.42229212514495784,0.2909275058399427
41.7,0.8184682979111723,19.79644766916523,7.201926981290823,0.46153293590951405,0.302584802859134
41.75,0.8373161167206274,19.846645504609526,7.167142131425486,0.49516594967472455,0.30941081435652595
41.8,0.8549702513030873,19.896855168773524,7.148155610937034,0.5211604657256863,0.30690998868669717
41.85,0.8713203597990822,19.947080360729753,7.144370733865817,0.5382677765213869,0.29324306835331004
41.9,0.8862684865624862,19.99732193820927,7.1524397880615105,0.546209030134767,0.2694378179164193
41.95,0.8997288400388268,20.04757796991528,7.167134553467557,0.5457705113329189,0.23854274420649096
42.0,0.9116217804893982,20.097843730864636,7.18262383248274,0.5387833880402936,0.2047163986082153
42.05,0.9218715342446181,20.14811231749787,7.19379267006842,0.5278805993039358,0.172658350035001
42.1,0.9304094714368886,20.19837605232489,7.196916140183427,0.516055479874194,0.1466869884969945
42.15,0.9371808825129491,20.24862812030116,7.190937679342494,0.5061844981737549,0.1309750286004725
42.2,0.9421485162387085,20.29886370512817,7.178473855988644,0.5006277459265047,0.12999972092981904
42.25,0.945285273856986,20.349080380950745,7.164031916327535,0.5009274722666145,0.1454565023100221
42.3,0.9465684779372803,20.399278247794815,7.151464479879223,0.5075769809618882,0.1734967999844291
42.35,0.9459847607286851,20.44946002989335,7.142398253918183,0.5198763559471766,0.20557870026720357
42.4,0.9435411993444399,20.499630929787138,7.136349526567124,0.5360047231002506,0.2318597774261262
42.45,0.9392791251249157,20.549798275150163,7.132667090267748,0.5533143878083006,0.24618809722637905
42.5,0.9332808092752689,20.599971019404702,7.131175755238651,0.5686918009508227,0.2480557313621006
42.55,0.9256611542634652,20.650158766072835,7.131023845060056,0.5789781330779209,0.239944887786896
42.6,0.9165499972328819,20.700370050962768,7.13021945691131,0.5814947799835737,0.22495018608708658
42.65,0.9060820730351691,20.750611013199535,7.126053508080273,0.5744612795624542,0.2069797324180405
42.7,0.8943964138245838,20.800885229597686,7.115845173512246,0.5571788895662282,0.19105093340496646
42.75,0.88162275284348,20.85119310352387,7.097338976746504,0.5301841080202834,0.18175711539266579
42.8,0.8678607617252359,20.901530913966216,7.068298271761733,0.4953239482696548,0.180657357532675
42.85,0.8531735807011918,20.95189075231516,7.026767022029394,0.4555944533510369,0.18580336988570587
42.9,0.8375924914467603,21.002261118900112,6.97243963171689,0.41479624849631463,0.19420743971085033
42.95,0.8211331648902165,21.05262896598103,6.907085333129748,0.3769089071844494,0.20367957124545794
43.0,0.8038126926275087,21.102982234745618,6.833036201433084,0.34536081265754065,0.21205188659395668
43.05,0.7856621221162456,21.153311548811015,6.751908828371231,0.3224752165870682,0.21715039633434363
43.1,0.7667366719673095,21.20361106447661,6.665125294392324,0.3091743280022217,0.21866038746091368
43.15,0.7471219769669634,21.253878970103546,6.575066421415028,0.30487837244297133,0.21881805116740044
43.2,0.7269339390484136,21.30411767228759,6.484902530410513,0.30754375649079346,0.22047908036286404
43.25,0.7063093708899592,21.35433307980145,6.3974726081660425,0.3139184685276846,0.22482713499074883
43.3,0.6854007575785144,21.404533623050764,6.314555005985095,0.31996642390050584,0.23068213949436164
43.35,0.6643705147939194,21.454728646981195,6.2367190027245485,0.321476104900297,0.23511346052152182
43.4,0.643377496671164,21.50492606507752,6.163588340665681,0.3147775695058901,0.23478389158622764
43.45,0.6225780390265526,21.55513140112364,6.09395201708547,0.29720270361699885,0.2276361654314984
43.5,0.6021326880113449,21.605347694137233,6.025650905176056,0.26734019641319423,0.2138607002153657
43.55,0.5822041434611122,21.655575247415374,5.955888917734121,0.2251979963799428,0.1961306301578444
43.6,0.5629522120193698,21.705811613686922,5.882071463299427,0.17219974332202195,0.1793796229113663
43.65,0.5445272851754596,21.756051880519184,5.802913542439117,0.11103908297511572,0.16919026173685006
43.7,0.5270654990386584,21.80628931331481,5.72010668225629,0.04539412591808771,0.17033105003239532
43.75,0.5106852043599048,21.85651608552612,5.638406195864063,-0.020498805440860208,0.18573695156160258
43.8,0.49548522798364736,21.906724306393087,5.563080815380756,-0.08239767226605169,0.2138821728563315
43.85,0.4815466519809945,21.95690722087642,5.498176045729853,-0.1366263234074384,0.24761158590327326
43.9,0.4689343985218609,22.007059833076827,5.44536528710401,-0.180534519040212,0.27546002710713147
43.95,0.4577028305098621,22.05717902081785,5.403531206799913,-0.21278322647046954,0.28586693352937015
44.0,0.44790992943999935,22.107263728242682,5.371236253799353,-0.23344337474700091,0.2742122288368586
44.05,0.43962676218809904,22.15731536571815,5.3485431789637135,-0.24397984978322762,0.2457350453310254
44.1,0.43293439025146185,22.20733800257557,5.336913652681159,-0.24708188656573765,0.21217857015307215
44.15,0.42791272918431805,22.257338031219547,5.338127663539515,-0.24629868596704618,0.18468221115345526
44.2,0.42463287867364446,22.307323722325993,5.352785542311055,-0.2456228520326563,0.1678487644243215
44.25,0.42315651933922194,22.35730443270826,5.380110289926934,-0.24903602786948334,0.15954575189901327
44.3,0.42353612494082216,22.407289234874458,5.4190027750251,-0.2599948219146434,0.1545514298105688
44.35,0.4258153716108612,22.457285575560523,5.468844092729093,-0.2809723067877235,0.148161459982612
44.4,0.43002592693831976,22.5072980525649,5.5293834884032,-0.3131044638187335,0.13811584065889268
44.45,0.4361818269957982,22.557327717291948,5.599885978541935,-0.3560069104609015,0.12431551524906452
44.5,0.44427702703610494,22.607372308492057,5.678208695664258,-0.407822814478264,0.10712623011124305
44.55,0.45428431290569204,22.65742677498079,5.7608194213671045,-0.46545542886646607,0.08696789457958666
44.6,0.46615693007065806,22.707484000137285,5.843599260605131,-0.5249758818435579,0.06562446450622876
44.65,0.47983551552564696,22.757536206922442,5.922988379350356,-0.582181728256117,0.04719042668892521
44.7,0.49525500044181564,22.807576808504066,5.997103442547423,-0.6332070007501213,0.037391034903933265
44.75,0.5123388812145532,22.857601450566722,6.065815144460394,-0.6750099674325227,0.04129668341255311
44.8,0.5309821970918006,22.907607809191507,6.130179896696805,-0.7056227100232174,0.060742104785106256
44.85,0.551041723414999,22.95759520624052,6.191408760899434,-0.7242794265576441,0.0929391236486537
44.9,0.5723312915226547,23.00756390310439,6.249703884939778,-0.7313856542340629,0.13058073150316082
44.95,0.5946219195371922,23.057514026682455,6.304375705072838,-0.7282969679575904,0.16420350996836683
45.0,0.6176647133596053,23.10744595862066,6.354788814578865,-0.7172145843068792,0.1864066288579342
45.05,0.6412192898024655,23.157361501826337,6.400877527484076,-0.7011020357103503,0.19449945045506628
45.1,0.665066842053372,23.207264098747647,6.4436711032196685,-0.6833746044544207,0.1906446757223105
45.15,0.6890172721892971,23.257158769974964,6.485685007353705,-0.6675338508363767,0.18049476206914655
45.2,0.7129131081246635,23.30705195840946,6.529856844176862,-0.6568463690676508,0.17036971163570036
45.25,0.7366241887924116,23.356950591375437,6.5779847917393885,-0.6539747052054964,0.1646676110263721
45.3,0.7600375240656121,23.406860872358617,6.630429378989571,-0.6606010909539342,0.16484948215278786
45.35,0.7830504890896138,23.456787454223342,6.68681535445275,-0.6771844757538661,0.170173355219147
45.4,0.8055637638412015,23.50673270113752,6.747108366073118,-0.7028155813161009,0.17897822194838078
45.45,0.8274680389197426,23.556695758124146,6.8132673120707965,-0.7350836270683987,0.18955810271620352
45.5,0.8486290746662926,23.606671772868363,6.889415253255389,-0.7701649426654671,0.2006071152804837
45.55,0.868881292471991,23.656652119561013,6.979335698039262,-0.8033323843624735,0.21076457880925406
45.6,0.8880345681777757,23.706625947380047,7.084411853688785,-0.829713763562437,0.21807673628431534
45.65,0.9058852840143184,23.75658203818833,7.201056984245481,-0.8451757574380022,0.21950195714224854
45.7,0.9222348913386269,23.806510679887623,7.320174752241903,-0.8470481865227402,0.21264581089230838
45.75,0.9369100656601012,23.85640523928132,7.43271457814608,-0.8342542098146996,0.19938725328283838
45.8,0.9497761909885613,23.906263448385936,7.533614011652938,-0.8073137473660847,0.1861437723850618
45.85,0.960740796227584,23.956088050312754,7.621239929101848,-0.7683835749815934,0.18058280152608114
45.9,0.969745599071537,24.005886271401433,7.695558684105452,-0.7210274478545978,0.18707865786747335
45.95,0.9767557802204245,24.055668428551485,7.756887521684358,-0.6697281685513659,0.20403895174425843
46.0,0.9817460106220263,24.10544544486594,7.8063846510238495,-0.6191550285891718,0.22580171022328369
46.05,0.9846891276829843,24.155226252373044,7.847098724556903,-0.5734032283256262,0.2467853139948678
46.1,0.9855620035134551,24.205017031047532,7.883369854239575,-0.5355680865602137,0.2631763492588271
46.15,0.9843583552617684,24.254821502062953,7.919008344461261,-0.5075699531716028,0.27237380227344893
46.2,0.9810989771122121,24.304641247937635,7.955981017243811,-0.4900888690458432,0.273105194149552
46.25,0.9758372954147058,24.354475951850944,7.9943896945739406,-0.4825511873577302,0.26625709423457644
46.3,0.96866152609463,24.404323821563597,8.033403800112762,-0.4831817618610523,0.25474472927203673
46.35,0.9596922079751036,24.454182164245243,8.072029703738794,-0.48919398014215637,0.2421082736265624
46.4,0.9490689723342054,24.50404738506417,8.109439186300213,-0.4970509904480845,0.2312868330183224
46.45,0.936935527792251,24.55391497632401,8.14495040620634,-0.5028169858339274,0.2237479498150593
46.5,0.9234296042335981,24.603779860430883,8.17804534598469,-0.5025838765422959,0.21934508563715263
46.55,0.9086796416637613,24.65363692522746,8.208771960582741,-0.4929079377283714,0.21746679807918184
46.6,0.8928140901341858,24.703482447731364,8.23774156580738,-0.47133442834963,0.21792931022522208
46.65,0.8759706271621417,24.75331561544834,8.265008968120695,-0.4368962300730695,0.22027402216232117
46.7,0.8582964227800064,24.80313904201861,8.289123482930696,-0.3903245710901268,0.22270619484085877
46.75,0.8399471882592778,24.852958404141955,8.307978870189451,-0.3338743154241556,0.22281827962913445
46.8,0.8210849934742928,24.902781425657874,8.320387535724862,-0.27090465959343524,0.21955804764407064
46.85,0.8018744615093548,24.952616724596528,8.326898650577057,-0.2054056991985881,0.21441314141224618
46.9,0.7824732448312396,25.002472429049888,8.329065629298388,-0.1415089292764074,0.2105595108463949
46.95,0.7630185452265228,25.052354682840644,8.327424722768693,-0.0830283359932453,0.2103217462377211
47.0,0.7436232628292383,25.102266743779772,8.320445944139472,-0.033068644487480064,0.21428627778243006
47.05,0.7243848568235144,25.152208905780682,8.30579309681365,0.006342344615659917,0.22274779917867363
47.1,0.705393745940322,25.2021787940965,8.282263822869503,0.034544957887756765,0.23636880083942877
47.15,0.6867354292977732,25.252171798622307,8.249948969814422,0.05228386983141667,0.2549858109879798
47.2,0.6684930627725912,25.302181643661804,8.209786647449945,0.06154007293373888,0.277134328714777
47.25,0.6507511526382347,25.35220113445839,8.164367627072338,0.06535143954823014,0.299960376960352
47.3,0.6335994067617547,25.402223183244658,8.118599655706085,0.06752420547591856,0.3182776268642715
47.35,0.6171431519951108,25.452241980924814,8.07833346028859,0.07200799494278817,0.325986335468675
47.4,0.601511916340024,25.502253693910305,8.049017985359866,0.0822451723926266,0.32033274906509807
47.45,0.5868532016698543,25.552256527205007,8.035030679579808,0.10075941357420835,0.3037762792117567
47.5,0.5733143604900456,25.60225040056584,8.037959022455253,0.1288515585156888,0.281436531735864
47.55,0.5610217289648355,25.65223620027247,8.05568237590588,0.166502265084118,0.2581433764340972
47.6,0.5500727262855182,25.702215495710163,8.083692431873388,0.21248796359050992,0.23765499977424423
47.65,0.5405396683556317,25.752190779674223,8.11795106382013,0.2646496619727623,0.2233275281761896
47.7,0.5324724540677257,25.802165533556348,8.156695632913722,0.32023038782826063,0.21750106729117258
47.75,0.5258993056443868,25.85214402418073,8.199066293616555,0.3761217681236021,0.21915771735383013
47.8,0.5208283981163678,25.902130888499528,8.242748271725986,0.42910114372504854,0.2221963559879244
47.85,0.5172531202009764,25.952130345545754,8.283368204513929,0.47616512096618463,0.21752776580893277
47.9,0.5151654700023127,26.00214544269261,8.316475660562144,0.514887364349659,0.1995153422350515
47.95,0.5145690833154636,26.05217794825177,8.339533264172482,0.5436759036358264,0.1700274721965008
48.0,0.5154802385028537,26.102228361526638,8.351599667968497,0.5619127822409322,0.13688197231558807
48.05,0.5179224892458065,26.15229593717844,8.352386988753704,0.5700032389125795,0.10997098904531755
48.1,0.5219139556905071,26.202378677207292,8.341485882482866,0.5693564666173833,0.09637760520912268
48.15,0.5274431961373345,26.25247277187656,8.317982287075875,0.5623639797566735,0.0960626909762036
48.2,0.5344616697057881,26.302572754037065,8.280585206567999,0.5521441995623524,0.10203873192458311
48.25,0.542897643572759,26.352672522757263,8.227766028897316,0.5419866711506379,0.10551848738922347
48.3,0.552666685503909,26.402766030083423,8.158574103979184,0.534861859509503,0.10177552016202131
48.35,0.5636762830891133,26.45284807730359,8.074120654226551,0.5331279798402164,0.09184036554701795
48.4,0.5758350875369729,26.502915622071285,7.979334966546467,0.5383120593047749,0.08097541519558131
48.45,0.5890580671806434,26.552968431302702,7.88429424696937,0.5509701223591944,0.07827033337272374
48.5,0.6032511875249196,26.6030086120014,7.800991241876565,0.570572665607762,0.09268760316989103
48.55,0.6182896523918306,26.653040185828782,7.7372019298154395,0.5953907686655571,0.12429796538461658
48.6,0.6340213396205829,26.7030690912346,7.6945752259443,0.6225823899791476,0.16196736808821438
48.65,0.6502940770094124,26.75310295566142,7.670728182733043,0.6485536845005241,0.1896846216164533
48.7,0.6669857963847048,26.80315021098916,7.662975219353292,0.6695230858076591,0.19667741752122114
48.75,0.6840080663939176,26.853218192665988,7.670698748419103,0.6822131484820425,0.18341490992543677
48.8,0.7012850408363975,26.90331135758222,7.694218973267651,0.6843826374413157,0.159189600309309
48.85,0.7187355918421285,26.9534308315571,7.7320153538054885,0.6749900770798425,0.13574472204203586
48.9,0.7362615731975701,27.003574620578675,7.779475990886172,0.6542065229676433,0.1218688481619045
48.95,0.7537403640729488,27.05373802985142,7.830269972736263,0.6234235038865202,0.12092707846478729
49.0,0.7710258563127784,27.103914240666402,7.877489339205189,0.5851122132238401,0.13047355253259107
49.05,0.7879615796999929,27.15409526631451,7.914020968211683,0.5424492850125074,0.14426520871373433
49.1,0.8044062874891603,27.204273774969163,7.9338083534863095,0.498770509494073,0.15666532388775006
49.15,0.8202521608231103,27.254444858079513,7.9327246212472495,0.457060467734577,0.1650699397676589
49.2,0.8354187589771578,27.3046061425146,7.908836921918558,0.4197295732600893,0.1694589620866675
49.25,0.8498409955746766,27.35475723523238,7.862919845510314,0.38852169127962694,0.17198688160937348
49.3,0.8634606605265617,27.404899507423252,7.798013117731126,0.36438033275195986,0.17568973266443957
49.35,0.8762133597201394,27.45503558740459,7.718129278749909,0.3473961959241451,0.18182885749129524
49.4,0.8880212257224422,27.505168942066277,7.627400578175972,0.3368096414179322,0.18873846136261418
49.45,0.8987975309253672,27.555303796292744,7.530310152289034,0.3310664152231689,0.19355986741407455
49.5,0.908456057490126,27.60544523886683,7.432108991450798,0.32793876704602043,0.19454800652593365
49.55,0.916918031286615,27.655599154190604,7.337604170535732,0.32467689048152815,0.1916250487208239
49.6,0.9241081004289103,27.705771118816166,7.249192254527204,0.31833057163836986,0.18529544476195703
49.65,0.9299446620737861,27.755964705617814,7.165823901804784,0.30622520328545205,0.17554493500252125
49.7,0.9343397558331836,27.806180642725288,7.083882178246991,0.286381112182985,0.16250125082136027
49.75,0.9372120625449865,27.856417466022535,6.99945671721305,0.25773204423034995,0.14782771048415894
49.8,0.9384985604319481,27.906672355538586,6.91036254332718,0.22021295279966216,0.13554155697118514
49.85,0.9381575474028714,27.956941579334917,6.816310465522504,0.17469885751410227,0.13106511528535794
49.9,0.936160462380539,28.007220449347667,6.717545118456249,0.12289423670064487,0.1374539893899902
49.95,0.9324761212547901,28.05750259175992,6.6146472461592465,0.06728493405043437,0.15329663028635618
50.0,0.92706688178609,28.10777985070667,6.510202517419402,0.010958135676406772,0.17529559564703254
50.05,0.9199006176869343,28.158043507153042,6.409284644400181,-0.042836526085564125,0.20097895494545642
50.1,0.9109614788228985,28.2082857455646,6.317650893042047,-0.09119178314523997,0.22729873105114926
50.15,0.9002506605861514,28.258500271134146,6.239676787934168,-0.13190819588456848,0.2484312101461357
50.2,0.8877915844786973,28.30868277566284,6.176726415493435,-0.16381114038261665,0.2566040491700767
50.25,0.8736476521616575,28.358831833366835,6.127690083821322,-0.18698098983657824,0.2466364504248043
50.3,0.857933986387291,28.40894930036527,6.091201523576585,-0.20273003788376798,0.22020164171249823
50.35,0.8408137210954958,28.45903996067669,6.065974647258145,-0.21339998979365518,0.18535363246402445
50.4,0.8224831812317643,28.509110646071605,6.0489896413185695,-0.22207486468635787,0.15334908348021473
50.45,0.8031549808626478,28.559169248702414,6.0348285704415545,-0.23217091002626822,0.13462869333215263
50.5,0.7830470554619647,28.609224048339915,6.017308640067042,-0.2469193651004906,0.13395321184678396
50.55,0.7623747654885326,28.659282927027213,5.990362010276416,-0.2688997187395115,0.14775834184206948
50.6,0.741340803823358,28.709351829717104,5.948894116320196,-0.29962478700767464,0.16679103147666682
50.65,0.720136108278577,28.759433720006797,5.891282399369137,-0.3392879612888389,0.1820414740916929
50.7,0.6989547877830842,28.809529002117,5.820356712505534,-0.3868228477266589,0.18873145706463065
50.75,0.678002164911929,28.859636213053978,5.7415688108287215,-0.4401296233751916,0.18709160584597437
50.8,0.6574782001727845,28.90975168206175,5.660242284185199,-0.496243608590608,0.1801653517495391
50.85,0.637560851849496,28.959869551833318,5.579846691667385,-0.5516277491757842,0.17116995750076935
50.9,0.6184105638271964,29.009983158544024,5.502343366481131,-0.6027044522501563,0.16359426698011095
50.95,0.60018299292381,29.06008698647986,5.429762240820893,-0.646426480924584,0.16195324256005866
51.0,0.583025940824605,29.11017770565842,5.364619705991738,-0.6806310389077462,0.16939910825289112
51.05,0.5670639510166213,29.160253935233804,5.308890713450273,-0.7041622248229086,0.1844741828414502
51.1,0.5523849189522524,29.210315096570856,5.264011605376666,-0.7167899135605945,0.20122800916771347
51.15,0.5390407277105952,29.260360673291633,5.232299858080641,-0.7191063349251641,0.21296825402472114
51.2,0.5270710659397757,29.31039130571388,5.217557014990428,-0.7126404666057221,0.2164572866401288
51.25,0.5165317659863119,29.360410649646617,5.223600734344159,-0.7000094027794946,0.21237786539961082
51.3,0.5074941151925401,29.410425057883018,5.2520626395063355,-0.6846812881078768,0.20285294872745677
51.35,0.5000312441047127,29.460441884126695,5.301497687338599,-0.6704708579391614,0.19015707946398194
51.4,0.49421110669190205,29.510467809185702,5.368348168945096,-0.6609702196163324,0.1779273149868364
51.45,0.49008890419611667,29.560507341094528,5.448336822508933,-0.6589694143908686,0.17147117022571107
51.5,0.48770011322062023,29.61056236844388,5.537345221906468,-0.666065871406965,0.17545442388308438
51.55,0.4870536634668469,29.660632204120667,5.6315351538403196,-0.6824638373357644,0.19074430923275032
51.6,0.48813148142858803,29.710713857946264,5.7270273500944855,-0.7069956006606064,0.2135227955428342
51.65,0.49089274513698083,29.76080220997063,5.820578769185752,-0.7372926370740175,0.23825369191564302
51.7,0.4952774369626879,29.81089011715578,5.9092014644364195,-0.770091037943179,0.2607030946481855
51.75,0.5012137866041309,29.860969344318406,5.988247004414477,-0.8017332796635646,0.27806639094846364
51.8,0.5086238454369425,29.911031666406974,6.052259183868412,-0.8286042819485204,0.288974007074325
51.85,0.5174245306790806,29.96106957014171,6.097629037964556,-0.8474572340722112,0.2948927041041563
51.9,0.527525525688436,30.01107679940083,6.124162683639399,-0.8557389590729897,0.3006161940468774
51.95,0.5388237885625038,30.061048829405394,6.135713028045126,-0.8518561991329784,0.31230128239116334
52.0,0.5511964768952058,30.110983249682064,6.13814623976442,-0.8353856463293214,0.3326120467869165
52.05,0.564504035034628,30.1608802410203,6.136037080812745,-0.8072590388767688,0.35802038775671313
52.1,0.5786045926245097,30.210742801002922,6.132646039378756,-0.7697308170414321,0.3822210138641704
52.15,0.5933645778291673,30.260576161050473,6.132690678905233,-0.7259993802270087,0.4012577794981415
52.2,0.6086623021567609,30.31038709512543,6.143205635926147,-0.6797460787707246,0.4140816444162207
52.25,0.6243897053620054,30.36018331792678,6.171297340805097,-0.6347654248201862,0.42028960789550074
52.3,0.6404537376355249,30.409972614591343,6.221865972920023,-0.5945906946697769,0.4191309398271104
52.35,0.6567757319692087,30.459761860327255,6.296341150961053,-0.5621104866414396,0.409699613370105
52.4,0.6732886935527331,30.509556034438774,6.392314825722653,-0.5392227520743758,0.39193826773233786
52.45,0.6899313297491563,30.559357411739416,6.504312492914545,-0.5265403763597404,0.3668389065792705
52.5,0.7066407702730363,30.60916539643135,6.624361302360717,-0.5232853010025464,0.33450417516893954
52.55,0.7233576570391019,30.65897734896567,6.743008774594669,-0.5274294374787636,0.2938581873558422
52.6,0.740038787374867,30.708789610878753,6.852323634766591,-0.5359236742863956,0.24629164418020696
52.65,0.7566547521099711,30.7585978691325,6.94833360632154,-0.5449865523573288,0.1981747148363799
52.7,0.7731723121427823,30.808397152677845,7.030968290780068,-0.5504952263917898,0.15887953378982372
52.75,0.7895384463953812,30.85818229861886,7.102898826504763,-0.5484669082532885,0.13662823357454015
52.8,0.8056745476962717,30.90794913286162,7.167895723664596,-0.5356468169566966,0.1349677672365252
52.85,0.8214754605562723,30.95769543148261,7.229347795927022,-0.5100251609053243,0.15131492271575545
52.9,0.8368120111362237,31.007421139403792,7.289583345190977,-0.4711222797775134,0.1783785921063788
52.95,0.8515456636183706,31.05712879474356,7.3497483658691865,-0.42010392979748296,0.20682779750031166
53.0,0.8655548281997376,31.106824446333547,7.410407268157955,-0.359738620699293,0.22809973113886953
53.05,0.8787524497162531,31.156517580705792,7.472444499629465,-0.29405322727966426,0.2370721621130031
53.1,0.8910803628748888,31.206219287834816,7.537016252812001,-0.22770373794392004,0.23327027219252414
53.15,0.9024988950517856,31.255940482384283,7.604612955449827,-0.16534565791992564,0.2199813022610431
53.2,0.9129788744621022,31.305690687183674,7.674243439780859,-0.11105976932330872,0.20192070194456335
53.25,0.9224929448586624,31.35547690690835,7.743493637497691,-0.06780551388154682,0.18305944322934653
53.3,0.9310092186978677,31.405302732813862,7.811097104648055,-0.036894040789789403,0.16652518568739827
53.35,0.9384882010767475,31.455167890002844,7.879768665467383,-0.017682925523581996,0.15563297690372968
53.4,0.9448804451139629,31.505068408906777,7.9540905997006695,-0.007808370096119265,0.15236823202009725
53.45,0.9501272898376937,31.554997501206415,8.037149612907434,-0.0037282578312068364,0.1552491733684458
53.5,0.9541704486927549,31.6049469984434,8.130207505783527,-0.001309608284400195,0.16088328063309118
53.55,0.9569623773291263,31.654908675786757,8.233267125018376,0.0035745482466336236,0.16728484182446596
53.6,0.9584652105369148,31.704874944519204,8.34524264089363,0.014560119582751161,0.17470105334933955
53.65,0.958638895810462,31.754838838527668,8.464429681322244,0.03453694818684687,0.18383143156318604
53.7,0.9574332762768794,31.804794123435535,8.588825181187717,0.06541998825509326,0.1942576714108692
53.75,0.9547940778349254,31.854736224004427,8.716721222504734,0.10787429716144893,0.20480225319616494
53.8,0.9506708154761578,31.904662803786966,8.84753710184621,0.16122237748895854,0.2150491169673507
53.85,0.9450233929094513,31.954573933272382,8.98114362965025,0.22343839576676244,0.22581864463245885
53.9,0.9378349753182792,32.00447268362701,9.115891952622563,0.29113573263987264,0.2379294713070409
53.95,0.9291186945401493,32.054364896838045,9.247551343923437,0.35984573456444147,0.2512890172915668
54.0,0.9189210690691167,32.104258303398446,9.37023289091457,0.4245823294889983,0.2656986978801922
54.05,0.9073310430304069,32.15416212190403,9.477371896437457,0.48041470416860893,0.28075298354437783
54.1,0.8944768710722671,32.204085940819986,9.561749975073537,0.5230966615643551,0.294122609473654
54.15,0.8805042942006955,32.25403698435277,9.616895443540377,0.5498904903777,0.3029063851956356
54.2,0.8655584457151806,32.304017653056356,9.639706875767105,0.5602515325879478,0.30789771787166154
54.25,0.8497774377703824,32.35402515946449,9.630774753159756,0.5559144824052558,0.314236490884309
54.3,0.8332881679644613,32.40405289587938,9.592378929019318,0.5404262495893566,0.3265089771469236
54.35,0.816202035381369,32.45409209527431,9.527214065787483,0.5184882552185761,0.3441372660151003
54.4,0.7986241563372389,32.50413356898033,9.439014074511466,0.4952947722244325,0.36239453904323793
54.45,0.7806636525074223,32.55416876319969,9.333592840385515,0.4759923780198828,0.3765523099836985
54.5,0.762433036192948,32.60419012501983,9.21843926307118,0.46513597277682045,0.3843624099506464
54.55,0.744044202560972,32.65419171758921,9.100875346482365,0.46605761356808084,0.3850909535782877
54.6,0.7256039219898242,32.704169771701,8.986490708062298,0.4804112004534721,0.3774439640179974
54.65,0.7072165496933421,32.754123225901694,8.879233536901959,0.5080018353894,0.3598593666037695
54.7,0.6889971195360806,32.80405444644493,8.782583503260216,0.5468482753710306,0.33281936321272004
54.75,0.671079967374282,32.85396931473408,8.699942415976578,0.5934446160852636,0.3000459612541542
54.8,0.6536132572321462,32.90387649215511,8.633201854581213,0.6430829561685757,0.26617244901952647
54.85,0.6367530482551718,32.95378653721405,8.581404735663865,0.6902556221007086,0.23435503605472977
54.9,0.6206597643797546,33.003710689369086,8.540652647799392,0.7292751626609286,0.2058619512746789
54.95,0.605493626015375,33.05365930765424,8.50520166994491,0.7550887015360465,0.18014796648691042
55.0,0.5914139485192622,33.10364051766752,8.469607022315499,0.7640796289317544,0.1563661453955715
55.05,0.5785752563529206,33.15365897894576,8.430326520508787,0.7546416594861514,0.13521307274900266
55.1,0.5671149225916622,33.20371474550388,8.387414343681005,0.7275744019624105,0.11969862412345142
55.15,0.5571384293365028,33.25380297172373,8.344979378506208,0.6861109556164662,0.11302116015778058
55.2,0.5487144808915851,33.30391498935715,8.30810242341069,0.6352601731487185,0.11483465852970534
55.25,0.5418877596414676,33.35404049043862,8.280641888181274,0.5808199443609797,0.12155551336825535
55.3,0.5366940083684436,33.404169650460496,8.264901885294123,0.5284841005885215,0.12898864031156995
55.35,0.5331657159415814,33.45429427537754,8.260672283734909,0.4830896684855285,0.13395495634427693
55.4,0.5313404604150492,33.5044091216369,8.26543130460545,0.4480059772403377,0.13580488560601403
55.45,0.5312662770513722,33.55451317829375,8.276140567091456,0.4248247865179534,0.13672548368337228
55.5,0.5329897573793295,33.604609503741194,8.289987506745852,0.41335480474605474,0.13966854131853362
55.55,0.536543496104967,33.65470457825981,8.303784108532271,0.4117290625520533,0.1457518699070015
55.6,0.5419363991393832,33.7048068833033,8.313658345222342,0.41674169192313204,0.1540363461051531
55.65,0.5491487621362295,33.75492520394948,8.315535857657121,0.4243644454116262,0.16335674484101276
55.7,0.5581441459459908,33.805068558774174,8.305819941374276,0.4301542311770983,0.17393227394234403
55.75,0.5688774338330695,33.855246121030774,8.281592560250319,0.42970018830235307,0.1873829175882442
55.8,0.5812870222130585,33.90546594879308,8.240422226198998,0.4192219975581816,0.205114481498375
55.85,0.5952838512220712,33.955733544740056,8.180040343693902,0.396122774704231,0.2266315922024172
55.9,0.6107403254776022,34.006050390600706,8.098280215132819,0.3594492033512669,0.24874772554645747
55.95,0.6274876149359987,34.05641310353595,7.994111417684981,0.31015213269526515,0.2666514291636135
56.0,0.6453323381639116,34.10681432905314,7.869363713378048,0.2509341447468535,0.276807555886512
56.05,0.6640749696657199,34.1572443968666,7.728878911083396,0.18575767757988837,0.2788014195056397
56.1,0.6835113753674493,34.20769224723057,7.579027286618868,0.11929549615769211,0.274603979197658
56.15,0.703425705994574,34.25814590689518,7.42608056931718,0.05640450959442194,0.2662712421902985
56.2,0.7235917162343176,34.308593532961694,7.2752534979853065,0.0015116829797148105,0.2545698036239985
56.25,0.7437798283201302,34.35902478703276,7.130509634406938,-0.04200857073032766,0.23950626391620242
56.3,0.763764280238692,34.40943221637532,6.994437344083644,-0.07234120267782676,0.22109856074918308
56.35,0.7833318704076078,34.459812334031746,6.868308992452033,-0.08953110275203999,0.20019244254834676
56.4,0.8022872435164754,34.51016566103306,6.752365464177736,-0.09548129315672872,0.17965321250550467
56.45,0.8204515611512984,34.56049595098664,6.646213308501407,-0.09363901752039239,0.1640954924126658
56.5,0.8376578271919501,34.61080924357897,6.549255903627468,-0.0884570275669215,0.15723201510173554
56.55,0.853743806940164,34.66111251440529,6.460364282970082,-0.08476612756878776,0.15935367689067637
56.6,0.8685456568408721,34.71141193849979,6.377531330480563,-0.08711431415223653,0.16708083596665405
56.65,0.8818992998962938,34.76171153748238,6.297440978954965,-0.09918713094200805,0.17433390466053045
56.7,0.8936495712408635,34.8120124370086,6.215912936991725,-0.12335653246392621,0.1747938822404515
56.75,0.9036633715189927,34.86231275209075,6.13002891049246,-0.16038667004263066,0.1657394089341983
56.8,0.9118440553002334,34.91260823949242,6.039697382336702,-0.20943684731028628,0.15064198847122437
56.85,0.9181336162067608,34.96289291204679,5.9474652172144316,-0.2682409973191614,0.13812672604628423
56.9,0.922496389804665,35.0131592735242,5.856042261309309,-0.33334379799980507,0.13577389030518944
56.95,0.9249052251753543,35.06339893191689,5.766157149359395,-0.40048705184381667,0.14440915538312918
57.0,0.9253373353782369,35.11360320896815,5.677348565758399,-0.46505818247387365,0.15830068198718505
57.05,0.9237783585457011,35.16376365333969,5.590761961881584,-0.5225665388548801,0.17031952803092035
57.1,0.9202387786226995,35.21387345956097,5.511101070525384,-0.5692519145115127,0.1771023633229075
57.15,0.9147728965557731,35.26392974221955,5.44551270914264,-0.6027284231495238,0.17908793795825995
57.2,0.9074877894311152,35.3139353041359,5.400724597076483,-0.6224465632055367,0.17735468581351027
57.25,0.8985340033261776,35.363898230478476,5.380564457574219,-0.629743789913258,0.17181607568296833
57.3,0.8880831979165962,35.41382954676115,5.3851648217751755,-0.6274679138120244,0.1619254326202858
57.35,0.876318408705025,35.46374148255194,5.411353655305471,-0.6195111579682414,0.14810619501067923
57.4,0.8634437790267179,35.513647427016316,5.452830989324749,-0.6104430476906095,0.1318957109958818
57.45,0.8496879530627354,35.5635617071358,5.500302574263856,-0.605015618338889,0.11448872031817595
57.5,0.8352995140044308,35.61349866630593,5.5430363125892,-0.6075325663086597,0.09646996716526812
57.55,0.8205328632699261,35.66347070320489,5.572169255820619,-0.6211471898585836,0.0801356064381595
57.6,0.8056160126043374,35.71348508645392,5.5841315721128035,-0.6471127252412584,0.07103266521403771
57.65,0.7907305654451957,35.763542561914825,5.5815966115519355,-0.6844570755866554,0.0766956302999509
57.7,0.7760030469170214,35.813637957693324,5.57081901092015,-0.730144726819943,0.10178284391697677
57.75,0.7615036134565243,35.863761782826366,5.558462587249561,-0.7795899650923509,0.143372882294849
57.8,0.7472622415312814,35.91390251936615,5.550605385073157,-0.8274578039733174,0.19200950682091078
57.85,0.7332901228649791,35.96404845780535,5.552520424688956,-0.868473386710677,0.23628879413948503
57.9,0.7195968275678395,36.01418875192329,5.568464718386624,-0.898066920870089,0.26716294208394714
57.95,0.7062014755639926,36.064314229417036,5.601825072087329,-0.9128826346172724,0.28095681342726686
58.0,0.6931389268780338,36.11441846422287,5.654496377906294,-0.9112191579250406,0.27942966420437076
58.05,0.6804649514770307,36.164499047903426,5.7259693102562865,-0.8933396230355423,0.26747025066718605
58.1,0.6682585688446988,36.21455822900412,5.8139363607011685,-0.8614675260782767,0.2512076231269341
58.15,0.6566176588037471,36.26460247134153,5.915152055782848,-0.8194615436337418,0.2362482039317376
58.2,0.6456506347739565,36.31464148590812,6.0235038745086475,-0.7723687024372771,0.22415118969272824
58.25,0.6354706195708617,36.36468682330794,6.128746486150639,-0.7258155585490599,0.21146563688929296
58.3,0.6261922396628669,36.41474981145526,6.221001552971715,-0.6851166825301687,0.1949747199486379
58.35,0.6179191628592988,36.464838940431264,6.295116962326322,-0.6543712982324211,0.17632066677424688
58.4,0.6107285602893531,36.51495786959111,6.351943369410283,-0.6358273805507489,0.16257642632081046
58.45,0.6046560407947906,36.56510483312115,6.396996971680924,-0.629583521404945,0.16177411968689415
58.5,0.5996757226690836,36.61527243160165,6.436647262544882,-0.6336128812024311,0.1761341043656684
58.55,0.5956958617819488,36.66544797156973,6.4755849712610205,-0.6441307778985503,0.20036797826458222
58.6,0.5925875503927173,36.715615898850984,6.516313719507894,-0.6563765646900953,0.2248493447477475
58.65,0.5902255989082053,36.76576117139308,6.559120579685368,-0.6655616520063412,0.2401101539157181
58.7,0.5885149140269477,36.815871380593975,6.602819957768312,-0.6676008862000772,0.24126613366658697
58.75,0.5874088438037289,36.86593803235867,6.646132061498115,-0.659599486904693,0.2305775669510876
58.8,0.5869130321243953,36.91595704320478,6.688447496986798,-0.640110348448605,0.21654817412628127
58.85,0.5870524215251932,36.96592752400196,6.729054458701521,-0.6090793324162154,0.2090399822382528
58.9,0.5878376771379744,37.01585069374845,6.7658616727651015,-0.5676999296012549,0.2134381281857091
58.95,0.5892585779825348,37.065729745185095,6.7956511788892495,-0.5182524607389221,0.22862430243949594
59.0,0.591289372825801,37.115569435750835,6.816128040578062,-0.46377482117718255,0.24960489181324955
59.05,0.5939012623582656,37.16537568843691,6.827917223685773,-0.4076729275424825,0.2713478371283151
59.1,0.5970743279917036,37.21515534307653,6.834428220199241,-0.3533756733897516,0.28990353938750485
59.15,0.6008014122962421,37.264915587105115,6.839922767291055,-0.3039967859708521,0.3014118551846032
59.2,0.6050884413274058,37.31466308617861,6.8485043044428675,-0.2619693318152765,0.3026335949446106
59.25,0.6099592797416028,37.364403466514815,6.8647404603098945,-0.2287374181496079,0.2930850280602593
59.3,0.6154628979621586,37.414141536456505,6.893343422645629,-0.204677824967311,0.2753776307693364
59.35,0.6216663554162492,37.46388114438163,6.937864592750425,-0.18911919319042172,0.2530727127753649
59.4,0.6286323421520942,37.51362412047406,6.999717169304189,-0.18033586556268194,0.22868538967071758
59.45,0.6364027645671454,37.56336976971294,7.07786890086539,-0.17567325127842917,0.20294762195007982
59.5,0.6449965102670548,37.613115309279195,7.169749909124513,-0.17185322070234638,0.1762605006314632
59.55,0.6544126780849091,37.66285659168329,7.272235135568081,-0.16541891908555334,0.15110611837175034
59.6,0.6646353591667963,37.71258929808654,7.382110664273148,-0.1532213802143545,0.1318921988887218
59.65,0.6756334714226129,37.762310178942535,7.496582065666211,-0.1327826045240333,0.121851642504196
59.7,0.6873600370923935,37.81201797232119,7.613494401350878,-0.10258761595535898,0.12098310134912953
59.75,0.6997558173963525,37.86171386165328,7.731725713746033,-0.062293027780297154,0.1271006960730111
59.8,0.7127488846075364,37.91140093749305,7.851665508059341,-0.012716014769869716,0.13806676528410958
59.85,0.7262558096151167,37.96108371764458,7.974484799070842,0.04425622167685865,0.15229141884653669
59.9,0.74019281785382,38.010768682552694,8.100655196759243,0.10571182867910398,0.16779206892904638
59.95,0.754485255856242,38.06046455714051,8.228906575189527,0.16789526102608188,0.18151368170118473
60.0,0.7690714134894007,38.11018163098369,8.356347391000316,0.2266463321074463,0.1899232207157043
60.05,0.783898249774671,38.15992995119892,8.480415340376412,0.27813709367547806,0.19134658210073752
60.1,0.7989033259531494,38.20971675768924,8.600719934818205,0.31971164756258214,0.18687701368078602
60.15,0.8140025717508943,38.25954520962019,8.718807248563003,0.350346339513707,0.17857893535915315
60.2,0.8290968042682114,38.30941514822299,8.83606968841855,0.37053873098567236,0.16720780248861078
60.25,0.8440821851894555,38.359324165477204,8.951784662982824,0.38193743717277273,0.15190397178305728
60.3,0.8588544172913287,38.40926785061053,9.063150515068811,0.3870214555692796,0.13240013922348082
60.35,0.8733095237115555,38.45923983647342,9.166639455907704,0.38879240018099054,0.11201345725746702
60.4,0.8873450885340743,38.50923267249683,9.259451670932448,0.39041227487162417,0.09844252371978206
60.45,0.9008556188810186,38.55923909812916,9.339655518384,0.39483336728324214,0.09994652825204464
60.5,0.9137270117388616,38.609253390388204,9.405534908724523,0.4044274896431041,0.11974780837821788
60.55,0.9258349858016738,38.659272170209476,9.455608088008287,0.42068162611280707,0.15416027210316413
60.6,0.9370416668597822,38.7092940857941,9.488965382906903,0.4440906519795289,0.1940170909752549
60.65,0.9471993697436595,38.759319251879276,9.50606961473709,0.4742195626155887,0.22831066895481752
60.7,0.956166303633724,38.80934891137613,9.509344222799454,0.509793648705087,0.24970787386934307
60.75,0.9638139017711742,38.85938471553231,9.502065184811313,0.5488415730783393,0.2572158208152618
60.8,0.9700208739602066,38.909427957658934,9.485863618608235,0.5888508527596646,0.2536556183916454
60.85,0.9746753532812091,38.95947973978054,9.459379576677728,0.6268969524522185,0.24216839149679906
60.9,0.9776903545307974,39.009541623394256,9.419757764850324,0.6599299733877615,0.22580633458032584
60.95,0.9790097521133345,39.05961544345522,9.365199258154783,0.6852764936309232,0.20822351984454116
61.0,0.9786023592865292,39.10970260125706,9.295664918343675,0.7010301915845109,0.1929603001929744
61.05,0.9764517865356525,39.15980325829588,9.211383177616218,0.7062122120632616,0.18166932821651716
61.1,0.9725491477426573,39.20991574733349,9.111951935000164,0.7008742694616834,0.17331874368992958
61.15,0.9668977973048515,39.26003673512663,8.997827549920817,0.6861572872409408,0.16628192142177053
61.2,0.9595243295023383,39.310161757558774,8.873003217272537,0.6642503528766207,0.16223547667316965
61.25,0.9504811642924226,39.36028585953533,8.744495973294278,0.6380771904669298,0.1656522183446105
61.3,0.9398363529152656,39.41040430243785,8.61845744440645,0.6107337658064986,0.17821211482702298
61.35,0.927663445995868,39.46051300708703,8.49800010461229,0.5850043862684691,0.19620746077909929
61.4,0.9140391416442635,39.510608639257065,8.383467726758633,0.5630587495567305,0.2129453858349295
61.45,0.8990473101559097,39.560688658036746,8.273959925690919,0.5463166108906207,0.22272881373800268
61.5,0.8827813326803566,39.61075129810747,8.168882471419975,0.5354552680350498,0.22293355025670034
61.55,0.8653472462483045,39.66079571435384,8.068555226359782,0.5304074730318051,0.21432431777232924
61.6,0.8468667783587506,39.71082237921532,7.9752559197918425,0.5304113669929083,0.20078630074679993
61.65,0.8274751930192451,39.76083338700469,7.893364015974326,0.5340892444237186,0.18737162475553215
61.7,0.8073271217510984,39.810833173169435,7.826927549056377,0.5393342601888774,0.17797778794022992
61.75,0.7866005360072265,39.860828670237765,7.777012464802364,0.5433080267545501,0.17390240339137233
61.8,0.7654905291520501,39.91082822890418,7.740609335753092,0.5427985360728409,0.1731119431758269
61.85,0.7442081202704963,39.96084043084722,7.7117741150627115,0.5347431055522733,0.1717988536313622
61.9,0.7229781445371598,40.010872701865814,7.684395299959817,0.5168117977314715,0.16736747358139123
61.95,0.7020324759163893,40.06093014405889,7.654483097681853,0.4878708112266648,0.1603348646292576
62.0,0.6816004395089531,40.11101498558193,7.620888596260105,0.44819289073933916,0.15432028602599857
62.05,0.6618931385213949,40.16112609999568,7.584521485778464,0.3994727251640608,0.15396360091319683
62.1,0.643093502639827,40.211259434002,7.546711555740696,0.3445439742779466,0.16192567765054428
62.15,0.6253546962061112,40.261409399491036,7.507591441505323,0.286878092890026,0.1759743639633111
62.2,0.6088038342363793,40.31157008058874,7.4659322672967265,0.23013074973633094,0.18865928850194086
62.25,0.5935573376106693,40.36173630976272,7.421075079909003,0.17772350444041582,0.19215499788670104
62.3,0.579736719653735,40.41190458319934,7.374526098284984,0.13241000098035194,0.18399144441463874
62.35,0.5674705688630929,40.46207353311099,7.32890316234931,0.09589757445952822,0.16777387138281588
62.4,0.5568853200700117,40.51224400866928,7.285390571367156,0.06858527696500018,0.14997098606880177
62.45,0.548094656881036,40.562418874368234,7.242233882784018,0.04951273257914476,0.1366734610538079
62.5,0.5411931175148583,40.61260275905819,7.195586690801355,0.03656956434677452,0.13178672362844734
62.55,0.5362509923398839,40.66280170466584,7.142189803955299,0.026902020239298604,0.13647092595341132
62.6,0.533312958385228,40.713022750084605,7.081003739029693,0.017283369726329344,0.14970050493674864
62.65,0.5323953793624241,40.76327295916456,7.012537903688484,0.004476084314894863,0.16877600811725124
62.7,0.5334802817599635,40.81355771909494,6.938079158889307,-0.014269633902269253,0.19000358822449107
62.75,0.5365094013953261,40.863878989945135,6.859961484507562,-0.0406874939757939,0.21031056245991284
62.8,0.5413813632278318,40.91423434222829,6.781515414424723,-0.07519190621437419,0.22841348650114424
62.85,0.5479559512130833,40.9646171891649,6.705994169043724,-0.11691338127419516,0.2442591385318062
62.9,0.5560583535712248,41.01501748506323,6.635509058618932,-0.16389181009964568,0.25758420569267093
62.95,0.5654836172819856,41.06542278007703,6.571229498671844,-0.21333598787387215,0.2663024827702266
63.0,0.5760147140145495,41.11582014729744,6.5147244715999335,-0.2620440535450749,0.266742877916823
63.05,0.5874507535484078,41.16619830760207,6.46822844707333,-0.30699536185140497,0.25662525925175533
63.1,0.5996214341446566,41.216548752763515,6.433300353573573,-0.3458688402780039,0.23662879554440763
63.15,0.6123841296226568,41.26686588010223,6.409159105404679,-0.37735431422967103,0.20948080190835658
63.2,0.6256210059154858,41.317147004553334,6.392496165477125,-0.4012955818081231,0.1799584033927281
63.25,0.6392411320767445,41.36739270969883,6.378820062853773,-0.41868061299757475,0.15476921820370984
63.3,0.653173100393798,41.41760664838213,6.363919694556837,-0.43142725996328096,0.14050155690270938
63.35,0.6673408595291617,41.46779388951378,6.344748813997513,-0.4419240988759084,0.14088267875553148
63.4,0.6816486820645148,41.51795950839547,6.319694159772637,-0.4525954547578864,0.15497584373768414
63.45,0.6959791062009281,41.56810769892853,6.288500937699162,-0.4655644949760907,0.17743018475504324
63.5,0.7101981795643806,41.61824119411195,6.252096916999172,-0.48238980643624063,0.20044697045124452
63.55,0.7241796344619509,41.668362085306214,6.212621164930817,-0.5040283621857482,0.21689873931174247
63.6,0.7378296489839464,41.718472775266875,6.173516788854128,-0.5308783876711983,0.2234286380218775
63.65,0.7510934277933269,41.7685760514538,6.1389778818629885,-0.5627777217783262,0.22128712839711454
63.7,0.7639416355569981,41.81867438718815,6.112596308254441,-0.598979018036558,0.21417225906088316
63.75,0.7763396550731316,41.868768161882166,6.0961450146752085,-0.6380206540487141,0.20515253667428424
63.8,0.7882248072979143,41.9188540826041,6.089701805246231,-0.6776431064251957,0.19582799761959338
63.85,0.7995152750411664,41.96892620530364,6.092672330258656,-0.715094243025202,0.18751263300662352
63.9,0.8101252572974309,42.01897801969703,6.104662019944024,-0.7476052779453114,0.1819107875798757
63.95,0.8199670931563423,42.06900347687385,6.125861078224203,-0.7727480993503202,0.1806144038273696
64.0,0.8289518138772338,42.1189976145059,6.156955926201889,-0.7887340310280903,0.1839189484596889
64.05,0.8369979786639403,42.16895752215966,6.198392879888018,-0.79473005152656,0.19029173273569372
64.1,0.8440411336396225,42.21888331746118,6.247854589068813,-0.7911258126879891,0.19467140150837908
64.15,0.8500459166583224,42.26877893803306,6.298647868160721,-0.7796057920188225,0.18785276801204234
64.2,0.855029772371892,42.318652545169435,6.342960731484333,-0.7629627877802998,0.162996503925749
64.25,0.8590768929064785,42.368515842567085,6.375425122775421,-0.7447255464101464,0.122225923016103
64.3,0.8623264751844266,42.41838235802123,6.394554736820899,-0.7286352909149323,0.07736072118684689
64.35,0.8649390982577323,42.46826534080027,6.402224435500878,-0.7180038796847709,0.044274621778530206
64.4,0.8670544122850165,42.51817586515934,6.400366631575531,-0.7151418630797884,0.032874619730263205
64.45,0.868764825275528,42.568121355697706,6.390198529145894,-0.7209658254072471,0.043644717439768374
64.5,0.8701120958612104,42.6181046283447,6.374617022898475,-0.7348217303268929,0.07255209390925625
64.55,0.871095317548534,42.66812400719324,6.358062035470199,-0.7546377465273841,0.11413722697076502
64.6,0.8716824222489126,42.71817437446916,6.344294969538789,-0.7773156276097709,0.16081178226046489
64.65,0.871824768650592,42.76824845623191,6.335133597778132,-0.7992088863369714,0.20324722003569862
64.7,0.8714671305639661,42.818337582644766,6.330963939040915,-0.8165272159608624,0.2331381292719986
64.75,0.8705562223325803,42.86843254486962,6.332578513306564,-0.8257043227397043,0.24702861881445726
64.8,0.8690529547498131,42.918525300378285,6.341393023139214,-0.8239138634120382,0.2474675363008035
64.85,0.8669430180127654,42.96861077122523,6.3580837922469815,-0.8095962300991152,0.24100068981985445
64.9,0.8642323268282904,43.01868735426988,6.381898956441611,-0.7826797215281723,0.23507503981770025
64.95,0.8609278563456453,43.06875594950897,6.411021895295139,-0.7444387287802514,0.23517344802652104
65.0,0.8570177934763843,43.11881844573006,6.443611301660778,-0.6971392121312376,0.24317037624815868
65.05,0.8524604172244065,43.16887646494859,6.478771574800764,-0.6436174849418502,0.2565970723896734
65.1,0.8471931298051267,43.21893111996051,6.51692307981955,-0.5869819372741754,0.2698866105020006
65.15,0.8411500990347175,43.26898302096267,6.559961947021126,-0.5303574261476838,0.2778787061397913
65.2,0.8342730614859868,43.319031940192986,6.611043130663927,-0.4765740120654292,0.27828511782795284
65.25,0.8265169282462509,43.36907655810352,6.673651652437413,-0.42789668723276847,0.27173513021377915
65.3,0.8178606445903813,43.41911494627264,6.75002163341467,-0.3859408165268271,0.26085706339916165
65.35,0.8083228224924071,43.4691456725898,6.839550275648096,-0.3517359491826954,0.24869767773635637
65.4,0.797963301893227,43.519167999277315,6.93878322329219,-0.3256567417635145,0.2373115991623872
65.45,0.786867087924969,43.56918075749632,7.043067854576772,-0.30718124397924124,0.22756519588949442
65.5,0.7751292941403111,43.61918126590577,7.148992569789121,-0.2947297847168094,0.22050224840502652
65.55,0.7628452201956385,43.66916485913509,7.2560414273976335,-0.2857184460854287,0.21864827464922024
65.6,0.7501044416928538,43.71912526406291,7.365697966410757,-0.2768781638409926,0.22451417353160605
65.65,0.7369883240102326,43.76905550041534,7.4794649193356495,-0.2647346842242935,0.23809993384299022
65.7,0.7235679216081031,43.81894877154934,7.59769034702332,-0.24611704620383992,0.2557411893085335
65.75,0.7099150977630851,43.8687999632286,7.719703099744735,-0.2186929700751029,0.27134838539737455
65.8,0.6961229936265629,43.918607201590305,7.845096236120584,-0.18135839811172605,0.2800353452409099
65.85,0.6823178237001881,43.96837256160971,7.97331413474377,-0.13448692369059992,0.2803977427796936
65.9,0.668658061974306,44.01810188172855,8.101819172571783,-0.0799798129290511,0.27393238821734966
65.95,0.6553245424384565,44.06780376313256,8.226808801076109,-0.02086263717025582,0.2638708938848795
66.0,0.6425062750201413,44.117488100783305,8.34491693898896,0.03932262095223378,0.25425737988084796
66.05,0.6303902382245032,44.16716500367512,8.453104751361598,0.09699664417170341,0.24802520293835426
66.1,0.6191562793280987,44.216844057042614,8.547913915167387,0.1489013801017233,0.24564604896888018
66.15,0.608968626503137,44.266533095843506,8.626032091696613,0.19250602030229672,0.24616326469156613
66.2,0.5999655178299823,44.31623693448902,8.685499399652532,0.22643769864841695,0.24850200429054004
66.25,0.5922593175857552,44.36595712245646,8.726737415148873,0.25071229869856226,0.25275124714577607
66.3,0.5859377125908497,44.41569227143502,8.752924681239646,0.26674923462954747,0.26010761023262496
66.35,0.5810580081124787,44.46543857706846,8.768834859691564,0.2771580319770217,0.2697335635398864
66.4,0.5776595852953119,44.51519150519514,8.77966008909644,0.2852050472847981,0.27755583059861133
66.45,0.5757870022974572,44.564947611120026,8.791291230185177,0.294240752976468,0.2796534439071011
66.5,0.5754927538928998,44.61470493514907,8.81071397074411,0.30731752967159676,0.2754965953865723
66.55,0.57682858021123,44.66446309738663,8.844368281159673,0.32670235482731474,0.2677340416606847
66.6,0.5798346348118995,44.71422349350234,8.89534393935267,0.35334842525571436,0.2593977175021606
66.65,0.5845316940430363,44.76398935613223,8.961461178928197,0.38663498841992694,0.2509512488349555
66.7,0.5909238095153859,44.81376571556198,9.03563696829049,0.4245278629573346,0.24006733512568362
66.75,0.5990095274872462,44.863559174274826,9.108650687970254,0.464102002612648,0.2246103948201749
66.8,0.6087859878832683,44.91337705938209,9.172307627129712,0.5021766252309532,0.20578521831856575
66.85,0.6202409882509394,44.963226247460156,9.222079882218516,0.535944421836007,0.18855958013440546
66.9,0.6333411233942216,45.0131122613592,9.25903296057632,0.5635261532998881,0.17963463475418776
66.95,0.6480153716608824,45.06303847704531,9.288492236036628,0.5841989047346947,0.18344911945184258
67.0,0.6641432160383512,45.11300567500603,9.315355331052942,0.5981551097986972,0.19820368059776117
67.05,0.6815576395085267,45.163012048267326,9.340106122578838,0.6060754143068957,0.21587977703231137
67.1,0.7000555175176001,45.213053178699894,9.358627684982585,0.608929042812388,0.2265993264864828
67.15,0.7194108938914556,45.263121971256005,9.365325281298455,0.6080177980660325,0.22554364405531324
67.2,0.7393940210313652,45.31320972704718,9.355978906808106,0.6049388905847073,0.21637983693335933
67.25,0.7597850320934788,45.36330808985617,9.328369734415812,0.6013747167514361,0.20770388989939398
67.3,0.7803758007528819,45.413410459999625,9.281684118922175,0.5988112865064885,0.20721533417378157
67.35,0.8009706025595013,45.463512895153514,9.215804464304977,0.5982160716880041,0.2182227114385624
67.4,0.8213837541675296,45.51361418220836,9.131278431644338,0.5998919520002031,0.23906760532600282
67.45,0.8414330602987833,45.563714897040725,9.030264273938107,0.6035900545009074,0.26486746201310796
67.5,0.8609386702018013,45.61381660838299,8.916966158576273,0.6086225099803215,0.2902535827183714
67.55,0.8797279377810852,45.66392165935945,8.796219483881384,0.613881560986958,0.31086003969338316
67.6,0.897644425928643,45.71403327677106,8.6719952850114,0.6178752338880401,0.323766346535267
67.65,0.9145569851667394,45.764155651759964,8.547573315760145,0.6189283536378168,0.3279452953046662
67.7,0.9303607498561434,45.814293613353875,8.426550109260189,0.6155327450232243,0.32403700104104705
67.75,0.9449698848841794,45.86445184303072,8.312402695995154,0.6065795655558884,0.3135463103080772
67.8,0.9583069030676986,45.91463383697141,8.207048649458631,0.5914577087312191,0.29847264770187965
67.85,0.9702929864963663,45.964841057101644,8.110350825909665,0.5701543020612825,0.28105871493522805
67.9,0.9808432660491475,46.0150725712075,8.020892911126497,0.5433233095271656,0.2639996934463857
67.95,0.989864394739657,46.06532494336505,7.9372520214288524,0.5123102368798057,0.25061075430097174
68.0,0.9972534892206375,46.1155925129695,7.858497774195044,0.47905076171437616,0.24363138717527613
68.05,1.002905522741979,46.16586876763855,7.782984751885596,0.4456672208824124,0.24294892041548372
68.1,1.0067220049361867,46.216147614601724,7.7071361006329395,0.41402161511932584,0.24494845599508944
68.15,1.0086163411602753,46.266423424872606,7.626659153786951,0.38556539660058536,0.24540837355782572
68.2,1.0085186147036365,46.31669080651089,7.53877289725875,0.36133762468814856,0.2429156006288208
68.25,1.0063838810409582,46.366945530758855,7.443225823799789,0.3418405493249451,0.23922714988165028
68.3,1.0021946374391955,46.417185420171904,7.341646698309274,0.326920448615583,0.2364915419149089
68.35,0.99596040848208,46.46741074693295,7.23571029656078,0.31567010064853696,0.234770165048449
68.4,0.9877159157178759,46.5176240093259,7.1262722754642285,0.3064869074703009,0.231499850841683
68.45,0.9775172042113421,46.56782881840833,7.014371397476736,0.29739191520589664,0.22305691138265835
68.5,0.9654429484811222,46.618029060129466,6.902592422706144,0.2863606457152075,0.2074203352847386
68.55,0.9515937004576165,46.668228459785034,6.795218829772865,0.2715775032370351,0.18479323131463624
68.6,0.9360912998563727,46.71843031739682,6.696379984356207,0.2515675150498134,0.15675470624351234
68.65,0.9190800475039903,46.76863727205673,6.608326273805293,0.2252778020693324,0.1259521139625296
68.7,0.9007252673531846,46.81885101645053,6.531357484893298,0.19221054223940606,0.0960908565227856
68.75,0.8812097982856489,46.86907241007851,6.464719706712415,0.15255477756002694,0.07054700768681073
68.8,0.8607273655637486,46.91930159268903,6.408782877919342,0.10729631001493581,0.051500003066807874
68.85,0.8394759501941541,46.969537927308906,6.3667715094240425,0.058173541706630784,0.04076801944032573
68.9,0.817650524191466,47.019780082920484,6.343167481680992,0.007380723090294951,0.03916802751892541
68.95,0.7954359034613856,47.070026016015,6.340429917017845,-0.04287393946617086,0.04616081789251884
69.0,0.7730070140299896,47.12027310197308,6.356035174799315,-0.09082540686254116,0.06088827921794121
69.05,0.7505288589669417,47.17051854123463,6.382588290363304,-0.13526457619009216,0.08110547374254941
69.1,0.7281540075556621,47.22075959505306,6.412418597185866,-0.17532723532438232,0.1035040923493919
69.15,0.706023630774625,47.27099374472613,6.440653571740942,-0.21044963944297476,0.1259807023551899
69.2,0.684265122388779,47.32121867504669,6.463756124724944,-0.24047777297110706,0.1471515660187571
69.25,0.6629894248230286,47.37143207908164,6.4775410101101745,-0.26571343012544885,0.16517819623294666
69.3,0.6422999717042759,47.421631969396195,6.478270696987397,-0.28688387625323036,0.17927307523383235
69.35,0.6223055691494107,47.47181749572051,6.463895833818837,-0.30511994678719256,0.190481344178
69.4,0.603124676530642,47.52198931817817,6.434495331646731,-0.3218834322175588,0.20123387580984062
69.45,0.5848805614190881,47.57214929210014,6.393298202382743,-0.33875002737313087,0.21452297749665455
69.5,0.5676899208100721,47.62229979060356,6.346411054672996,-0.35712773726249564,0.2314093622307354
69.55,0.5516549079647447,47.67244299638575,6.300899979945496,-0.3780583220953571,0.24934490119354388
69.6,0.5368673627422055,47.72258059972283,6.262928122622748,-0.4021714292380816,0.26343882243430644
69.65,0.5234192943395816,47.77271378275516,6.237122847821778,-0.42970032657111235,0.2693909297669348
69.7,0.5114093091631275,47.82284313139672,6.227070973700115,-0.4604454168065822,0.26580016389850525
69.75,0.5009335336061537,47.87296801348136,6.235146508672511,-0.4936761004191356,0.25352267958430136
69.8,0.4920764009812201,47.92308638047815,6.260932505898297,-0.5282183717316946,0.23390295000344422
69.85,0.48492347303363403,47.973196207191876,6.3004361167303236,-0.5628480068324965,0.20936885020051382
69.9,0.4795739080145078,48.02329689902923,6.347218405072893,-0.5965912801925103,0.18437365430847674
69.95,0.4761400951870837,48.07338992696872,6.394281077323856,-0.6288105824989084,0.16479723550013559
70.0,0.47473468757258414,48.12347866482753,6.435833279454968,-0.659107447672952,0.15580050868672377
70.05,0.4754426190791252,48.17356657512003,6.4687603906537765,-0.6869793307073908,0.15921099033907357
70.1,0.4783002918623327,48.22365549090204,6.4929269462123305,-0.7116238327683372,0.17283484223769194
70.15,0.4833012800631883,48.27374619079816,6.509368600117337,-0.7322222170262693,0.19129155228777944
70.2,0.49040920291837037,48.323839427558994,6.518083609844839,-0.7482868146301568,0.2072435154557686
70.25,0.499560645545312,48.37393547874752,6.517779984042408,-0.759691226419306,0.21432798971122877
70.3,0.5106655280531709,48.424033361378164,6.507278344530381,-0.7665380892509882,0.21060305925035266
70.35,0.5236168350007245,48.474131570612386,6.487207033146018,-0.7691513429229361,0.19953745557125444
70.4,0.5383016094494827,48.524229235866265,6.461233322186221,-0.7681348478712149,0.18943143341835136
70.45,0.5545974521546236,48.57432641474811,6.43486121563641,-0.7643703280847016,0.1896658857901147
70.5,0.5723579466751995,48.62442363665265,6.412355944458814,-0.7589097133187479,0.20393036887002133
70.55,0.5914070817716003,48.67452124624731,6.395278050837793,-0.7528273803213436,0.22796952344647228
70.6,0.611548951827208,48.724619117045755,6.383157541319448,-0.7471023111435525,0.25319449118915915
70.65,0.6325845659506972,48.77471666525001,6.3752908168433295,-0.7424922976108461,0.2718190301142905
70.7,0.6543237727116477,48.824812821199124,6.371799101988746,-0.7394232506854785,0.2802119584823693
70.75,0.6765876065036642,48.87490615345337,6.373231310755215,-0.7379322374327844,0.2779701448016619
70.8,0.6992080144370892,48.92499524398717,6.380349358782283,-0.7376618278514248,0.2655327197733646
70.85,0.7220349034194756,48.975079230168184,6.394324596589601,-0.7379839914938072,0.2450788924902388
70.9,0.7449466446843349,49.025158537677534,6.416572013535844,-0.7382267363167403,0.22217186436310343
70.95,0.7678505812452883,49.07523525596082,6.448951657832717,-0.7377977072986073,0.2051876844073041
71.0,0.7906612196865681,49.125312245204086,6.492743834363544,-0.7361460348777555,0.20140780368147973
71.05,0.8132643633575077,49.17539100416482,6.546723870260447,-0.7325947862567959,0.2122238936749843
71.1,0.8354952007555417,49.22546983833446,6.607791765777153,-0.7261478395802886,0.23287959683120518
71.15,0.8571470863056164,49.27554420018878,6.672497910462384,-0.7155885387226377,0.2555857396138062
71.2,0.8780010515385517,49.32560888242478,6.7370604617083085,-0.6998966342734099,0.27249310450031233
71.25,0.8978531510917234,49.37565994020251,6.797297164304719,-0.6786104341039999,0.27841987571523513
71.3,0.9165221630963442,49.42569496791604,6.849271188593355,-0.6518744617587335,0.2724863951796678
71.35,0.9338459781811027,49.475712637682186,6.890045821344918,-0.6203283854980558,0.25813639112812337
71.4,0.9496842474848822,49.525712977108434,6.9182175008776685,-0.585046959843266,0.24152528632908543
71.45,0.9639180052293513,49.57569759615059,6.933847026345078,-0.5474317373230803,0.22831495735911236
71.5,0.9764448194633919,49.625669279812016,6.9381154480587055,-0.509026989749612,0.22150945436725153
71.55,0.9871738389647154,49.67563119589184,6.933950505096672,-0.47124447438377964,0.22124812617776604
71.6,0.9960167022929207,49.725585663797155,6.926879591660963,-0.43502740152791536,0.2255321997876061
71.65,1.0028835313451394,49.77553339670396,6.9242156551845095,-0.40070238180855855,0.2308377907507051
71.7,1.0076945069927379,49.82547411889713,6.9333405433150705,-0.3681282930617621,0.23269348541909013
71.75,1.0103970825524478,49.875407484230095,6.96046728007979,-0.33694196099813123,0.22750001045472745
71.8,1.010975520393041,49.92533330690258,7.009791508042057,-0.3067119763642265,0.21437046415078992
71.85,1.0094447009015703,49.975251061390104,7.083050695295763,-0.2769205092123719,0.19474729280879974
71.9,1.0058381636563245,50.02515955447887,7.180413942251322,-0.24686244305882057,0.17055953452430267
71.95,1.0002119450816844,50.075057674214214,7.302707764491809,-0.21568011862062392,0.1444545521422359
72.0,0.9926538526878473,50.12494538836339,7.452065299918756,-0.18257349934842657,0.12074781959428528
72.05,0.9832797945645901,50.17482422026234,7.629586255344009,-0.14706808049448022,0.10308123189820766
72.1,0.9722261511325634,50.224697094791345,7.832515724794065,-0.10929250569002692,0.09310657607646214
72.15,0.9596434401569371,50.2745678529287,8.051311645717151,-0.07020433340813136,0.08979979431809432
72.2,0.9456842807917896,50.32444031447163,8.271017517652513,-0.031247691264993466,0.0884620457941284
72.25,0.9304946869805261,50.37431681026992,8.47892735684781,0.006458282575948708,0.08567286325474635
72.3,0.9142083318249374,50.424197210437576,8.668442332623822,0.042542775766260775,0.08275821942639332
72.35,0.8969403977962686,50.474079048681205,8.8376997409473,0.0773854993091421,0.08291046504676572
72.4,0.8787909880371522,50.52395860148355,8.98785756213577,0.11191955882291883,0.08777265862880658
72.45,0.859860850536956,50.57383246880203,9.121398508400974,0.14718436562715836,0.09686157499868574
72.5,0.840262288450538,50.62369861750511,9.240504789650716,0.1839082256125809,0.10794133447033019
72.55,0.8201196538187882,50.673556547020944,9.34554843446856,0.22228064174991322,0.11692695127139577
72.6,0.7995747868839188,50.723407242748564,9.434947340976441,0.2618453788214347,0.12022272897254997
72.65,0.7787962132026358,50.773253127663416,9.506852667100341,0.30158797241898083,0.11844069361967334
72.7,0.7579759763016601,50.82309764361356,9.560612165693131,0.3402254047982514,0.11692094029535241
72.75,0.7373117415929361,50.87294451625926,9.596732669156149,0.3765393262717161,0.12195873971848915
72.8,0.7169879113977811,50.922797179383885,9.615995129340728,0.4095940623435932,0.13585819894877993
72.85,0.697164118076608,50.97265809510218,9.619430460614089,0.43889669833746825,0.1556813703728718
72.9,0.677975634228777,51.02252820944179,9.609255162777703,0.4644893513539426,0.17628320855471646
72.95,0.6595494395660668,51.07240749385133,9.589502068679613,0.48682623733001495,0.1942688722169571
73.0,0.6420206605325205,51.12229602211215,9.565570840480005,0.5065476511467405,0.20931461156535613
73.05,0.6255361215119892,51.1721946460999,9.54282657642618,0.5242803016463689,0.22259932866706697
73.1,0.6102435146928716,51.22210475779561,9.525143778984292,0.5405177808103511,0.23477813388450774
73.15,0.5962777339652464,51.27202762923541,9.513663450928306,0.555540208509374,0.2447780670461397
73.2,0.5837579207695206,51.32196415558271,9.506595652450363,0.5693982612075047,0.2503758581417702
73.25,0.5727922524343187,51.371914775297434,9.50071414961185,0.5820424004429167,0.25088601637303465
73.3,0.5634769111529019,51.421879214854926,9.492814611218307,0.5934707577678483,0.24867834166821162
73.35,0.5558876828145568,51.471856388018125,9.479888812276556,0.6037528741156627,0.24739605104569573
73.4,0.5500681275498616,51.521844171072566,9.459166476504224,0.613067626168478,0.24954810906636077
73.45,0.5460252222569499,51.57183938872768,9.428778057804788,0.6217628447507809,0.25576442337887295
73.5,0.543743193371863,51.62183893186747,9.38841256367261,0.6302268472883479,0.2652282997290632
73.55,0.5431999433355825,51.67184087653045,9.339561515040755,0.6386756769612044,0.2768988804860581
73.6,0.5443701068004433,51.72184455567951,9.284805588299525,0.6470136825162566,0.2903201852299074
73.65,0.5472214311140734,51.771850262882005,9.22644645573029,0.6547646045708758,0.30502749443438565
73.7,0.5517143327374515,51.8218591134106,9.165752837049547,0.6611101608623874,0.320008691966875
73.75,0.5578023383754912,51.871872897815926,9.102530873606396,0.6650369007952437,0.3330300931975337
73.8,0.5654366147996304,51.92189403641245,9.035399114179668,0.6655170234930261,0.34087612070208667
73.85,0.5745742268471311,51.97192548883353,8.963169091267678,0.6617012253801373,0.34191266781108537
73.9,0.585179928098818,52.021970342862986,8.88615296247298,0.6530841847526625,0.3384838311275369
73.95,0.5972196495893121,52.07203140491087,8.806218781072168,0.6395302926996101,0.33634858125307215
74.0,0.6106455291059555,52.12211092711282,8.724824110329612,0.6211807947100558,0.34000639717870407
74.05,0.6253854695714274,52.17221047426248,8.641488569953239,0.5984103484042379,0.3489686373988915
74.1,0.6413464439979553,52.222330861230645,8.554551042373872,0.5718833195616632,0.3590709305625438
74.15,0.6584202327434353,52.27247195698115,8.46299894781678,0.5426486385168434,0.36631239524062414
74.2,0.6764797717235861,52.322632169655215,8.367334010738075,0.5121596971485493,0.36903256496174397
74.25,0.6953721888167881,52.3728080091934,8.268755857470167,0.48212446368568584,0.3673090696351164
74.3,0.7149219070333561,52.42299484187408,8.168098487993367,0.4541712666886348,0.3612864324185676
74.35,0.7349413514119559,52.4731882795763,8.065643963112176,0.4295090564336237,0.35062609665427075
74.4,0.7552409866089105,52.523385029338726,7.9613316692965554,0.4087335763786676,0.3352946679251861
74.45,0.7756352903900116,52.57358321640845,7.854830110633203,0.3917671213673026,0.31593207066048395
74.5,0.7959431548423977,52.62378223568662,7.745764205286717,0.37793045445478957,0.2939504633373586
74.55,0.8159868453029915,52.67398251317837,7.6346436561615265,0.3661113396770427,0.2713521525019266
74.6,0.8355885567556227,52.724185041172206,7.523756201912637,0.35498090857807824,0.24988304745370465
74.65,0.8545651006292837,52.77439047821614,7.416894632716478,0.34320438317787105,0.2304730703307102
74.7,0.8727320960431035,52.82459890558297,7.317908609225333,0.3295149119372333,0.21325082857385172
74.75,0.8899213139411942,52.87481073718733,7.228048346835004,0.31258949981197587,0.19728111360419598
74.8,0.9059945012688538,52.925027392953375,7.144084622331904,0.29097680498937367,0.180842188439687
74.85,0.9208438758895822,52.975250918567674,7.05933948944674,0.2633055183791332,0.16295615254017307
74.9,0.9343874251140136,53.025483267006074,6.966324861150077,0.22865752738325149,0.1444730997906272
74.95,0.9465560407036386,53.07572510219939,6.858934966692544,0.186948266506043,0.12805396230608343
75.0,0.9572799218725603,53.12597486961163,6.733828595187443,0.13912173490333032,0.11701837365457934
75.05,0.966486141860791,53.17622919189874,6.591620764785554,0.08705562600440542,0.1133317534057562
75.1,0.9741009803213374,53.226483598039515,6.438008721095971,0.033308485719453766,0.11761710910323628
75.15,0.9800525141455071,53.27673313287873,6.282228784555574,-0.019269202271317336,0.12963262092807373
75.2,0.9842728723461799,53.326973280967685,6.132960451843394,-0.06802454835707805,0.14580047181048214
75.25,0.9867080710753724,53.37720116772435,5.9964170626630375,-0.11096880356125749,0.15911365482193124
75.3,0.9873298325055374,53.427415976847485,5.877620360661188,-0.14705805809643932,0.16449096044928102
75.35,0.9861299249444017,53.47761790735349,5.781524093178114,-0.17613714045142037,0.16256139536755262
75.4,0.9831026497422817,53.52780694385539,5.711852945485821,-0.1987360167592306,0.1571978484569033
75.45,0.978234597433021,53.577982398499394,5.669299620893735,-0.21593212020126035,0.1512784650014476
75.5,0.971508975352107,53.62814320948081,5.650336735426592,-0.22928684012135936,0.1447220929478998
75.55,0.9629250752822769,53.67828896117085,5.648405381386108,-0.24079080344695164,0.13628773583434373
75.6,0.952512480599848,53.72842042872365,5.657029714070586,-0.2526650135548392,0.12630015770311348
75.65,0.940331145888786,53.778539377215296,5.671173350852907,-0.26708833294503836,0.11651832213991097
75.7,0.9264632066301114,53.828647812905366,5.6872071763333265,-0.28589219209977385,0.10858897799507312
75.75,0.911007293237173,53.87874707628925,5.702922427991939,-0.31028664384302246,0.10385890936177221
75.8,0.8940863777225988,53.92883804975783,5.716878818592534,-0.3408293019935086,0.1039018391620329
75.85,0.8758538179730496,53.97892169016577,5.7278434431905545,-0.3774868857327917,0.1102610476759563
75.9,0.8564848431103296,54.028998711268095,5.734544979920692,-0.41959615909862935,0.12303332633112256
75.95,0.8361644610545307,54.07906911362039,5.735444141765719,-0.4658370700795326,0.1397317569539889
76.0,0.8150699005360427,54.129131018300235,5.729228826647664,-0.5141679168902534,0.15601882671679396
76.05,0.7933600541806491,54.17917980833044,5.715606564542877,-0.5618881558994085,0.16791362033062188
76.1,0.7711892494389356,54.2292095904888,5.695568685570819,-0.6060975449354207,0.17399928316118446
76.15,0.7487245335324378,54.2792154784613,5.671195917045267,-0.6442701885003441,0.17584057368706515
76.2,0.726151260117088,54.329195033641874,5.645268179871845,-0.6746605388625018,0.1767340335962259
76.25,0.7036666987743566,54.37914843151146,5.621073880544251,-0.6964626543015233,0.18038928196496973
76.3,0.6814641110799255,54.42907759772473,5.602058506726614,-0.7097604791434486,0.1897084598652506
76.35,0.659715824078426,54.47898504617307,5.591071447881942,-0.7153603403554414,0.20498276678004376
76.4,0.638572261004428,54.52887364957879,5.589651025585692,-0.714687041413902,0.22297983115457012
76.45,0.6181730028565505,54.57874704416496,5.598121124707938,-0.7097104120687622,0.2384362855219115
76.5,0.5986568921711404,54.62860958116115,5.616518968930033,-0.702736548808844,0.2468120012436621
76.55,0.5801691764624215,54.67846593767561,5.645232858466817,-0.6961247354707637,0.24641313657737732
76.6,0.5628634123886881,54.72832075161133,5.684749862229583,-0.6920202076408745,0.2385385863603669
76.65,0.5469007897133146,54.77817841737045,5.735087436716528,-0.6921403457981039,0.22629034581314778
76.7,0.5324447705632223,54.82804253917775,5.795370575392154,-0.6975638768906511,0.21312703990327012
76.75,0.5196475923713939,54.87791477560087,5.863743930692187,-0.7084977326771714,0.20176705282306792
76.8,0.5086372441388505,54.92779403788891,5.937969987225905,-0.7241334249082355,0.1936071734395501
76.85,0.4995104350465027,54.9776765531391,6.016124744709718,-0.7426725231697066,0.18816617719896708
76.9,0.49233178376577535,55.02755649091273,6.096710761835457,-0.761566438963711,0.18348054106964892
76.95,0.48714283556888227,55.07742733841327,6.178802016676535,-0.7779689812155515,0.1776996903205416
77.0,0.48397133356583016,55.12728321742485,6.262338886851446,-0.7891860220412429,0.17032070454913528
77.05,0.4828304929180547,55.17711918107631,6.348212317072862,-0.7929672257505973,0.16281847519675088
77.1,0.483718871833914,55.22693161818577,6.437772196379733,-0.7877984775705398,0.1581636318743297
77.15,0.4866196654201481,55.27671882145123,6.532135725595455,-0.7731288328375988,0.15867001822711252
77.2,0.4914993020143968,55.32648129624566,6.631798489125961,-0.7494506322665014,0.16427909611299485
77.25,0.49831118880621383,55.37622193366886,6.736366823715196,-0.7183129795652158,0.17285005882084328
77.3,0.5070033408025448,55.4259458355235,6.8445058840168045,-0.6822047703287419,0.18181828350166
77.35,0.5175288302223691,55.475659917144874,6.954266526196271,-0.6442694757188953,0.18983160795318885
77.4,0.5298547268497271,55.52537256477742,7.063352480726263,-0.6079168097788513,0.19687202356109576
77.45,0.543952711431897,55.575092428801355,7.169077844017783,-0.576287437394784,0.2029316045470823
77.5,0.5597811781409106,55.624826722981766,7.268452586226932,-0.5517081214336275,0.20706168436491998
77.55,0.5772725933145094,55.67457963640841,7.358756342363644,-0.5352575708593493,0.2078731736829766
77.6,0.5963190631383222,55.72435068862348,7.438477167385223,-0.5264506162366576,0.2051917220184926
77.65,0.6167702921383013,55.77413473079811,7.507969737868368,-0.5232986269880504,0.2013927843827803
77.7,0.6384454683801191,55.82392370281552,7.568990807124063,-0.5227627232033614,0.20037727648827933
77.75,0.6611428769584291,55.873708433552316,7.623615858566785,-0.5213307402731674,0.20508128156046754
77.8,0.6846501181754142,55.9234802899072,7.673378565996116,-0.5156197024631304,0.21596603498805184
77.85,0.7087511709227159,55.97323232953202,7.718974338067765,-0.5028557700084674,0.23071945695277815
77.9,0.7332311833840819,56.02295999404654,7.760741808051239,-0.48119233243718806,0.2452934921890434
77.95,0.7578823105090015,56.07266142453975,7.799422679672766,-0.4499140149217133,0.2565026315255062
78.0,0.7824993231848489,56.12233665439253,7.8366920972123335,-0.40938987026064017,0.26388977132194036
78.05,0.8068764051167056,56.17198703332749,7.875020069969634,-0.3609151790009372,0.2686886197492797
78.1,0.8308141541033243,56.221615614368105,7.916573446114568,-0.306622180666676,0.2711165091275787
78.15,0.8541297577388987,56.27122753177612,7.962622452243525,-0.24933119712730673,0.2689698977211008
78.2,0.876663000296844,56.32082952012308,8.014845191825604,-0.19215390223828346,0.25923940330568385
78.25,0.8982787786873511,56.37042851850906,8.077736858801444,-0.13791280537161796,0.24287714665185797
78.3,0.9188665220475742,56.42003045976303,8.15830809217963,-0.08874222038804401,0.22629476127736184
78.35,0.9383321170130406,56.46964010623286,8.261942375358025,-0.04604840728847809,0.2147122761337975
78.4,0.9565917381367391,56.51926125248542,8.390051023441908,-0.010536354384769341,0.20774781784066315
78.45,0.9735695142337907,56.56889628167019,8.541146598841246,0.01791199116077131,0.20203877366975986
78.5,0.9891914980774628,56.618545242598394,8.71270715737823,0.04040673963686566,0.1947071980937533
78.55,1.0033803245592434,56.668205389840125,8.902235236046234,0.05903736733450246,0.1850343711596074
78.6,1.016056891875323,56.717872133966864,9.105815083046878,0.07640290699801874,0.1728037784680704
78.65,1.027151902034766,56.767540955217676,9.314117021789935,0.09466933090746579,0.15580947350378924
78.7,1.0366228109691737,56.817208665221706,9.512943639859758,0.115109287811394,0.13293532457377538
78.75,1.0444584377675712,56.86687353194774,9.69008636090646,0.1385867473050582,0.108149789146651
78.8,1.0506727008940016,56.916535318319895,9.83922048419834,0.1658991756763815,0.08917139428450227
78.85,1.0552927044365437,56.96619541265515,9.959316375125521,0.19770419333273637,0.08295159639016231
78.9,1.058341318210437,57.015856590768486,10.052752782279473,0.23437542793924787,0.091367390916541
78.95,1.0598304031590717,57.06552278471165,10.123259274010348,0.2757693794509083,0.11068642632178721
79.0,1.059768837790469,57.11519896001479,10.1750259243142,0.32103455850621176,0.1352649033336382
79.05,1.058168182503449,57.1648906323874,10.212391023275478,0.36864128397377227,0.16061949259463593
79.1,1.0550434443249506,57.21460340277893,10.238779155074472,0.41649818445254533,0.1833431040781045
79.15,1.0504122838936512,57.26434228091202,10.255672242122579,0.4621398534256113,0.20085138360936833
79.2,1.0442941009833384,57.3141108767293,10.262810953811918,0.5031132998208222,0.2119290342150495
79.25,1.0367128551880957,57.36391110823057,10.259312144267527,0.5373939400645842,0.2174577799557363
79.3,1.0276989122151297,57.41374315535181,10.244524084196959,0.5636838167089967,0.2201948757641973
79.35,1.0172880307620262,57.46360554130656,10.218144110710641,0.5815675921622376,0.2228854018464894
79.4,1.0055252118201108,57.513495560556166,10.180405027229504,0.5915436027027998,0.22665375352697462
79.45,0.9924688875578864,57.56340944613187,10.133084772441505,0.5950389738824676,0.23178951357293265
79.5,0.978185811459868,57.61334213572769,10.080314737635323,0.594345562150328,0.23909803860779547
79.55,0.9627423495760844,57.66328740934615,10.02742632664491,0.5922473174691874,0.2491732760190582
79.6,0.9462036419098961,57.71323868044889,9.978551554370988,0.5913954022025035,0.26107695342805226
79.65,0.9286408420820602,57.76319007355899,9.934978752164367,0.5937336329440923,0.272349853241802
79.7,0.9101397682450525,57.81313717747466,9.89547615515864,0.6002307867360274,0.2810646293881971
79.75,0.8908047929745005,57.863077188128266,9.85779583234083,0.6109252071199787,0.28825884302932836
79.8,0.8707551885840884,57.913008686381666,9.819216127199642,0.6250681439845392,0.29757248089581856
79.85,0.8501152525084336,57.96293126055363,9.776465341175241,0.6413564007563083,0.31220956413806034
79.9,0.8290110244684656,58.0128453977496,9.72672606143991,0.6582313108929407,0.33279685730812253
79.95,0.8075737284967478,58.06275253503427,9.668975894877066,0.6741138039803916,0.35725149091905156
80.0,0.7859351293694443,58.1126545982296,9.604864571754163,0.6876794016259934,0.3807148575530001
80.05,0.764224160984328,58.16255341074621,9.53820600858422,0.6980040790874148,0.39646611041982627
80.1,0.7425787774585426,58.21245066461774,9.472612546931822,0.7043741564336847,0.3991623207513247
80.15,0.7211606438870067,58.262348233518,9.410097371964456,0.7061273221441441,0.3874892155647285
80.2,0.7001601833555727,58.31224829586603,9.351631473718387,0.7027291907147879,0.3647835559185022
80.25,0.6797900809640525,58.362153115725825,9.297874293310604,0.6939166552044628,0.33792045859749315
80.3,0.6602706492643261,58.41206482623162,9.248659314492135,0.6797027817720112,0.31413137444691325
80.35,0.641817268913048,58.46198554638493,9.202551131016317,0.6603113903640835,0.2980677000164162
80.4,0.6246300356437666,58.511917280424214,9.157447667929945,0.6362389355363689,0.2907873929983585
80.45,0.608886529280532,58.561861453709604,9.111538797801567,0.6083871751571677,0.29057498144587174
80.5,0.594748038103496,58.61181923170986,9.064011663799603,0.5779954531635338,0.29501002386246544
80.55,0.5823704313044414,58.66179237966124,9.015048775375949,0.5463743458331681,0.30242173873867306
80.6,0.5719039439551695,58.711783682456016,8.964615220492963,0.5145883929858984,0.3109761725801882
80.65,0.5634895698802246,58.761797219767445,8.91045965912021,0.48314035369371383,0.3169260089820775
80.7,0.5572571755455631,58.81183791018236,8.847855114688356,0.45198554101519073,0.31585708230608
80.75,0.5533102377824292,58.861909204070066,8.771715085956082,0.42104541225522174,0.30588863815294143
80.8,0.5517131201134284,58.91201169056912,8.678373192564603,0.3905380520227053,0.28924690417126786
80.85,0.5524965336211851,58.96214439687972,8.565486765016999,0.36075139440584225,0.2714027439719757
80.9,0.5556554538463241,59.01230573112947,8.43158053831156,0.33187642575557014,0.2580969417815993
80.95,0.5611371839018254,59.06249321393373,8.276506641909215,0.30409395245596166,0.25268276556941033
81.0,0.5688346335737848,59.11270298812094,8.102289093378728,0.2776715715933701,0.2559373551132401
81.05,0.5785922841432528,59.16293018345046,7.912849140862971,0.25286144710466535,0.2661971562439729
81.1,0.5902204804298086,59.21317013211757,7.7126985369152266,0.2296688396076423,0.27849241314126993
81.15,0.6035133207475305,59.26341941158652,7.50632445195948,0.20772384723273213,0.2855367501578469
81.2,0.618269367081199,59.31367619001917,7.299124701035756,0.18632668539735436,0.2821972731256171
81.25,0.6343046938251897,59.3639399045302,7.097664258540099,0.16454012389534,0.2691605188759322
81.3,0.6514521674922042,59.41421083128642,6.907233935164881,0.14119910930661295,0.25118362936156413
81.35,0.6695518668141163,59.4644895940644,6.72931478298221,0.11499757231992573,0.23287817029956726
81.4,0.6884448432587942,59.51477664944986,6.562881038092907,0.08477781857367067,0.2179878011510767
81.45,0.7079658787949495,59.56507138478702,6.408154937693111,0.049938831109016125,0.21110863277344438
81.5,0.727927323692197,59.61537098632851,6.267466109536419,0.01070941383661823,0.21593079768219023
81.55,0.7481069253137705,59.66567011586836,6.143302681535113,-0.03186752996618265,0.23102871103806327
81.6,0.7682531241582384,59.715961753073415,6.035598184111708,-0.07622238155771975,0.24722282654415065
81.65,0.7881103900876517,59.76623853329753,5.941293730524614,-0.12062441708006123,0.2515712072471956
81.7,0.8074505465298634,59.81649371756456,5.857633183947387,-0.1634124534273165,0.2367784249877761
81.75,0.8260903199241877,59.86672181421236,5.78477855238884,-0.20315351722288835,0.20613311329897138
81.8,0.8438901039057927,59.91691910462055,5.726091187778678,-0.23878866012633093,0.17098509155275005
81.85,0.8607363570749021,59.967083754367124,5.6857826430134715,-0.26977083203392366,0.14346342978997204
81.9,0.8765179494818418,60.017215215424955,5.66576269812362,-0.2961334053806203,0.13011197071376854
81.95,0.8911112449830743,60.06731357958189,5.663938034231117,-0.3184340707922843,0.12867593070831157
82.0,0.9043876484360857,60.11737969926514,5.674571765119051,-0.3376861215428654,0.12987399842130257
82.05,0.9162425286343764,60.167415849970936,5.691841232503529,-0.35531401995827744,0.1253365533499664
82.1,0.9266158900141935,60.21742572667587,5.7134332129578285,-0.37299632806242167,0.1137306090981983
82.15,0.9354865281440341,60.267413314843225,5.7416416917426005,-0.39232093050159067,0.10109724043652141
82.2,0.9428524568617973,60.31738188291227,5.781827514980387,-0.41444556619706924,0.09635031348164859
82.25,0.948718053725479,60.3673341232081,5.838602358982617,-0.44002175871016513,0.10434477598385845
82.3,0.9530980762466532,60.41727317627869,5.912500535512001,-0.4693734524716719,0.1220564503662361
82.35,0.9560224663666989,60.467202843065465,5.9991514685257785,-0.5025812121173239,0.140119953272288
82.4,0.9575312393605258,60.5171261548405,6.091371384425705,-0.5392763345460012,0.14857999515997775
82.45,0.9576841052052675,60.56704503536939,6.182554740956096,-0.5785675816079106,0.14326931295772374
82.5,0.9565706003818456,60.61696087021803,6.2687794134680175,-0.6191211552688858,0.12796035123050198
82.55,0.9542990042506551,60.666874270633755,6.349054611755003,-0.6591817548154115,0.11204507107359
82.6,0.9509812809775595,60.71678518162906,6.424612025897886,-0.6966873086856823,0.10566148320338054
82.65,0.9467228299425071,60.7666936413152,6.497687729715113,-0.7295428632076871,0.11430836108522752
82.7,0.9416119189197752,60.81660008928597,6.570097129726377,-0.7559406405236274,0.13630810374784316
82.75,0.9357159110694165,60.86650544424237,6.6424193671934715,-0.7746543806918151,0.1639810979476607
82.8,0.9290830191230267,60.91641074314335,6.714449412484412,-0.7851447790424464,0.18742916758851028
82.85,0.9217433865692848,60.966316080376224,6.786372740077378,-0.7874607982877997,0.19993539268628957
82.9,0.9137175767372943,61.016220544539465,6.859006665807663,-0.7822107773302925,0.2010596350042293
82.95,0.9050312327062514,61.066123518086556,6.932964334036982,-0.7706419513889904,0.1954140937240967
83.0,0.8957173843569941,61.11602515947794,7.007959577000329,-0.7545563710370855,0.1894047104354267
83.05,0.8858075282818126,61.165925787053794,7.082596674785531,-0.7360736644418071,0.1883963259611524
83.1,0.875323619731902,61.21582529195219,7.155510350179085,-0.7172922915350448,0.1948337022233005
83.15,0.8642774604643116,61.26572298234699,7.227786660139448,-0.6999019515824426,0.20784962694420667
83.2,0.852680430537624,61.31561793101873,7.302962733140962,-0.6850668440678985,0.22440068894290705
83.25,0.8405543676322269,61.365509240455964,7.384422536761637,-0.6735136886077827,0.2401823290368714
83.3,0.8279362381509121,61.41539569554165,7.473715732130614,-0.6655417460608236,0.25089863127051704
83.35,0.8148826137685946,61.46527542963375,7.5690247084109625,-0.661150106290559,0.25444900298926587
83.4,0.8014729308397358,61.51514585574494,7.664820555689022,-0.660148794925214,0.2528472111134175
83.45,0.7878074214861894,61.5650039356681,7.754805847978997,-0.6619629495514784,0.2513314394566183
83.5,0.7740031274444391,61.614846828597756,7.83345664499428,-0.6655676391503903,0.25437512029975595
83.55,0.7601874539486618,61.664672183477464,7.895883083373262,-0.6696028670152585,0.2628277551405766
83.6,0.7464911410853157,61.71447790291874,7.939472481318264,-0.672398572352323,0.27520734416137055
83.65,0.7330410791676175,61.7642619424665,7.965246993753429,-0.672050401630911,0.2897216618949546
83.7,0.7199542559841552,61.81402230132403,7.97754135375091,-0.6666260393840296,0.3054120791800866
83.75,0.7073405804961588,61.86375750814999,7.983118209417149,-0.6544677904794121,0.3229508176337002
83.8,0.6953065467059412,61.91346730625717,7.9892929338079615,-0.6345534194635637,0.34342217539248987
83.85,0.683954784071913,61.96315312226219,8.001440611232574,-0.6068201739504088,0.3659773724297437
83.9,0.6733844380969565,62.012818290477895,8.021183532472879,-0.5723484854479655,0.38680278867028567
83.95,0.6636885881560225,62.062467385632345,8.04638978045881,-0.5331727998278649,0.40023655259252877
84.0,0.654953315099795,62.11210487864334,8.073599844867276,-0.49172636022817806,0.40252262411519585
84.05,0.6472645569147791,62.16173457495757,8.100530944982944,-0.4503546386907823,0.3947611653305577
84.1,0.6407094775961268,62.21135973934622,8.126405027582518,-0.4110573321962263,0.3814593579533922
84.15,0.6353714605989977,62.260983275533626,8.150886635285952,-0.37532847352709414,0.3661495806243393
84.2,0.6313304865927283,62.31060789473786,8.173803509392659,-0.3440041054942635,0.34831364921977925
84.25,0.6286639921290634,62.36023575767058,8.196036063135914,-0.3170939549018608,0.32435319407370056
84.3,0.627450040368155,62.40986823426879,8.219985761683438,-0.2937911300563765,0.29143099817178963
84.35,0.6277743601947925,62.45950616565702,8.249513865860264,-0.27269509856547747,0.2515409693322999
84.4,0.6297262515782236,62.509149990627684,8.289089390162001,-0.252110804695819,0.2123075173711564
84.45,0.6333742249495575,62.55879943339406,8.341573562130305,-0.23035195911206882,0.18235121369414203
84.5,0.6387449744480087,62.6084534132441,8.407120434096063,-0.20593067150107533,0.16609332943766827
84.55,0.6458264146953531,62.658110881522475,8.48431223661841,-0.17767221167801883,0.16258835965115903
84.6,0.6545830747858871,62.707771900158626,8.571614691776295,-0.14487109061995526,0.16758949793304617
84.65,0.6649688704292708,62.75743813520296,8.667884346903115,-0.10747421214236892,0.17653985348154572
84.7,0.6769272508952958,62.80711238174269,8.771900075472713,-0.06614447414614934,0.18623468688498881
84.75,0.6903833381649733,62.8567978169251,8.881261983747256,-0.022159040482204843,0.19363306751261308
84.8,0.7052482400843538,62.90649795742399,8.992356265199287,0.022801168703050875,0.19527549569972782
84.85,0.7214348799508482,62.95621689463673,9.10190839188499,0.06692726847756644,0.18974732408085104
84.9,0.7388643651928616,63.00595884301205,9.208803549804392,0.10862256336913081,0.18040784579184202
84.95,0.7574576120020496,63.05572724967819,9.31472926658838,0.14681034658489772,0.17558301313460073
85.0,0.7771167978732989,63.105524357702286,9.421797095516634,0.18096542468090124,0.18328401270389427
85.05,0.7977083311868962,63.15535114021351,9.530018755117103,0.21098019815645044,0.20524536341556845
85.1,0.8190534839432969,63.205207033076434,9.635956295849926,0.23706002959046074,0.23450637167928878
85.15,0.8409327356466832,63.255089507968464,9.732829086476523,0.25971044265168247,0.25822917677753626
85.2,0.8631059972789602,63.304993615629385,9.81441701210406,0.2799388968378692,0.2672423237520655
85.25,0.8853319332147392,63.354912303156006,9.878312057520946,0.29935657712181907,0.26182516774792824
85.3,0.9073750764194563,63.40483774201042,9.925084776408415,0.3198789425995558,0.24863553198040392
85.35,0.9290069171683322,63.45476290970848,9.955923693291334,0.34319418105546634,0.23515940433513363
85.4,0.9500078187454906,63.50468267551423,9.971521192926541,0.3703477910551849,0.2266743587183809
85.45,0.9701698118798588,63.55459416886055,9.972474653358805,0.40159136745872775,0.2259567042722285
85.5,0.9892979675086083,63.60449654098753,9.96007832182817,0.43640969474678626,0.23448586279457742
85.55,1.007211719267002,63.65439072941704,9.936552409062928,0.4735843289780442,0.25298076621169174
85.6,1.0237445484876084,63.70427930361451,9.903832166102323,0.5112332548386702,0.2797986119490249
85.65,1.038742524666277,63.75416587964491,9.862183449069434,0.5469839270807537,0.30979993071865347
85.7,1.0520663871705471,63.80405420026859,9.811331143513456,0.5784797843262699,0.3363426318105475
85.75,1.0635955445485343,63.85394700115328,9.753711992035848,0.6040874886194977,0.3559802027240412
85.8,1.0732245453502238,63.903844975556936,9.695751276820955,0.6233314527284378,0.3705118043257097
85.85,1.0808573754823796,63.95374679577054,9.645087756652305,0.6367053160564006,0.3829936202767404
85.9,1.0864096861850832,64.00364991373857,9.607128537584352,0.645167031037001,0.3937008047485918
85.95,1.0898159896303246,64.05355136390855,9.583584402049219,0.6497275196174198,0.3996553338347855
86.0,1.09103261424732,64.10344793158158,9.57308119068544,0.6513554231024654,0.39663317517858043
86.05,1.090041584839026,64.15333608570293,9.572705615161027,0.6510504730097272,0.3827631150779661
86.1,1.0868635321963798,64.20321281120337,9.578749072483967,0.6497268250399206,0.3602826760399117
86.15,1.0815625082931228,64.2530763982128,9.587056439632471,0.6480614939728764,0.33461729378133315
86.2,1.0742405385730522,64.30292675255987,9.593771559864818,0.6464636245299148,0.3123451678143713
86.25,1.065029957863654,64.35276557428072,9.595723126022007,0.6450484738754586,0.2985731973914137
86.3,1.05408145583056,64.40259602841968,9.591344035100898,0.6437635969189502,0.2954074993184421
86.35,1.0415534266633277,64.45242211129074,9.581553459546925,0.6425540055393145,0.3023453375034444
86.4,1.027605591663716,64.50224821494501,9.568239461840271,0.6412372142590609,0.3166091299780455
86.45,1.012398535227685,64.55207903941317,9.552483802241285,0.639327319934042,0.333455529055012
86.5,0.9961028711183251,64.60191992174684,9.533237107536698,0.6358945494987761,0.3468963364443044
86.55,0.9789087295672229,64.65177682534616,9.506656195749954,0.6295774088274796,0.35156138380523616
86.6,0.9610222551470505,64.70165517218729,9.468480698007262,0.6191023867680945,0.34610547922118967
86.65,0.9426502135811227,64.7515586063474,9.416245498421603,0.6038248583908911,0.333423968472131
86.7,0.9239820455004715,64.80148841695076,9.348586584615651,0.5838628293064969,0.31728195339812365
86.75,0.9051791185717861,64.8514434031506,9.264422893390917,0.5600799837610988,0.2998537917406671
86.8,0.8863869171203916,64.90142111126595,9.163785903456482,0.5338992483983704,0.2820086895077416
86.85,0.867756394801448,64.95141973655579,9.04886576066095,0.5069308422897877,0.2648130247751344
86.9,0.8494444789319563,65.00143841861072,8.92503926250893,0.4807842012484203,0.2512995054960908
86.95,0.8316011098554568,65.05147691503193,8.800754195185162,0.45693147617325075,0.24566906894191692
87.0,0.8143563659393849,65.1015356883348,8.684790844191596,0.43640236520608855,0.24931320353937705
87.05,0.7978097168514876,65.15161532820213,8.583405742877977,0.4195808345987765,0.25913998628314555
87.1,0.7820307869555129,65.20171577127067,8.499425594338542,0.40616726614755927,0.2701596678224962
87.15,0.7670739300002822,65.25183647827593,8.432049893439801,0.3951084581388937,0.27904088034804336
87.2,0.7529878027727298,65.30197676240402,8.376881304995583,0.3846732441908637,0.28524982213440947
87.25,0.7398183927803412,65.35213620949767,8.326665074915324,0.3727023028729784,0.2897432620163425
87.3,0.727610801655356,65.40231504782491,8.27213410499991,0.356871494051229,0.2933286619974321
87.35,0.716409286412965,65.45251386300072,8.204092062782692,0.335111835919255,0.2962474022231586
87.4,0.706253344491909,65.50273241296127,8.116437242320288,0.3061785011683394,0.2994144050286722
87.45,0.6971656472440425,65.5529680171057,8.007515292034403,0.27006858271913126,0.3051246156793855
87.5,0.6891446368412518,65.60321534341833,7.879180290805231,0.22798794008647172,0.31521783785670815
87.55,0.6821656512633996,65.65346761217837,7.734689275018713,0.1819554875844023,0.32743661293368254
87.6,0.676186111407264,65.70371768243926,7.57744785037137,0.13437842853141585,0.3346414360045329
87.65,0.6711571047131042,65.75395856075063,7.4119079998239386,0.08776685616979418,0.32925978619043433
87.7,0.6670389838706432,65.80418352333136,7.245888669642717,0.044546713142500305,0.31084774830512324
87.75,0.6638045288544504,65.85438618508714,7.090124978447726,0.006793686295514628,0.28809804822171126
87.8,0.6614232707794413,65.90456103524193,6.953462758375146,-0.02419527974175025,0.27029958862005704
87.85,0.6598555084253876,65.95470459313962,6.83971913690464,-0.048264919015077554,0.2599478120103418
87.9,0.6590624608533234,66.00481628658093,6.748176685071702,-0.06645748868819001,0.25270531137889496
87.95,0.6590188085628752,66.05489842211507,6.676154044452107,-0.08075958570224799,0.24213752073095005
88.0,0.6597232656930074,66.10495566282793,6.62176404989283,-0.09374115601335296,0.2251520001761386
88.05,0.6611996414219199,66.15499407723574,6.584797072634915,-0.10817093384544609,0.20404930537462737
88.1,0.6634880153045538,66.20502001149185,6.565681040007367,-0.1266465013452761,0.18483033811092803
88.15,0.6666306433432679,66.2550391747922,6.5636084223344175,-0.15128068635430933,0.17284481028544976
88.2,0.6706583016229395,66.30505575650758,6.576198055340141,-0.1833878824726991,0.1697089775197399
88.25,0.6755861597820033,66.35507184886897,6.600789771683011,-0.2232612338821047,0.17384966477902922
88.3,0.6814167027123198,66.40508755763753,6.635327265862421,-0.27015300259953595,0.18215918270395245
88.35,0.6881417037262558,66.45510136924757,6.677843112348356,-0.32241491639903125,0.19089928082217586
88.4,0.6957384045998286,66.50511004365264,6.725481283098788,-0.3776602715616912,0.19600483714433706
88.45,0.7041653470570228,66.5551085699326,6.77386896236317,-0.43296230386947265,0.19286607569951014
88.5,0.7133706047839715,66.60509098919452,6.818051631158016,-0.485177414529509,0.1782446844241762
88.55,0.723303258914867,66.65505144321338,6.855433233402693,-0.5312511053996236,0.1536548628868812
88.6,0.7339192073885707,66.7049853326038,6.88825620644971,-0.568518315836865,0.12600029486571573
88.65,0.7451785126605449,66.75489030700851,6.923223747448024,-0.5950744881522219,0.1049574652493832
88.7,0.7570286357333896,66.80476639496318,6.9677016485792125,-0.6101197311751378,0.09728904791353987
88.75,0.7693893052746414,66.85461574692408,7.025548324814392,-0.6141899377284268,0.10193837024688922
88.8,0.7821602299183588,66.90444261647266,7.096179223051404,-0.6092150455902511,0.11167781636716267
88.85,0.7952461481340047,66.9542534961077,7.176931907968277,-0.5983395598065727,0.11952150793957653
88.9,0.8085800476498717,67.00405716866486,7.26560535555894,-0.585553910528855,0.12356318436828946
88.95,0.822129495720198,67.05386434269406,7.360507598322742,-0.575218935235223,0.12637559138666626
89.0,0.8358810905545611,67.10368616171722,7.459548456442449,-0.5714052187268754,0.1310092034259547
89.05,0.8498185826980275,67.15353216021909,7.559974289147012,-0.577193447528371,0.1379784706998375
89.1,0.8639104005419385,67.20340879166876,7.658373247092084,-0.5941797903740532,0.14458449901137366
89.15,0.8781062926242875,67.25331856098056,7.751009577422107,-0.6222258343456142,0.1466331042081863
89.2,0.8923388197435469,67.30325968696916,7.83409517308879,-0.6594835525049411,0.14139434336060447
89.25,0.9065257148593968,67.3532262155895,7.904833463916073,-0.702609421478246,0.13057917703682922
89.3,0.9205677287694649,67.40320838231729,7.963264835042199,-0.7470452747156142,0.121129176580522
89.35,0.9343421140266175,67.45319389603868,8.011504539577695,-0.7875730058784057,0.12083926010106552
89.4,0.9477014841395851,67.50317039375874,8.051847636124068,-0.8191484053787154,0.1329086888227276
89.45,0.9604826083829522,67.55312773909833,8.086280922721778,-0.8376780892166201,0.15429490121598247
89.5,0.9725188059801333,67.6030591550918,8.116685123364745,-0.8405657088459203,0.17811072159514596
89.55,0.98364981046601,67.65296129670428,8.145370862086274,-0.8269708452237986,0.1977528414495372
89.6,0.9937292252345067,67.70283388909063,8.175590648096595,-0.7978072655079332,0.2100517692039801
89.65,1.0026319352990807,67.75267944282322,8.211328908135405,-0.7556266323279738,0.21670176915775632
89.7,1.0102565576848723,67.80250300114454,8.255610060410492,-0.704451879503506,0.22261403346022945
89.75,1.0165223494221018,67.85231171783599,8.308949830102744,-0.6494064791817717,0.23193614912340085
89.8,1.0213669029219021,67.90211408332188,8.36922206980252,-0.5961019182683613,0.2452804464868171
89.85,1.0247436697176184,67.95191847871168,8.432196274990924,-0.5498719875536622,0.2597929212556061
89.9,1.0266206469207058,68.00173142105388,8.492868520767649,-0.5149405692772572,0.27133827526922005
89.95,1.026985451661387,68.05155652979171,8.547020397878509,-0.49377880780608446,0.2764277663027163
90.0,1.025850010931738,68.10139422313208,8.591814525366276,-0.486812440775885,0.2730047066161791
90.05,1.0232514379213546,68.15124190703463,8.625616602750089,-0.49247540251789756,0.2610503548945641
90.1,1.0192553517269192,68.20109497600792,8.6474332904127,-0.507614212364852,0.24310292230361377
90.15,1.013951311187002,68.25094762204984,8.656439220800053,-0.5279825719311856,0.22359442572463123
90.2,1.0074344051834796,68.3007926388212,8.652626258347349,-0.548579933921599,0.20771024666714
90.25,0.9997880996402112,68.35062144701128,8.637828975009388,-0.5640522366204923,0.20023066851491517
90.3,0.9910758036265029,68.40042504329777,8.615517605362621,-0.5693386196696445,0.2034720875464555
90.35,0.9813430189909162,68.45019566063414,8.590232807833885,-0.5603888926624532,0.21576880416680255
90.4,0.9706369188040109,68.49992891868675,8.567449976972625,-0.5348053998566089,0.2328534862605093
90.45,0.9590289508259732,68.54962510287919,8.553584389388453,-0.49222591308906416,0.25155794075324694
90.5,0.9466133097745025,68.59928857676667,8.554997839354964,-0.43434102170231664,0.2709757071523725
90.55,0.9334901105225666,68.64892653802477,8.575852134053337,-0.36468939758971913,0.2895484958195254
90.6,0.9197621643839843,68.69854841348804,8.617156164270954,-0.28827467394721085,0.303327967860612
90.65,0.9055429899385607,68.74816514206773,8.677411692429292,-0.21093313812306597,0.3074023965579732
90.7,0.8909673479251088,68.79778819563792,8.753573612671634,-0.1385883156183342,0.29842382460424166
90.75,0.8761960274365524,68.84742831667145,8.841480090161077,-0.07654305669906557,0.276826818624709
90.8,0.8614034039932257,68.89709351332263,8.935725697364232,-0.0287842742461559,0.24702111310851982
90.85,0.8467610299715853,68.94678744803527,9.03025311954633,0.002638612144884705,0.21606803994063
90.9,0.8324291197307618,68.99650918951912,9.119690086177473,0.017958163144330137,0.191675522918137
90.95,0.8185556485811001,69.04625431280805,9.199649941327417,0.019517656182006186,0.17920850152293855
91.0,0.8052745824271849,69.09601610931331,9.268752087133768,0.011552480600084179,0.1800196387920964
91.05,0.7926990408872482,69.14578606405331,9.33165477922531,1.4853158930481624e-05,0.19259100026024067
91.1,0.7809192831407085,69.19555464848838,9.396567284483995,-0.008350811218220115,0.21372948129156488
91.15,0.7700043991806061,69.24531273135024,9.470799952633275,-0.0072910865885918285,0.2381345195752751
91.2,0.7600186187302598,69.2950536302509,9.55926027902469,0.007894202155298399,0.2600263838788875
91.25,0.7510461162927018,69.34477504258928,9.663656091146944,0.039486863374722576,0.2767628115572673
91.3,0.7431912405690461,69.39447916320516,9.78236213661527,0.0871271767452583,0.28985510863581865
91.35,0.7365555477632574,69.44417150035103,9.911755498243597,0.14830953400125507,0.3019151789244668
91.4,0.7312236217000552,69.49386043515142,10.04516313271993,0.21870336258199624,0.3113058831999535
91.45,0.7272673968608279,69.54355679340416,10.171855769977466,0.292477081377005,0.3117295250382691
91.5,0.7247583464621423,69.59327212167504,10.28143465744438,0.3633838307387928,0.3000917249980574
91.55,0.7237690326454586,69.64301689031707,10.368319988374644,0.4260188647280646,0.2808029446002576
91.6,0.7243607316064878,69.69279926597713,10.432396072642948,0.4766325622991333,0.2626889502947005
91.65,0.7265658486436892,69.7426241910734,10.477196807067372,0.513438212620586,0.25387105074550825
91.7,0.7303758778944502,69.7924931463925,10.506666006267714,0.5363836322344427,0.2573640349555431
91.75,0.7357369410313845,69.84240410045402,10.522580565769923,0.5467542379496604,0.2697864356823078
91.8,0.7425529168482929,69.89235147027088,10.524093867062934,0.5468945998834985,0.28401037685526326
91.85,0.7507030419592154,69.942326996784,10.509378079782115,0.54001440997365,0.2936957213475335
91.9,0.760061436500701,69.99232116670427,10.478023762295743,0.5300113306762221,0.2967028605798684
91.95,0.770501888775482,70.04232432341237,10.43178323533422,0.5210944573976386,0.29547457781692116
92.0,0.7818936678420829,70.0923275515003,10.373320529798908,0.5171471727477386,0.29461725622268836
92.05,0.7940966617326125,70.14232344962366,10.304991693483109,0.5211682484370168,0.29724800618562525
92.1,0.8069507292967812,70.19230598153547,10.229098821430094,0.5350764602993423,0.3035012669168255
92.15,0.8202709797588392,70.24227018713815,10.149147991746844,0.5596977497168582,0.3122266590441303
92.2,0.8338583490034955,70.29221274675234,10.070820018427982,0.594723829408134,0.32316422210571555
92.25,0.8475118364903428,70.34213271808626,10.000802632458456,0.6385368030209131,0.3366268983090447
92.3,0.861039845750743,70.39203231163383,9.943751287647052,0.6879609980421678,0.35058106786602933
92.35,0.8742710829721356,70.44191698725511,9.901274306311908,0.7385116688147331,0.3592909256378818
92.4,0.8870666821890453,70.49179450216609,9.873562256173368,0.7851465616550266,0.356201976233253
92.45,0.8993361137693608,70.54167387575964,9.860743280519852,0.8229800382098087,0.33814134135619694
92.5,0.9110470795231763,70.59156462236061,9.862522835879924,0.8477743259570897,0.3067033789975768
92.55,0.9222186223463621,70.64147555382003,9.87650548954943,0.8562653041101581,0.26771119417806133
92.6,0.9329043154592201,70.69141335367406,9.895548755010966,0.8462989365646995,0.2301839161377807
92.65,0.943167483461303,70.741381402269,9.908087208610889,0.817259978777371,0.2029512593764243
92.7,0.9530537559487487,70.79137896467348,9.903484996927084,0.7708738663199253,0.19130335227596335
92.75,0.962572269671446,70.84140085434433,9.875619525139088,0.711400916916954,0.19618153319642678
92.8,0.9716861867586151,70.8914377080826,9.822836006601856,0.6450956977314026,0.21450712733840532
92.85,0.9803171477611479,70.94147738472567,9.747158236392332,0.5793242622586626,0.24016926522034598
92.9,0.9883655582455015,70.99150745617581,9.653199534334119,0.5214205246760895,0.26617847849932563
92.95,0.9957355522280559,71.04151784355932,9.54709269728093,0.477523835711325,0.2877288516488835
93.0,1.0023506975527432,71.09150259419417,9.436294208289434,0.4517512163818551,0.304608654967923
93.05,1.0081549758100947,71.1414607826146,9.32897280197047,0.44567090710989454,0.3198762198637245
93.1,1.0131057764947293,71.19139679621732,9.231927232393337,0.4579783825034288,0.33541863199872757
93.15,1.017170254637917,71.24131985401388,9.148835994878793,0.48457736142548524,0.349617368706709
93.2,1.0203261714842358,71.29124270949504,9.08012365428712,0.5192172672770978,0.35837527967210575
93.25,1.0225637778408108,71.34117970690454,9.02427996348772,0.5545621947890405,0.35777117154038957
93.3,1.0238942983269272,71.39114534517925,8.979210550804694,0.583206516331526,0.3466724071285454
93.35,1.0243582304683234,71.44115342924559,8.942707178647291,0.5984776010261414,0.32758675552161065
93.4,1.0240172496499031,71.49121547123227,8.91250898596992,0.5952502312134977,0.30545012645436653
93.45,1.0229346509607053,71.54133870583172,8.886190944223832,0.5706773585322239,0.28484199376548125
93.5,1.0211537471696013,71.5915242963047,8.860801571256141,0.5246285867043818,0.2676593814984919
93.55,1.0186844947668527,71.64176643122815,8.832723885656925,0.4597447746100236,0.25288006996238627
93.6,1.0155143531936548,71.69205376255199,8.798180555643599,0.3809761954842453,0.23827071475942113
93.65,1.0116350210235001,71.74237242688173,8.753915884359703,0.29471290714157694,0.22302029869680406
93.7,1.0070560279820515,71.79270844878776,8.697299657177929,0.20784824310771396,0.2089254397181369
93.75,1.0017973607165485,71.84304890851772,8.626360072662726,0.12700616518451024,0.19909148283912273
93.8,0.9958773593533863,71.89338260855337,8.539968447521655,0.05788570778157012,0.19607121949863873
93.85,0.9892990653129439,71.94370013808259,8.438051616318768,0.004771082902490396,0.20114965817949926
93.9,0.9820402282746089,71.99399394348366,8.321964569664324,-0.029795539137503414,0.21400944039352873
93.95,0.974059120341452,72.044259366698,8.19487034744957,-0.04529545992755557,0.23253577108352266
94.0,0.965310111840722,72.09449565619511,8.061981944388872,-0.0433639207686057,0.25417571926494303
94.05,0.9557552546342571,72.14470604442062,7.929733944497533,-0.027700879766145877,0.2771327388783475
94.1,0.9453697349026032,72.19489724840714,7.803690973849584,-0.0037765004451230213,0.29936736910670586
94.15,0.9341477050093486,72.24507866620517,7.6857794869193095,0.02159993191887707,0.3172285581531198
94.2,0.9221043216416677,72.29526079821086,7.572523117562111,0.041011292604565326,0.32512079195782384
94.25,0.9092769517663586,72.34545302441059,7.457691139094794,0.047624349556870484,0.31884267254767024
94.3,0.8957296849179208,72.39566180127473,7.336135557317528,0.03629681285258678,0.30003186719482666
94.35,0.8815500712973291,72.44588943290807,7.20510299123744,0.004272119696385221,0.27643355102059863
94.4,0.86683378644167,72.49613340247669,7.064271325267643,-0.048437545749085334,0.25697280261260425
94.45,0.8516708099458781,72.54638676112417,6.9147432145544565,-0.1190764259321461,0.244817802324046
94.5,0.8361498972569014,72.59663927627146,6.7585169076313525,-0.2026097847239969,0.2372080012011539
94.55,0.8203704304311252,72.64687853414665,6.6011387837646796,-0.2923404512605206,0.23230883913439318
94.6,0.8044376420767914,72.6970908811007,6.453807602797605,-0.38057128446503924,0.23196169854547172
94.65,0.788444940139401,72.74726264886968,6.329766980070025,-0.4595235774518679,0.2364042906835615
94.7,0.7724713503268447,72.79738185206178,6.240131646133744,-0.5224360188528526,0.24187023390046133
94.75,0.7565987985908073,72.84744012522435,6.193749359572283,-0.5645004848128877,0.24446321988930161
94.8,0.7409289145599592,72.89743435213144,6.197879494617226,-0.5835038144930785,0.24296495533198587
94.85,0.725588004722399,72.94736736026739,6.256961685365574,-0.5801736306942348,0.23772023595777458
94.9,0.7107200126940835,72.99724747629554,6.370057957569249,-0.5581315633247421,0.2269419407975261
94.95,0.6964783270313013,73.04708730864029,6.5287244393595945,-0.5234587292210179,0.204740791031635
95.0,0.6830344361632571,73.09690220554933,6.718265492121361,-0.4839233373421294,0.16611600203855337
95.05,0.6705911284046112,73.14670854514385,6.922150358215872,-0.4478755041613754,0.11347702619111195
95.1,0.6593777272509546,73.19652172990294,7.125127426475526,-0.4230716734363217,0.05762407074790722
95.15,0.6496263701871846,73.2463540674325,7.3140851188535985,-0.41561314699541013,0.013226336848159357
95.2,0.6415418708428247,73.29621323232585,7.4790526349643764,-0.4290434678666135,-0.008034924710060993
95.25,0.6352782512732595,73.34610159964677,7.614277933016824,-0.4638259093317509,-0.0022756949879130673
95.3,0.6309297311364845,73.39601615121228,7.719324242376777,-0.5172810919286891,0.026732772847628643
95.35,0.6285366959219344,73.44594897734221,7.799760352159426,-0.5839523115456423,0.07137377165844325
95.4,0.6281013422236705,73.49588901845478,7.86529527242231,-0.6564462711660116,0.12262976647672269
95.45,0.629603817542384,73.54582442910682,7.9259867681688325,-0.7266114326876231,0.17053422172673227
95.5,0.6330143398281528,73.59574417752914,7.98942283625753,-0.7867195591918165,0.20611940624405892
95.55,0.6383021608013818,73.64563910829153,8.05996740527835,-0.8304263088078637,0.22426400033259142
95.6,0.6454390435528948,73.6955027708664,8.140052810086825,-0.8533604956724932,0.22552498147226513
95.65,0.6544020093212247,73.74533254441559,8.231547537402358,-0.8535398960780781,0.21610672079115764
95.7,0.6651741405932567,73.79513100801073,8.335112986898586,-0.8317387872822174,0.20479267493102138
95.75,0.6777368450227071,73.84490621394792,8.448804548651855,-0.7914902748405344,0.19812549039924984
95.8,0.6920561970006605,73.89467027722029,8.568745656269886,-0.7384597670975652,0.19805029162453722
95.85,0.7080759752866042,73.94443737616795,8.691129949968708,-0.6794976291250445,0.20341571083715415
95.9,0.7257177705586227,73.99422189367198,8.813049160520215,-0.6217380774368746,0.21246618253993604
95.95,0.7448776418917777,74.04403631311645,8.931483520658617,-0.5718207421813548,0.22464611654544508
96.0,0.7654182949735768,74.09388926949549,9.04207937223585,-0.5351538673866758,0.24027165289520763
96.05,0.787163109802278,74.14378448117044,9.139617559170565,-0.515174101241885,0.25827441956591746
96.1,0.8099010977548997,74.19372071433142,9.218951627852258,-0.512931918176206,0.27522969170834416
96.15,0.8333955600011134,74.24369185089449,9.276997634682827,-0.5268966720913931,0.2874550514539562
96.2,0.8573912559600013,74.29368711320544,9.314963609788473,-0.5529732260163727,0.2941321668320795
96.25,0.8816198481036943,74.34369214509402,9.33704431349473,-0.5851427228566445,0.29759335386855734
96.3,0.9057980406030121,74.39369048821337,9.347291026193245,-0.6165177934177977,0.30076549843799416
96.35,0.9296328816896331,74.44366571429856,9.347977226113462,-0.6404512762728644,0.30494050841543874
96.4,0.9528343923736438,74.49360348314684,9.340327270415282,-0.6513623332316834,0.31002993762020026
96.45,0.9751320833583234,74.54349323650514,9.326189669774331,-0.6452658527160119,0.3156443819197597
96.5,0.9962967397856024,74.59332983185662,9.308532913848255,-0.6202286733233329,0.3212448751603903
96.55,1.01615010661536,74.64311407410028,9.291151336081148,-0.5765872313990815,0.3264267531884095
96.6,1.034559058592195,74.69285194294903,9.278648221722896,-0.5168009997677154,0.3317984290164667
96.65,1.0514327062721058,74.74255380852117,9.275960746078297,-0.44516547534042455,0.3389516349613478
96.7,1.0667236303792478,74.79223396269614,9.286884131440404,-0.36747565829394385,0.3486326784203854
96.75,1.080417893908478,74.84190925731362,9.312600830420065,-0.2904114019671246,0.358003859744032
96.8,1.092525460371048,74.89159688604764,9.35192028111615,-0.22060161799510045,0.3611261302247148
96.85,1.103082028447325,74.94131234487861,9.402826230950813,-0.16367779608826719,0.35364618337576953
96.9,1.1121453071009704,74.9910676577578,9.462944010911327,-0.12358536399400623,0.3360477961534162
96.95,1.1197795848615297,75.04086988152959,9.528574898631254,-0.10217070784396005,0.3124576923086149
97.0,1.1260316030920252,75.09071942594507,9.594185823696206,-0.09882236484567515,0.2878292372431662
97.05,1.1309096576638722,75.1406089290877,9.653532363621167,-0.11024735374983069,0.2665662790301286
97.1,1.1343812496354975,75.19052460304853,9.700799170141936,-0.13086299026860437,0.25160876506967383
97.15,1.1363840582642948,75.24044925797956,9.730480988246871,-0.15376992326218802,0.2427818939734929
97.2,1.1368449577767337,75.29036546603933,9.737788726350882,-0.17181094012406978,0.23694774849891156
97.25,1.135702112991665,75.34025810401945,9.720465083416725,-0.17841558862249363,0.23076097480190905
97.3,1.132916809266641,75.39011570456854,9.68213454650751,-0.16809892268575338,0.22421345564155942
97.35,1.1284740563304307,75.43993108488682,9.634088056079161,-0.13692027591064276,0.22252234337909577
97.4,1.1223807747364358,75.48970262023632,9.590149815296563,-0.08347111870375022,0.23130842147611635
97.45,1.1146664245794502,75.5394355755489,9.560923133585801,-0.009678510271541324,0.2502630635869282
97.5,1.1053901092115757,75.5891418058638,9.553760078741838,0.07945617895077525,0.2745838611197411
97.55,1.0946452114580747,75.63883782295196,9.574277004049433,0.17677735557473237,0.2999385164851216
97.6,1.0825512607002734,75.68854227937885,9.625249506957783,0.27389479309558973,0.3228226999182498
97.65,1.0692445169365459,75.73827343971702,9.705452198184751,0.3622150118022796,0.33900819835530205
97.7,1.0548753719676174,75.788047067744,9.809132225909401,0.4339896460475185,0.34315441583285067
97.75,1.039612874371611,75.83787480460813,9.92663991162619,0.48331360381420896,0.3310265375572276
97.8,1.023646827157106,75.88776267354854,10.04757067089539,0.5071794435010337,0.30347958457901036
97.85,1.0071780618821853,75.93771031616902,10.162991310270849,0.5060512709308743,0.266414357067613
97.9,0.9904064511993333,75.98771153041992,10.265336441021239,0.4836469094426685,0.22739933626041442
97.95,0.9735215848357358,76.03775540774326,10.348734828045675,0.4463209369339227,0.19388865363380467
98.0,0.9566877222790222,76.08782722345309,10.409866595974604,0.4023221703598327,0.17259100841075872
98.05,0.9400243586011641,76.13790921899552,10.448037183281981,0.36089347356684254,0.16834704439038817
98.1,0.9236003046228451,76.18798256639002,10.464880383117766,0.3311392277793907,0.1831274537983047
98.15,0.907440418347424,76.23803023732604,10.463977978605877,0.3207835621653807,0.21505392348007735
98.2,0.8915378622868438,76.28803953022249,10.4503660315366,0.3350722258497877,0.2578475011970666
98.25,0.8758745450410153,76.33800395989245,10.430056011280021,0.37600018022873244,0.302386194437198
98.3,0.8604387381351619,76.38792387796775,10.409552068962105,0.4420400058669362,0.339937094296429
98.35,0.8452359509046179,76.43780592199556,10.395060641310533,0.5283271906961975,0.3649812492827264
98.4,0.8302980778003725,76.48766202419245,10.39141105695819,0.627181169811015,0.37620109295154913
98.45,0.8156904021714888,76.5375081315227,10.401507432096597,0.7290070597385793,0.37575179412249643
98.5,0.801511601032438,76.58736235110638,10.426716940228077,0.823575296553505,0.36784198892586567
98.55,0.7878902928079607,76.63724288682839,10.467053323518902,0.901328300427602,0.3569868957762139
98.6,0.7749793749658279,76.68716610054743,10.520548832722346,0.9544264369486333,0.34593623480002145
98.65,0.7629421385072555,76.73714423324019,10.58269612080668,0.9775861860745033,0.33484229355302786
98.7,0.7519388945455623,76.78718343497638,10.646086961374545,0.9686286296877371,0.3217166741069788
98.75,0.742120237343268,76.83728278370383,10.701046065823139,0.9288066671865984,0.3035052183983763
98.8,0.7336227287222135,76.8874340911402,10.738365593783607,0.8629934687493434,0.279357519990353
98.85,0.7265624797291909,76.93762272824348,10.751121288914321,0.7792123743301705,0.25381841384921183
98.9,0.7210291022069537,76.98782963170956,10.7342881057244,0.6875053578250131,0.23611959754720122
98.95,0.7170774312205792,77.03803381705768,10.684970718095574,0.598754820671125,0.23535751854713424
99.0,0.7147164477444674,77.08821491019849,10.603167990035537,0.5234637291163388,0.25522711183345487
99.05,0.7139065959876552,77.13835552812057,10.491741206194103,0.4704448954994205,0.29238365615220907
99.1,0.7145679746730353,77.18844323032977,10.355765257890267,0.4457123761972626,0.338038857654227
99.15,0.7165934596972846,77.23847180247088,10.201812115556212,0.4517525521884871,0.38121962676877863
99.2,0.7198678993853472,77.2884420528262,10.037295715604024,0.48713529947692796,0.4127660159932798
99.25,0.7242922790315066,77.33836205964013,9.869915193033556,0.5465579823530069,0.42865076352856046
99.3,0.7297958668307089,77.38824636755763,9.707526636867698,0.6214760770777161,0.4308880160291723
99.35,0.7363305381239514,77.43811425303389,9.557288822748855,0.701146112306326,0.4241101930394805
99.4,0.743868647417222,77.4879879006576,9.423626298172005,0.7737540623279157,0.41129457000197683
99.45,0.7524048630033472,77.53788992402515,9.30708931732112,0.8277500381310866,0.39345962690302794
99.5,0.7619469004129469,77.58783980651523,9.205603237055133,0.8535203757158565,0.3719794862992111
99.55,0.7725025609595154,77.637850920929,9.11637921452087,0.8448561319420749,0.34968634232305146
99.6,0.7840710749585903,77.68792918809707,9.036580735677282,0.7997254692697379,0.3296703755775292
99.65,0.7966395152104128,77.73807310848119,8.962944610436852,0.720350494219431,0.3133015020040302
99.7,0.8101779861312755,77.78827439262221,8.891021614560078,0.6127683515162963,0.29924360319107557
99.75,0.8246370092869941,77.83851923459726,8.814966695464793,0.4860137369398906,0.2842263898463182
99.8,0.8399476271341865,77.88878972852326,8.728593864550708,0.3511561499712193,0.26519853642589847
99.85,0.8560238265886848,77.93906563308899,8.627741215163363,0.22023481087943586,0.24248062232064557
99.9,0.872761558936972,77.98932629139382,8.51317702873022,0.10510628400768326,0.2226222981746457
99.95,0.8900277615320612,78.0395526286103,8.391273134369994,0.016177926718896483,0.21584751001184968
100.0,0.907654548666488,78.08973040288983,8.270787990348147,-0.03913879789063318,0.22788232283852874
100.05,0.9254457058275902,78.1398531920916,8.158928307285146,-0.05777408081012947,0.2548277083482435
100.1,0.9431887557210047,78.18992325778964,8.059820142765643,-0.04149297265876685,0.28481770200098677
100.15,0.9606711679403358,78.23995062560311,7.97570447740143,0.003525264689794754,0.3043191702970322
100.2,0.9777026955502792,78.28995164061813,7.908450907686783,0.0675910167118452,0.304913291521813
100.25,0.9941321774957967,78.33994714466404,7.859052719870733,0.13866191626540628,0.2857597240572558
100.3,1.009849255911364,78.38996012525136,7.826192149985561,0.20375498299185785,0.25140676961306374
100.35,1.0247786740452935,78.44001312348709,7.805931292575096,0.2505008568038469,0.20896534513450044
100.4,1.038871462902412,78.49012529278666,7.792041596276653,0.2686272477011058,0.1673003578801435
100.45,1.052091446791931,78.54030971956372,7.775666139380641,0.25117732165115003,0.13559983638521197
100.5,1.0643953881534765,78.5905716045872,7.746264541060094,0.19548980791803713,0.1195783986963989
100.55,1.0757132453724805,78.64090695095315,7.69469615253694,0.10378807443731085,0.11991745485670229
100.6,1.0859409645565081,78.69130224219255,7.615522679160934,-0.01696360828600396,0.1342167802243748
100.65,1.094945819838123,78.74173594402696,7.5090169248405365,-0.15589650856687015,0.1599503931342642
100.7,1.1025744008838683,78.79218162800034,7.38199624097644,-0.2995752558233393,0.1941580479273976
100.75,1.1086637741909282,78.84261189776578,7.244354092317607,-0.4338294605491517,0.23029619123841014
100.8,1.1130567333003527,78.89300166913821,7.105565767816576,-0.5457070441755284,0.25975368377265073
100.85,1.115613207850017,78.94333044794847,6.974145465226131,-0.6250599795997538,0.2760851862576638
100.9,1.1162206563535566,78.99358451600125,6.857503886404301,-0.6657464641447527,0.27700735330748444
100.95,1.1148032123723786,79.04375859995139,6.760935674045736,-0.6664170492810664,0.26443671005201164
101.0,1.111323390929168,79.0938562474598,6.687280048527742,-0.6306613881343022,0.24352967555939647
101.05,1.105778488017067,79.1438891254294,6.637888399274823,-0.5664683274545048,0.2209241829717485
101.1,1.0981925349439567,79.19387513921458,6.613459339666999,-0.4850931070266833,0.2022304947561851
101.15,1.088607704243024,79.2438355763743,6.614391460562221,-0.39951934403451506,0.18976275652219146
101.2,1.0770836481272188,79.29379224711995,6.640883010868394,-0.3228272268598991,0.18206915342523253
101.25,1.0637005447901533,79.34376460902912,6.692142232650603,-0.266662759544642,0.17530113772970937
101.3,1.048559782608843,79.3937670161637,6.765437093272134,-0.23991350484791069,0.1652471017491227
101.35,1.0317845495494138,79.44380670523053,6.856011995466928,-0.24770933175338902,0.14950852930462966
101.4,1.0135200506961886,79.49388272619854,6.957740423351497,-0.29083132157565933,0.12896104094566072
101.45,0.9939326410386912,79.54398618515582,7.064224229736019,-0.3656398180945826,0.10763846825353816
101.5,0.9732003720987283,79.59410129385839,7.170105383283335,-0.46448980801878953,0.09111691187269241
101.55,0.951497921271143,79.6442069422946,7.272128905913393,-0.5766119945276094,0.08432118163608689
101.6,0.9289874258710612,79.69427896835155,7.3697550712959945,-0.6894037091599188,0.08975898572395406
101.65,0.9058191085141094,79.74429315601341,7.464885323020197,-0.7899948976660021,0.10629692371470313
101.7,0.8821406555319206,79.79422873065528,7.560855744131052,-0.8669008059986283,0.12856397629210298
101.75,0.8581112384584613,79.84407137795864,7.661743945918771,-0.911480548044495,0.14863404844303119
101.8,0.8339134502913184,79.89381488329295,7.772111346664807,-0.9189654272380697,0.15995211086459027
101.85,0.809765046427782,79.94346190721885,7.8970213814382255,-0.889010408934957,0.16097395450299196
101.9,0.7859257176778047,79.99302426089692,8.041277883771864,-0.8257977558667748,0.15540888676625803
101.95,0.7626982955874437,80.0425226876629,8.207131064216862,-0.7377807775171742,0.1494445605741383
102.0,0.7404235688288389,80.09198570599541,8.390608373679889,-0.637049733453808,0.14715672586192194
102.05,0.7194606265789265,80.14144656722063,8.580430552404053,-0.5378187421884277,0.14641245303352446
102.1,0.7001603086890829,80.19093801460897,8.76366988696484,-0.45391643970054785,0.14231297570913487
102.15,0.68284127041181,80.24048667549339,8.930892382104178,-0.39643452585755923,0.13329109981387133
102.2,0.6677706836288281,80.29010916599817,9.076646923994142,-0.3722172012295109,0.1223963282081871
102.25,0.6551494924876557,80.33981032885121,9.198115544475797,-0.3831056152721308,0.11489896510834913
102.3,0.6451061856409063,80.38958371576066,9.293301414039448,-0.4259427384114386,0.11418817678343289
102.35,0.6377129609895444,80.43941436106108,9.3611319245748,-0.49326961313873874,0.12074395037440608
102.4,0.6330116578294577,80.4892823664473,9.403901713294063,-0.574406892657957,0.13563560365060418
102.45,0.6310119915301112,80.53916544473557,9.428130006057774,-0.6567431936673795,0.16093851342694365
102.5,0.6316731808842431,80.58904113714334,9.44200465448971,-0.7274011282292047,0.1951578310350052
102.55,0.6348964644598467,80.63888899007449,9.452838147740191,-0.7749685693622318,0.23110001204390815
102.6,0.6405412877352938,80.68869282573843,9.466061028686147,-0.7909730919351968,0.2585394228593661
102.65,0.6484610494607397,80.73844327263758,9.485778992570454,-0.7709144092070288,0.26958169367146906
102.7,0.658527748962874,80.78813915977621,9.51621464332593,-0.7146327672937913,0.26304526898109065
102.75,0.6706374253342933,80.83778765041184,9.56236541549754,-0.626160954707982,0.24495396497307342
102.8,0.6847057358837161,80.88740343682682,9.629451854755425,-0.5132237253149142,0.22583625977028077
102.85,0.7006569587732572,80.93700715849704,9.720644442961387,-0.38654105883789297,0.21510624249870872
102.9,0.7184073127585501,80.98662289887507,9.83417887697821,-0.25883602988532856,0.2152214153702505
102.95,0.7378556410028269,81.03627479924052,9.962900668980105,-0.14327909101155137,0.22101036064067778
103.0,0.7588900703476807,81.08598373860679,10.096687566697781,-0.05161487342921686,0.22461101827325125
103.05,0.781391809427002,81.13576403936052,10.225779906551024,0.007635139464005197,0.22173011009305096
103.1,0.8052291660673648,81.18562088519046,10.342414473159804,0.030409958263824078,0.21437765344009252
103.15,0.8302566322744225,81.23555017724124,10.439940446803742,0.01738151511542238,0.2087398647724728
103.2,0.8563120161883238,81.28554001025981,10.511025408243682,-0.026492296062241436,0.21019730306139103
103.25,0.8832070574206722,81.33557231681658,10.547018727286554,-0.09270935101000678,0.21885886804412705
103.3,0.9107196818639428,81.38562423162507,10.540467581825178,-0.16997871869480907,0.23016559065178302
103.35,0.9385918858985829,81.43566957253063,10.489343969617215,-0.24513938881467198,0.23982804475373348
103.4,0.9665422945077655,81.48568163987365,10.399421568453205,-0.30461273555434665,0.24812418709623285
103.45,0.9942850131927407,81.53563693803724,10.28312233256405,-0.3362996324511008,0.2605527377548365
103.5,1.0215350558413263,81.5855187567015,10.154731912583252,-0.3316343488720327,0.28262830356050184
103.55,1.0480068556460262,81.63531979865134,10.026254998843944,-0.28709140314715736,0.31388852605763456
103.6,1.0734219636449556,81.68504296954183,9.907633880247465,-0.20447464435880733,0.34818445077027077
103.65,1.0975254781000332,81.73470054326599,9.808322272411868,-0.09035624528233588,0.3781676148354563
103.7,1.1201019847430829,81.78431250879235,9.736339814666742,0.04473154250397161,0.398104059059889
103.75,1.1409840008427332,81.83390404273175,9.696885034173466,0.18754477794283578,0.405040598991531
103.8,1.1600557541732364,81.88350226983412,9.69267671228789,0.32396894559182204,0.40036848124015595
103.85,1.177246592590499,81.9331327223948,9.724125618295362,0.44093275552133193,0.3891465517670155
103.9,1.1925113561205134,81.98281588270909,9.788168027389126,0.5278913626631547,0.37585771989257827
103.95,1.2058148990311424,82.03256461784784,9.877747565874262,0.5779461263693484,0.36138520314478745
104.0,1.2171252568770126,82.08238276534584,9.982946576506738,0.5886502466789285,0.3437434212136326
104.05,1.2264094813906414,82.13226433362746,10.094112851856561,0.5625846684815486,0.3217373033776246
104.1,1.233627631776047,82.18219360397262,10.204892273365358,0.5073958490502491,0.2974417064665456
104.15,1.2387309904476829,82.23214722970708,10.312465143976471,0.4347588173944933,0.2752589960873741
104.2,1.2416694498242675,82.28209815157695,10.415934793344265,0.3584662456571006,0.25958955455357596
104.25,1.2424014557390195,82.33201982859057,10.51492052075932,0.29232340648575866,0.2528410228938596
104.3,1.240907310685059,82.38189018674335,10.6093145413287,0.24829591798630057,0.2549999973031862
104.35,1.2372050466168771,82.4316950983367,10.699660645797858,0.2350472722310385,0.26404174334087777
104.4,1.2313548509046175,82.4814301259202,10.787147206144736,0.25698826454509544,0.27627269999650134
104.45,1.2234500017897494,82.53110015742536,10.873091807101963,0.3138889986835832,0.28749811728685615
104.5,1.2136140097515795,82.58071855056221,10.958346002031359,0.4009725477699891,0.29455061874160116
104.55,1.2020069167712524,82.63030626647242,11.042960941735267,0.5094957895324255,0.29614469772045454
104.6,1.1888222706893505,82.67988968887529,11.126135429514227,0.6279026620031941,0.2932838388819855
104.65,1.1742731575629444,82.72949719307282,11.206456012711879,0.7434146860747795,0.2890407783489532
104.7,1.1585774754062856,82.77915570003455,11.282157732787315,0.8437272876944485,0.286895055666076
104.75,1.1419467682962805,82.82888781155853,11.351352782740896,0.9185710615204049,0.28886672030468163
104.8,1.124579672601525,82.87870958382112,11.412255547101054,0.9609724883036277,0.29516678670615126
104.85,1.1066578231031525,82.92862918638242,11.462861515866804,0.9679816706963725,0.30444499008517845
104.9,1.088340748967837,82.97864645834903,11.500494992635089,0.940811089741453,0.3139812678983531
104.95,1.069757929146331,83.02875271070475,11.522128253702084,0.884590345739547,0.3208181434295074
105.0,1.051001942297999,83.07893109878933,11.524975314613274,0.807756669572961,0.3230558797146575
105.05,1.032127826007412,83.12915822840692,11.506966994474217,0.7210721848972829,0.32045877464687794
105.1,1.0131588033313426,83.17940673217628,11.467430516943619,0.6364259801996094,0.31489496330683275
105.15,0.9940960866466702,83.22964856414252,11.407038248210911,0.5653270908344136,0.3104754965520918
105.2,0.9749286864255117,83.27985853357994,11.3267241566784,0.5172664310103599,0.3121969149334278
105.25,0.9556423137770764,83.33001739907505,11.227617190152623,0.4985054887259028,0.32335708485416176
105.3,0.9362305618716475,83.38011413954221,11.112183439947895,0.5114021484696023,0.34429283884873235
105.35,0.9167086772254541,83.43014722910418,10.984677358467177,0.5541197301907843,0.3728206045010692
105.4,0.8971253832694718,83.48012457287444,10.850537373322197,0.6207657775376303,0.40546433358860595
105.45,0.8775640581233358,83.53006169842864,10.714881308673641,0.7020425635096009,0.43816574613274006
105.5,0.8581373380281201,83.579978922198,10.580949883821896,0.7863752508894457,0.4664094594923604
105.55,0.8389846739016483,83.6298983655325,10.449900674602654,0.8614363932574892,0.48650611664971316
105.6,0.8202668805780281,83.67984072821659,10.321711730882765,0.9158795726392873,0.4973951674356188
105.65,0.8021505522992323,83.72982205120354,10.195649779867,0.9408758808613003,0.5004275253768103
105.7,0.7847996552512337,83.77985201095134,10.069998224030721,0.9310778010694308,0.4974833041270522
105.75,0.7683764302116799,83.82993345340017,9.94191031955963,0.8851071974436853,0.4896168222049963
105.8,0.7530353108424843,83.88006167270969,9.807956022310362,0.8057847854321586,0.477711141159978
105.85,0.7389186084155271,83.93022479867767,9.665179043381382,0.6998643262524743,0.46388802741721624
105.9,0.7261549113182019,83.98040576702009,9.511872763447561,0.5771651813302129,0.4510522188382682
105.95,0.7148510542507095,84.03058445456361,9.34747702940285,0.44931946241052717,0.4407110735147634
106.0,0.7050821716972062,84.08073952418117,9.172385511466539,0.3284226875825586,0.43174633773394117
106.05,0.6968929700955196,84.1308505434109,8.98877536027751,0.2257684857823784,0.42193755312719544
106.1,0.6903104273765821,84.18090074804537,8.801345071102409,0.15055781111703984,0.4103903708300831
106.15,0.6853557216406232,84.23087984254357,8.61735390101242,0.10869748630615864,0.3983860929100745
106.2,0.6820526731168951,84.28078604174817,8.446081359956493,0.1019381225330784,0.3886868633621855
106.25,0.6804310741548802,84.33062680513466,8.297223774682816,0.12750612924416,0.3833680792491225
106.3,0.6805230129614501,84.38041803679143,8.178698363364823,0.17835957183499382,0.38089716728155465
106.35,0.6823626477465268,84.4301821973225,8.094945790006486,0.24401786790192723,0.37592888199183394
106.4,0.6859958675407436,84.47994586956567,8.04664941876712,0.31186426142570106,0.36265232880062875
106.45,0.6914912706641722,84.52973693388257,8.031512590053595,0.36876425327014983,0.338817272423608
106.5,0.6989359412407096,84.57958119751584,8.044343749602131,0.40273629342372846,0.3069793147050311
106.55,0.708417486142918,84.62949924903153,8.07631925773493,0.4044255990122892,0.2718637300363894
106.6,0.7200033327662364,84.67950406672306,8.115795099849095,0.3683569991159946,0.23720248548204578
106.65,0.7337220777663238,84.72959901949413,8.151532634750424,0.2939275180938263,0.20581796677039907
106.7,0.7495524692154747,84.77977722595298,8.175257783666359,0.18568901188389494,0.1804604849622477
106.75,0.7674148524106886,84.83002271837879,8.181375419375001,0.05274190882973566,0.1620888130732976
106.8,0.7871660385572934,84.88031254614857,8.165821427111252,-0.09250228046822839,0.14863353045641348
106.85,0.8086097129381445,84.9306196682524,8.126849235032118,-0.23593181987917888,0.13747300519722414
106.9,0.831512631708885,84.9809164497691,8.06637099288772,-0.36351856147283673,0.12829489908705527
106.95,0.8556172833400304,85.03117814334303,7.990609761722348,-0.4630948258080395,0.12437645490652777
107.0,0.8806513464937843,85.08138622447493,7.908191463908049,-0.5260689321105663,0.13103750721729904
107.05,0.9063279497440555,85.13153081287169,7.826156361976461,-0.548701633363754,0.15089850519340547
107.1,0.9323439891326698,85.18161142197292,7.749263234924707,-0.5324267473413759,0.18131330454907393
107.15,0.9583890366340175,85.23163637778794,7.6818194470834475,-0.4833978062167178,0.21629254128069342
107.2,0.9841584920771453,85.2816211269254,7.6282281816072945,-0.4115798197550432,0.24904555756449562
107.25,1.0093575153357073,85.33158505492764,7.592119498343442,-0.3293885459171268,0.27316913136103865
107.3,1.033701152299536,85.38154797271783,7.575073064675842,-0.2500770684005069,0.28302540499170764
107.35,1.0569273052871886,85.4315277579517,7.576095193184059,-0.18620195275915313,0.27525333747760233
107.4,1.0788117245244446,85.48153834716798,7.592721844897212,-0.14818616306332388,0.25175180962880694
107.45,1.0991640484194907,85.5315874513296,7.622482674356293,-0.1430054727610592,0.21977820173123486
107.5,1.117810309099843,85.5816747063123,7.66340046255768,-0.17327177404669394,0.1886010215679859
107.55,1.1345832972111078,85.63179158652055,7.713594456112861,-0.23701197245486022,0.16536237506145474
107.6,1.1493213926741253,85.68192290649672,7.770706391146551,-0.32812172514754984,0.15204005756123418
107.65,1.1618713188976693,85.73204867807303,7.8319056034149686,-0.43724773832412767,0.14584119690261693
107.7,1.1720999812666224,85.78214613303714,7.894954400683158,-0.5529193285784113,0.1423511100160611
107.75,1.1799064718523313,85.83219197301233,7.9594448673764235,-0.6628788604155555,0.13900202107533086
107.8,1.185223609298982,85.88216477344808,8.026841772154663,-0.7555279387692264,0.13620389400395375
107.85,1.1880153456792821,85.93204754070834,8.09975190533408,-0.8212942384186799,0.13531348020651235
107.9,1.1882770317468099,85.98182992095016,8.181548691121161,-0.8537314823551023,0.13671321952666932
107.95,1.18604040683102,86.03150967076401,8.276246477773727,-0.8502729587975322,0.13995579976959638
108.0,1.1813769886849577,86.08109299376201,8.387925064304259,-0.8125582301454795,0.14470231816697118
108.05,1.1743958197393636,86.13059382454047,8.519281702753053,-0.7463205238457814,0.15091097827105857
108.1,1.1652384037711216,86.18003257897236,8.669323887960221,-0.6608769570574206,0.15737579601850768
108.15,1.15406980816101,86.22943407186787,8.831887398374976,-0.5680562573654895,0.1598152018022538
108.2,1.1410742631820183,86.27882446931835,8.99759587733876,-0.48053772632174835,0.15335118126816294
108.25,1.1264641153759478,86.32822841241476,9.157254621013864,-0.410124597402088,0.13798789548796808
108.3,1.1104805471623884,86.3776663487951,9.303507778803239,-0.3662300688008607,0.12026810269195723
108.35,1.093373447425034,86.42715186126551,9.43120440410413,-0.35456067494404614,0.10976648682984769
108.4,1.0753741328410387,86.47668977921306,9.536718916447189,-0.37629482297684824,0.11322453859047316
108.45,1.0566764220641063,86.52627544169472,9.617529554957164,-0.4279307880684521,0.13135821893504493
108.5,1.0374335209733354,86.57589524773239,9.673942547993951,-0.5016209129579103,0.16064898954867401
108.55,1.0177673048701272,86.62552882482942,9.710660093682455,-0.58607549422154,0.196352281369406
108.6,0.9977852954829728,86.67515267881868,9.734796170083527,-0.6683122235851067,0.23354372359952105
108.65,0.977603434152515,86.72474443302265,9.753208426863779,-0.7357722285218051,0.26804000028614916
108.7,0.9573566454735676,86.77428623963337,9.77140192200759,-0.7781019938835898,0.29726070565955665
108.75,0.9371899341237616,86.82376665429992,9.793134305708733,-0.7884249228654912,0.320356799274586
108.8,0.9172493068192388,86.87318179971422,9.82056421825295,-0.7641045219369714,0.3379574272880891
108.85,0.8976772233965213,86.92253586984833,9.854496363857136,-0.706943659861095,0.3510860121827468
108.9,0.8786092661363377,86.97184036591663,9.894423694547918,-0.6228127374704003,0.3601992233437461
108.95,0.8601730481303045,87.02111214060452,9.939068043828225,-0.5206967246656302,0.3657839468620189
109.0,0.8424876320565869,87.07037098224261,9.987224743069659,-0.4113689799802686,0.3691122817744143
109.05,0.8256625727200029,87.11963724236404,10.038059634603508,-0.3060167885943928,0.3719131867567286
109.1,0.8097977249666966,87.16892953691284,10.090562080920906,-0.2149778154135102,0.3752973143053354
109.15,0.794986203383832,87.21826277431711,10.142270572312825,-0.14670251562895664,0.3783668501080319
109.2,0.7813169411751121,87.26764624112421,10.188387195545106,-0.10688525910104607,0.3783158172784888
109.25,0.7688723459095272,87.31708169917998,10.222540553435676,-0.09766271671651232,0.37258538796864576
109.3,0.7577241134931146,87.36656242344132,10.239121764671713,-0.11704502668669337,0.36149576571339836
109.35,0.7479309326897112,87.41607372502219,10.235660726754407,-0.15890566215430577,0.34970515146756076
109.4,0.7395417317315046,87.46559547598324,10.212922863119859,-0.21390968731143034,0.3442268954360773
109.45,0.7325965635885541,87.51510559905532,10.17289321807238,-0.27114842716183574,0.3499640386879879
109.5,0.7271203240984078,87.56458281660404,10.11717992961715,-0.3197814073156154,0.3668025373827071
109.55,0.7231220555842234,87.61400888439046,10.047544156976874,-0.35031596115603797,0.39023226211806533
109.6,0.7205933768001417,87.66336995850082,9.967829234979805,-0.35541203119863074,0.4141508003763243
109.65,0.7194996459197208,87.7126572872204,9.885213508634331,-0.3304225051424298,0.43288226866572777
109.7,0.719782939624726,87.76186828397498,9.809713570653354,-0.2739515460319551,0.442714590803936
109.75,0.7213731348603559,87.81100710222842,9.751453400078649,-0.18834852450212597,0.44282481184932815
109.8,0.7241962503409638,87.86008448243925,9.717271264524479,-0.07986211274526944,0.4340871838663869
109.85,0.7281873202253908,87.90911715479143,9.709094821700717,0.04181614184824035,0.41862623636185187
109.9,0.7333048360624174,87.95812620938804,9.724049577746358,0.16469748989287256,0.4008704580471152
109.95,0.7395318745753275,88.00713437765533,9.756062265095032,0.2762826041712366,0.38632767106098226
110.0,0.7468635457738806,88.05616283717313,9.797968228032648,0.3655167579547512,0.3785227160735578
110.05,0.755294798316507,88.10522817849431,9.842818534602669,0.42436046360165375,0.37763307788665484
110.1,0.7648126614243625,88.15433990630818,9.885194180086007,0.4489386660737724,0.38157051355251953
110.15,0.7753887477060251,88.20349893237584,9.922605836622472,0.44021632440655895,0.3870446740341187
110.2,0.7869770962530138,88.2526976228445,9.95532386544729,0.40382703924300395,0.3898082928348175
110.25,0.799521971159006,88.30192135666816,9.98486706995321,0.3490120325491936,0.38627125443888416
110.3,0.8129658384872184,88.35115113143245,10.012609192965476,0.2870734773590121,0.37478720140510907
110.35,0.8272540024942251,88.40036660104398,10.039234983405835,0.2297513910096225,0.35613531811219695
110.4,0.8423315343753011,88.44954861071525,10.065240741384155,0.1878540416984099,0.3341814565219744
110.45,0.8581305973330559,88.49868119661355,10.091434798994994,0.1701081613893839,0.3147767529588199
110.5,0.8745641985800922,88.54775382770985,10.119165716252036,0.18214505949763457,0.3034838124681742
110.55,0.8915268612041561,88.59676325972866,10.150474378044068,0.2257884982422627,0.30384828300736305
110.6,0.908893747845887,88.64571416299704,10.187383930459163,0.29873555575433436,0.3159432242646052
110.65,0.9265228684715902,88.69461865606246,10.230535267923079,0.3946944906071059,0.3360181302882451
110.7,0.9442586644316894,88.74349452344181,10.278488534798536,0.5041800419429934,0.3578738434671216
110.75,0.9619389874680012,88.79236245437686,10.328556590442664,0.6159355512900826,0.375626331030264
110.8,0.9794083249320175,88.84124334526055,10.378454714480075,0.7185701667375683,0.38654170516142994
110.85,0.9965244570976436,88.89015567873854,10.426929769285971,0.802042446823011,0.3916419518419135
110.9,1.0131527247656091,88.9391129982415,10.472978389272413,0.8588408077565381,0.3938782199915386
110.95,1.0291618233811977,88.98812245798443,10.514868310595215,0.8847488009409263,0.39544697011570396
111.0,1.0444276753911497,89.03718442769703,10.550359677345037,0.8792585865104019,0.3966885103136484
111.05,1.0588356169461386,89.08629235817637,10.577753009443633,0.8456612713160215,0.3974529776945862
111.1,1.0722748384322225,89.13543304630856,10.596536748084914,0.790716204571348,0.39835649061046186
111.15,1.0846350882209645,89.18458810912927,10.607101568130796,0.7237505432855462,0.40044780846074274
111.2,1.0958091154416643,89.2337365404368,10.610018549857562,0.6552818372778992,0.4045975259896926
111.25,1.1056924277785065,89.28285738076698,10.6058539921129,0.5955902531701989,0.41154064482182884
111.3,1.11417765507611,89.33193195953642,10.595782900568125,0.553557311523016,0.4218417108483558
111.35,1.1211504854206042,89.38094598206122,10.581565146756686,0.5356522690325528,0.4347416120989315
111.4,1.126491242624289,89.42989118645608,10.564666144105248,0.5450748968890313,0.4472333528570644
111.45,1.13008680466114,89.47876632623796,10.546381805805419,0.5813602901322843,0.4553780146290412
111.5,1.1318487389078213,89.52757744441651,10.52774552073592,0.6404061581993984,0.4562557910185873
111.55,1.1317270779666753,89.57633712818377,10.508442570219106,0.714876659636807,0.4493167535565225
111.6,1.1297123459573584,89.62506269140329,10.48662437026293,0.7951495867679204,0.43660355282862473
111.65,1.125829426744015,89.67377373361555,10.459489430370189,0.8706257738803186,0.4216332482813719
111.7,1.1201304292202412,89.7224895035214,10.424038457860968,0.9311357439996184,0.4082622004730747
111.75,1.1126840286913353,89.77122614267739,10.377676805326738,0.9682733535717514,0.39968309146012637
111.8,1.103565176374154,89.81999446492692,10.31798816794541,0.9764220844153683,0.39685778271611166
111.85,1.0928559882757813,89.86879901978911,10.242532998989029,0.9533837294182418,0.3978519212668165
111.9,1.0806546840072349,89.91763818648965,10.149121802528084,0.9005822259153324,0.3988283483258249
111.95,1.06707446077518,89.96650414945435,10.036766876778808,0.8229872289445437,0.3961502675139874
112.0,1.0522360159173552,90.01538328470414,9.907207992307306,0.7287127330776497,0.38840865113615547
112.05,1.036263464931236,90.06425785647369,9.765182701020242,0.6280418549728782,0.3762213492456587
112.1,1.0192824211090774,90.11310867870657,9.617102169486635,0.5319602348069884,0.3605351843650506
112.15,1.001420316996468,90.16191809405157,9.46937132852156,0.4505387897781854,0.34164974702587203
112.2,0.9828087514310656,90.21067248320026,9.327477036252006,0.39157493806764776,0.3197352211757612
112.25,0.9635924110133598,90.25936439472937,9.196215272991733,0.3596519169818737,0.2964235807936086
112.3,0.9439384181703009,90.30799389524437,9.080832981838077,0.35571291364828406,0.2766465213217435
112.35,0.9240299897621732,90.35656839687303,8.987000388256329,0.37703890053881906,0.26780616099353566
112.4,0.9040476948267394,90.40510161333522,8.91799973663898,0.41736549451367566,0.2746150193627625
112.45,0.8841535668946731,90.45361180160599,8.872405849581769,0.4675093035169249,0.29464962123545596
112.5,0.8644892740675867,90.50211910768718,8.844516179520726,0.5166839564671766,0.31973680958467027
112.55,0.845184046120382,90.55064237937557,8.826868801960126,0.5542325353914681,0.3412759964672397
112.6,0.826364020482977,90.59919652660639,8.813018249660491,0.5712955772541777,0.35414833585567707
112.65,0.8081639993167603,90.64779139142817,8.798340558143428,0.5618736191104622,0.3575438121551815
112.7,0.7907306375829984,90.69643120108627,8.778848876182144,0.5233249833075168,0.35340463918645953
112.75,0.7742106352041196,90.7451139098508,8.750138500387203,0.45658001367787954,0.3436039568957559
112.8,0.7587420185600192,90.79383140474518,8.708264732652532,0.3660597425867722,0.32853116674845084
112.85,0.744456151881271,90.84257061612433,8.651452636213712,0.25918352413623624,0.3085115843838057
112.9,0.7314765117659341,90.89131492231868,8.579859392630576,0.1453938167887947,0.2852286291222974
112.95,0.7199116181549428,90.94004617813934,8.493879257130208,0.034844009466784544,0.26098221867651644
113.0,0.7098493934483734,90.98874697234791,8.39376210349134,-0.06284281770921159,0.2374520778993378
113.05,0.7013534993347865,91.03740239318032,8.280554565222785,-0.139593446386837,0.21541084659453563
113.1,0.6944606373113252,91.08600146937934,8.157871259985923,-0.18967159726573501,0.1954690988306613
113.15,0.6891831808743373,91.1345383864355,8.03341863548671,-0.21027577220936344,0.17990803033624997
113.2,0.6855122478596758,91.18301339419153,7.9166496532759725,-0.20210882608513997,0.17174411341705786
113.25,0.6834147023806991,91.23143298865494,7.8146880352606205,-0.16958815879716235,0.17073181774300622
113.3,0.6828347784561977,91.27980905660155,7.730932814707968,-0.12038161001477107,0.17248367241322757
113.35,0.6837079529208515,91.32815732931739,7.665086923705415,-0.06450995235437258,0.1719754546616078
113.4,0.6859729672099769,91.37649512024235,7.61388436295113,-0.013063514204046755,0.16732364267610697
113.45,0.68957509200792,91.42483902023137,7.5731531789034685,0.023397080352774116,0.1597735800668699
113.5,0.6944660859960492,91.4732029828758,7.539347282109472,0.03631067964260066,0.15146486753138652
113.55,0.7005983999003417,91.52159620150651,7.510667408186297,0.02031329321098093,0.14437199795110225
113.6,0.7079205824463364,91.57002153164379,7.487825189521544,-0.026007406929557837,0.13986584245572345
113.65,0.7163781538425402,91.61847517295081,7.473074729460527,-0.10003088157072014,0.1378803570131136
113.7,0.7259109543021712,91.66694700448787,7.468462019679941,-0.19557123657957698,0.13649770681719714
113.75,0.7364501306234452,91.71542165122152,7.4745319046677325,-0.30379354890842375,0.1325136423331141
113.8,0.7479216044542188,91.76388042519913,7.490364047118845,-0.4144119235023013,0.1234518341384355
113.85,0.7602480981345185,91.81230355480513,7.514425099646474,-0.5169323772323438,0.1096227824472155
113.9,0.7733415107880858,91.8606723183491,7.544926141416905,-0.6018390715706305,0.09371582577974832
113.95,0.7870957019262719,91.90897123345587,7.57984746009466,-0.6617103515257906,0.079344160784453
114.0,0.8013932824031654,91.95719050845773,7.617304058977218,-0.692187955920363,0.07045323069736333
114.05,0.8161119633163643,92.0053275923751,7.656177473764711,-0.6924894470892784,0.070159042626819
114.1,0.8311224006744308,92.05338708675129,7.696253476577815,-0.6654153959843069,0.07962135619775272
114.15,0.8462833986547142,92.1013796423394,7.7379881769344605,-0.6169411455061162,0.09772872218096426
114.2,0.8614340997197109,92.14931984574424,7.782404996019169,-0.5553380796044417,0.12094331846342438
114.25,0.8763945386696271,92.19722384805215,7.830821375583192,-0.49006099590010477,0.14392619677590532
114.3,0.8909817880067228,92.2451076918867,7.884473744404704,-0.4306712124482407,0.16142602029406147
114.35,0.905026864506466,92.29298560406227,7.944457949120845,-0.3857300680291887,0.1704477944858727
114.4,0.9183927865500644,92.34086907999176,8.011458083750826,-0.3618864801623495,0.17105215909425578
114.45,0.9309951019086127,92.38876704343089,8.084844583903257,-0.3633443006436096,0.1655216811966441
114.5,0.9427989738857082,92.4366846560815,8.161774004231182,-0.3914244917046047,0.1571193960207536
114.55,0.9537914716890316,92.48462120864819,8.237519905746039,-0.4442129529760345,0.14903755643956595
114.6,0.9639542136419353,92.53256893084139,8.30750677059086,-0.5164702256701034,0.14417345534861284
114.65,0.973246788838841,92.58051325072903,8.368962401610862,-0.6000321631444431,0.14550246291663713
114.7,0.9816042731758985,92.62843498368672,8.42104951680537,-0.6848514232112972,0.15565890568216958
114.75,0.988942773188796,92.67631345246976,8.464826765167466,-0.7603099690980283,0.17584139619791486
114.8,0.9951682556195354,92.72412962181272,8.503084671351935,-0.8166110731664712,0.20502281330353164
114.85,1.0001883126438398,92.7718691705923,8.539394153320137,-0.8462271289848441,0.23995123857906162
114.9,1.0039205762497865,92.81952462630645,8.577268068895647,-0.8449891991445789,0.276227636680592
114.95,1.0062992530578172,92.86709635633028,8.62006563813977,-0.8125742291985454,0.3097968582580448
115.0,1.0072769958731886,92.91459226789115,8.670982321465576,-0.7524151465059681,0.33772873761195343
115.05,1.006826837856716,92.96202650899983,8.732259837757251,-0.6712364146902341,0.35837518264401086
115.1,1.004942202269104,93.00941757629548,8.803912006078328,-0.5782915780086841,0.3708690045553175
115.15,1.0016321028658175,93.05678592055814,8.882244290671323,-0.4843667479798454,0.37378627491526406
115.2,0.9969256777366844,93.10415146171147,8.959817969739504,-0.4005055143275936,0.36590505695315095
115.25,0.9908826931062293,93.15153111607279,9.027999128513914,-0.3363685101472681,0.3490084976141039
115.3,0.9835961458673265,93.19893671102565,9.079815254678152,-0.2987049917129981,0.32863653490409955
115.35,0.9751825554132115,93.2463735194233,9.111684587449723,-0.29033963075876296,0.312506835336518
115.4,0.9657613276938574,93.29383937053964,9.123651754206142,-0.3097864205055188,0.3073873659899771
115.45,0.9554353698432011,93.34132478210996,9.11823198448418,-0.35158065238478897,0.31567312269654635
115.5,0.9442882640664731,93.388814576753,9.099196834500038,-0.4072130612161742,0.3342769023471607
115.55,0.9323956859202972,93.43629058220009,9.070813750271451,-0.4664380923891248,0.3562350336475542
115.6,0.9198421458385183,93.48373468613741,9.037541610907892,-0.5187307185034129,0.37416993048886815
115.65,0.9067395793495999,93.53113191282661,9.004149901563462,-0.5547050800733275,0.38408725987527575
115.7,0.8932277907031537,93.57847227725351,8.975561426042974,-0.5672559534400319,0.38687522239286654
115.75,0.879457502117166,93.62575143008098,8.956189161588341,-0.5523352070404827,0.3864902665504018
115.8,0.8655741754864226,93.67297105245548,8.949195892800356,-0.5093966719548415,0.386578716892128
115.85,0.8517079751984542,93.7201386669599,8.956190935364061,-0.4413922495974945,0.38853328818492106
115.9,0.8379699208907313,93.76726647258114,8.97747519361457,-0.35426437094443697,0.39227500690876926
115.95,0.8244538313617419,93.81436969189897,9.012121295671104,-0.2561233046270636,0.39764691258290036
116.0,0.8112427760629076,93.86146501110386,9.05755242621667,-0.1562865722414387,0.40416887316502464
116.05,0.798411693776247,93.9085686275069,9.109218716791462,-0.06416983240551921,0.4101520758824561
116.1,0.7860278331293951,93.95569383281645,9.161386324534416,0.011995922426273873,0.4133168333908617
116.15,0.7741536040375976,94.00284903923877,9.208714192101809,0.06635945412151166,0.4124321225746796
116.2,0.7628525293457125,94.05003694834166,9.247431614968248,0.09620079189743941,0.4084056472125526
116.25,0.75219288247188,94.0972545547097,9.275565112182173,0.10212554283933968,0.4043721261850039
116.3,0.7422411013050638,94.14449352158316,9.292244939997408,0.08778199447866435,0.4042305899253709
116.35,0.7330489291439045,94.19174077195609,9.297069322571017,0.05931125041477503,0.41054649786882036
116.4,0.7246457960946563,94.23897961700386,9.290225455579048,0.024613726273826988,0.42360676612010284
116.45,0.7170361928823741,94.28619138943672,9.273012129592503,-0.007552729526760958,0.4419143424863199
116.5,0.7102030679632131,94.33335763920265,9.248076748686803,-0.028660297397463647,0.46318973792618356
116.55,0.7041162174578934,94.38046263662406,9.219054757937075,-0.03158934162487278,0.4852113913754179
116.6,0.6987413300745721,94.42749543489997,9.190386848426616,-0.011504870359526818,0.5068922371209448
116.65,0.6940473458099555,94.47445138652976,9.167072236467389,0.033612427126850086,0.5281202003214313
116.7,0.6900088590772612,94.52133303233376,9.15315199567998,0.10248612403828576,0.5473784286635177
116.75,0.6866057333665596,94.56814962247577,9.150310142560183,0.19047247504586345,0.5611667631519341
116.8,0.6838242296991162,94.61491550021844,9.157709266557665,0.2901180179521913,0.5659596997645995
116.85,0.6816605751224902,94.66164801024092,9.172691100426487,0.3922084300983583,0.5603076875643022
116.9,0.6801204679390842,94.70836490978694,9.191909238627147,0.48721822744953375,0.545794564195279
116.95,0.679215037425426,94.75508197739296,9.211940773680624,0.5666691224437136,0.526036224453476
117.0,0.6789567136914993,94.80181125374473,9.229435782849416,0.624145760507072,0.5047108465893231
117.05,0.679351843171806,94.84855940950088,9.241984155315789,0.6561250773370626,0.48479611080200913
117.1,0.68039381336002,94.89532658548892,9.249449295859636,0.6625355605013225,0.4690872799916769
117.15,0.6820569073527953,94.94210617674543,9.254454533157187,0.6468497208861734,0.4595264435954
117.2,0.6842962382471744,94.98888599428022,9.261619559147809,0.6155200492751235,0.45576874533759343
117.25,0.6870593141067817,95.03565083615885,9.276061317680085,0.5768172117425414,0.4548983228182728
117.3,0.6902996248721399,95.08238514451044,9.302066925843324,0.5394989412851197,0.45264919114746954
117.35,0.6939870628853454,95.12907517951997,9.342370701689235,0.5115782810045671,0.44575849411823215
117.4,0.6981102322542855,95.17571061136326,9.397981538004656,0.49932977647998605,0.43378288094327144
117.45,0.7026707809940606,95.22228552693984,9.46811593596087,0.5065914053436726,0.4186982863467124
117.5,0.7076787626480141,95.2687992567015,9.550055247810397,0.5343398986243307,0.40274713034378606
117.55,0.7131499381871769,95.31525657172881,9.639460143195704,0.5806527688180516,0.3872122763389894
117.6,0.7190997153374922,95.36166671216569,9.731542233191345,0.6411791096975834,0.3732541200117795
117.65,0.7255388897385763,95.40804210263141,9.821663711355377,0.7097961902816139,0.3623901560232314
117.7,0.7324736648622747,95.45439723472987,9.905036704070385,0.779284805919204,0.35569174808319115
117.75,0.7399070418874876,95.50074736281549,9.9769250998639,0.8421998413591397,0.3533398107898024
117.8,0.7478431866276951,95.54710699186006,10.03373654254495,0.8919124702214081,0.3552749053576487
117.85,0.7562891361001678,95.5934882435367,10.073745276153511,0.9235223737035714,0.361748897279819
117.9,0.7652492820725422,95.63989953092575,10.096433237727835,0.9343379470538565,0.37258838364011276
117.95,0.7747203979479471,95.6863450344077,10.101294812035675,0.9239509010574466,0.3861047154597961
118.0,0.784690744243586,95.73282463299915,10.087998841552993,0.8942706066689219,0.39965958174982164
118.05,0.7951353501195731,95.77933382835072,10.057634827858458,0.8495343697472514,0.4110198322592975
118.1,0.8060060475000486,95.8258640611047,10.012995496358464,0.7958784578533867,0.41833748668346415
118.15,0.8172258098188468,95.8724037080128,9.957287395092242,0.740396745107296,0.41977125515022884
118.2,0.8286943537693744,95.91893965031548,9.892960228331907,0.6901117284627992,0.41450586272497264
118.25,0.8402981625437209,95.96545924512364,9.821646196152688,0.6510842775070179,0.4036930918864227
118.3,0.8519154364464331,96.0119521907922,9.744607630751506,0.627656295487372,0.3899342580506715
118.35,0.8634195979930366,96.05841213350443,9.663379390533004,0.6219423328728456,0.3755727469262807
118.4,0.8746842709299681,96.10483762210843,9.580022040171002,0.6336560924706195,0.3614251727142928
118.45,0.8855869707462649,96.15123198521235,9.496616133192129,0.6601750987100078,0.34746332230034116
118.5,0.8960123086346546,96.1976024522257,9.415251301920332,0.696936898115179,0.33458217388156475
118.55,0.9058562850631868,96.24395917665606,9.337785036500758,0.7379542807169848,0.3247704430757743
118.6,0.9150249701090583,96.29031402787876,9.264466147692445,0.776312211820723,0.31895303537898134
118.65,0.9234295006135255,96.33667885244026,9.193723888723042,0.8050426291229972,0.3160012395549853
118.7,0.9309857173846133,96.38306365858799,9.123243730636773,0.8181983794214323,0.3138983191759158
118.75,0.9376141552534205,96.4294748373164,9.05080110298068,0.8117384907911636,0.3111083483006448
118.8,0.9432393763782195,96.47591398274928,8.974515292734223,0.7840560421757989,0.30703354266092064
118.85,0.9477918959458015,96.5223776945484,8.892709426289398,0.7360905949404727,0.3019703714868635
118.9,0.9512135582038465,96.56885828731838,8.803668719404296,0.6710858402056771,0.29679028836805676
118.95,0.9534607514802018,96.6153449441625,8.705574416532716,0.5941312755991184,0.2921176280758515
119.0,0.9545008440231523,96.6618247534822,8.596599171902643,0.5115615767456793,0.28782416214555445
119.05,0.9543057481264954,96.70828366505462,8.47513056386952,0.4302381162253267,0.2834214520177852
119.1,0.9528490093499482,96.75470784228483,8.340347110593292,0.3567609418810865,0.2789074780267606
119.15,0.9501115536558071,96.80108559310058,8.193170551776962,0.29666519384045686,0.2758796094880743
119.2,0.9460895763189521,96.84740919785209,8.037215497062256,0.2537717293887407,0.2780843504864895
119.25,0.940792375909192,96.89367595296837,7.878415732377267,0.22972752305378638,0.2892951870425675
119.3,0.9342321918194237,96.9398882557689,7.723305025760126,0.22375224949316574,0.3099134042765939
119.35,0.9264213203915258,96.98605325923458,7.577416856513711,0.23263921812837038,0.33603079825565846
119.4,0.9173793451255933,97.03218212401237,7.444495063706679,0.25108813130299434,0.36121622787716623
119.45,0.907143477721582,97.0782886523274,7.326309825095969,0.27237933203754927,0.3796038338975429
119.5,0.8957820623337014,97.12438788579428,7.222490314082034,0.28918652033546727,0.38870840063853446
119.55,0.8834022327367197,97.17049461651784,7.130109845679119,0.2944171679445232,0.38970700747598946
119.6,0.8701423599974176,97.21662161753382,7.043764329988808,0.28211429362058105,0.38518039017167793
119.65,0.856158736646462,97.26277783690706,6.957107866473131,0.24842951254075604,0.377533404501054
119.7,0.8416151563228528,97.30896689475021,6.865196977501848,0.19242374158034373,0.3688323179575261
119.75,0.8266729799036077,97.35518661940414,6.766630160320987,0.11638706853154855,0.35958372825010354
119.8,0.8114820711374308,97.40142934686646,6.664321918850716,0.025645072996294774,0.34833641584289665
119.85,0.7961787806147488,97.44768278513953,6.563487211181,-0.07224178845904082,0.3335035176047936
119.9,0.7808871684441749,97.49393170698139,6.469198923702122,-0.16866658040809088,0.31448104530955867
119.95,0.7657167309397976,97.5401598266766,6.385675881482963,-0.2551008135102995,0.291778811709346
120.0,0.750762900008073,97.58635183973043,6.316170159062701,-0.3241350342305913,0.26694297271683726
120.05,0.7361131105232745,97.63249577470043,6.262746279863997,-0.37047629208232363,0.24216122150305672
120.1,0.7218482770351983,97.67858462557594,6.226510029278097,-0.3916463876682964,0.21972608035722996
120.15,0.7080422449574257,97.72461705604745,6.20833984149797,-0.3882541564476211,0.2019487885592934
120.2,0.6947652617835569,97.77059753066048,6.210106554566541,-0.36385512835031547,0.19184916910138916
120.25,0.6820851778117261,97.81653581084407,6.234914161738725,-0.32447914125522387,0.1922478156480878
120.3,0.6700678855192036,97.86244596119757,6.285137419295629,-0.27801126998464387,0.2030060229757415
120.35,0.6587810389607807,97.9083445471343,6.360576071221842,-0.23333954710861576,0.2202542926738961
120.4,0.648291360934793,97.95424779079279,6.457353398657684,-0.19924844633123925,0.23696361682047487
120.45,0.6386621932591527,98.0001688639506,6.5674961625556865,-0.18331082290233322,0.24450031583732934
120.5,0.6299616512561802,98.04611589458298,6.681122308547434,-0.1908067296447709,0.23731788292759834
120.55,0.6222680833307768,98.09209062982791,6.789710343487326,-0.22383382197219426,0.21680478673267042
120.6,0.6156630657117984,98.13808793530963,6.887724331128333,-0.2809117981224994,0.19047641183574546
120.65,0.6102217117972007,98.18409653988186,6.972422194837959,-0.35720865663210316,0.16808219421291937
120.7,0.6060070336168442,98.23010108287258,7.042830193072944,-0.4453311259380894,0.15719241232394002
120.75,0.6030646092856344,98.27608452469366,7.098941032276987,-0.5364295752160111,0.16063361241713203
120.8,0.6014195550895849,98.32203036119445,7.1417572273507695,-0.6213613080657168,0.17645856281002503
120.85,0.601076072820896,98.36792438689245,7.173658544631399,-0.6917705294618554,0.19958333339938625
120.9,0.6020155272685555,98.41375572986838,7.19835637204318,-0.7410026263000317,0.224137363178052
120.95,0.6041977678945595,98.45951759334477,7.220353109255889,-0.7648390491528623,0.24563033333839968
121.0,0.6075684744005098,98.50520803818434,7.243771843283584,-0.762050625720709,0.2620220961180834
121.05,0.6120638829455787,98.55083038765166,7.27087717682932,-0.7346383870378361,0.2730021527984271
121.1,0.6176121302557498,98.5963930536235,7.301418979328016,-0.6876316322030535,0.27855473738831477
121.15,0.6241381221961678,98.64190877546183,7.333604727513914,-0.6284148299403199,0.27904783678228284
121.2,0.6315690699331046,98.68739319607728,7.366180792301507,-0.5656544516425587,0.27585856305986817
121.25,0.6398292927161108,98.73286241068895,7.400439222891298,-0.5079435098100089,0.27119764919805933
121.3,0.6488321764169883,98.77833025964757,7.440102397923145,-0.462592970442291,0.26799655031804015
121.35,0.6584784555838462,98.82380672371687,7.488742455312543,-0.4349559387146681,0.2684297518629012
121.4,0.6686570521337339,98.8692972926703,7.547946279416275,-0.42804777267905875,0.27162909545703984
121.45,0.6792533661825259,98.91480292264828,7.617295503114525,-0.44231199021410617,0.27350473839773914
121.5,0.6901637105854189,98.96032050592571,7.693994486508399,-0.47577290495000757,0.2679932256282055
121.55,0.7013047773217028,99.00584312463474,7.773440363331901,-0.5242715771471088,0.24997007412592187
121.6,0.7126120116507464,99.05135994007496,7.851825175433771,-0.581578338634046,0.21941883945184154
121.65,0.7240279968980244,99.09685674965802,7.927374292227678,-0.6399086205270743,0.1819522097934557
121.7,0.7354898602200911,99.14231763132341,7.999311549360535,-0.6909806215070201,0.14568904837969762
121.75,0.746922915858169,99.18772729413894,8.066580509086432,-0.7272664573545481,0.11801845699779345
121.8,0.7582412488247796,99.23307366037204,8.127989255660701,-0.7430283128139584,0.10321602426832745
121.85,0.7693553109606557,99.2783501555066,8.183366034275984,-0.7350092089647372,0.10178560295534211
121.9,0.7801820884890921,99.32355692455606,8.235014072807784,-0.7027524503770931,0.11261263517736239
121.95,0.790646670373573,99.36870070730885,8.287571150641506,-0.6486257385459779,0.13412954339303196
122.0,0.8006802366708,99.41379417384789,8.34508240376473,-0.5777778510789068,0.16248897150512873
122.05,0.8102212402460863,99.45885446222037,8.408737018656119,-0.49770456545598996,0.19128141516276334
122.1,0.8192171522606471,99.50390072144141,8.476775844303974,-0.4172576564635965,0.21381231621006555
122.15,0.8276279735791928,99.5489515536947,8.545396079386071,-0.34539650032640573,0.2256960170754641
122.2,0.8354315899780548,99.59402298799614,8.609970715775304,-0.2899276159731609,0.2263233413088727
122.25,0.8426249700730245,99.63912683752298,8.66558645844665,-0.25647991837905226,0.21864129996644155
122.3,0.849221354581443,99.6842695080897,8.707144590760821,-0.24780227839031704,0.20733507759405875
122.35,0.8552480257886221,99.7294515792836,8.72980062518021,-0.26341632956012906,0.19692787808358705
122.4,0.8607345536032442,99.77466741614747,8.729856115526452,-0.29956053612371075,0.19109682864603936
122.45,0.8656970788644729,99.81990527362323,8.705685938812199,-0.34949264111723666,0.19232505242433937
122.5,0.8701383933339762,99.86514934738555,8.6580963482441,-0.404394841960686,0.20141808530285096
122.55,0.8740538053828241,99.91038276778308,8.590081864359364,-0.45468091133496735,0.21754654922976704
122.6,0.8774248737999025,99.9555896543093,8.506372590175946,-0.49125532434830343,0.2387526929809839
122.65,0.8802125596870951,100.00075665989262,8.412870816403776,-0.5066388638401207,0.2625168345632534
122.7,0.8823540830785284,100.04587415546614,8.315910717079126,-0.4958887966210872,0.2863072784903866
122.75,0.8837625555670887,100.0909369271593,8.22201532044534,-0.4571375200125086,0.30834563232011114
122.8,0.8843374083403666,100.13594498431229,8.137810560370538,-0.39181254302062696,0.3281013446685305
122.85,0.8839753392997364,100.18090374528333,8.06882233328779,-0.3045741131091175,0.3453868470765638
122.9,0.8825803338107092,100.2258233845293,8.018021869960098,-0.2028748847175243,0.35888569530507336
122.95,0.880076096485354,100.27071761219428,7.985663141447204,-0.09605836245145943,0.36628401454077636
123.0,0.8764140103904294,100.3156015605497,7.970281768891937,0.00594035314818131,0.3661541544922547
123.05,0.8715729931015047,100.3604890219509,7.97038393287752,0.09406007501720635,0.3603083732343473
123.1,0.8655562235191898,100.405390290738,7.9850647633375305,0.16128719246789788,0.3534451242210134
123.15,0.8583830482631238,100.45031083562068,8.0130142221691,0.20338468167408905,0.34917968408388356
123.2,0.8500804471248126,100.49525046186417,8.052498861437346,0.21940023105570478,0.34726046906042607
123.25,0.840682425262599,100.54020319155632,8.102016193358555,0.2118031075781117,0.3442907728839155
123.3,0.8302345656232941,100.58515774248069,8.160237925972782,0.18608613771010854,0.33674090210244095
123.35,0.818797405716388,100.6300985655574,8.22624048946035,0.1500474843358981,0.3237235670499454
123.4,0.8064490079024615,100.67500783875528,8.299681217952623,0.11277215607147227,0.30737191168543276
123.45,0.7932889840371521,100.71986832947015,8.380071775952375,0.08327024745960396,0.29130350729926185
123.5,0.7794401496945589,100.76466610930919,8.466076400674382,0.06913892991730959,0.2791507630186404
123.55,0.7650449931712211,100.80939248080486,8.55605593135626,0.07568063335098235,0.27381314033809584
123.6,0.7502550289877168,100.85404481718777,8.648856979980058,0.10544616666279392,0.2766086727254118
123.65,0.7352187685698558,100.89862634366287,8.743917303538433,0.1580727533944078,0.286796506946679
123.7,0.7200792072726608,100.94314570226796,8.840962214113102,0.23036814947332082,0.301879916736867
123.75,0.7049741756058248,100.98761611490411,8.939411311450744,0.31666155888313535,0.31853164428275943
123.8,0.6900346733390309,101.03205372699449,9.03787529717686,0.40948824312730614,0.33386054254814784
123.85,0.6753848837560783,101.0764756252965,9.134136342358927,0.5005568326042021,0.3463340457545627
123.9,0.6611451279439763,101.1208981802923,9.22514255906574,0.5817611188090739,0.3556350455227387
123.95,0.6474343379812203,101.16533552986627,9.306906968287942,0.6461238921395445,0.36179443823542895
124.0,0.6343697447907648,101.20979804437518,9.374960794002538,0.6886971190751535,0.36489230914908244
124.05,0.6220608249952148,101.25429094655945,9.425051999111295,0.7072859709909397,0.36481986548007084
124.1,0.6106012664921446,101.29881347148986,9.45346962586318,0.7027597999474061,0.36063223925973503
124.15,0.600071437660191,101.34335919385772,9.457512391603615,0.6788695352853453,0.35132489591745436
124.2,0.5905483150516939,101.38791729214955,9.436506483083981,0.6417351134643772,0.3377392122759654
124.25,0.5821096360057806,101.43247420461856,9.392370815335326,0.5990630133756613,0.3229014687906096
124.3,0.5748302502099315,101.47701546964784,9.329189538474061,0.5591067795158746,0.31097515859077096
124.35,0.5687747274126227,101.52152745988576,9.252956429707252,0.5296861341971429,0.306504477002461
124.4,0.563980174285435,101.56599851949099,9.171154307601395,0.5173441878111998,0.31317050748032355
124.45,0.5604387729674298,101.61042006109112,9.091339611560981,0.5264435307967225,0.33119901087337583
124.5,0.5581047178111094,101.65478829727157,9.019806564230402,0.558351412818427,0.3560313147485408
124.55,0.5569128598704141,101.69910523943147,8.961266331623563,0.6111302802263966,0.38028201824633057
124.6,0.5567981271395265,101.74337850757053,8.919069989199187,0.6797855520638878,0.39746660229470726
124.65,0.5577215589920986,101.78762083234304,8.895035869383163,0.7568648467702686,0.40472528191949714
124.7,0.55967994524873,101.83184845793426,8.888880733191394,0.8334480636815785,0.40300147559645483
124.75,0.5626847766099635,101.876077844683,8.898397743620214,0.9005809577621992,0.3956910497916683
124.8,0.5667425108924644,101.92032262716805,8.920617656842783,0.9507144591644494,0.38735472447132113
124.85,0.571846893641708,101.96459179797965,8.952858090200387,0.9786974791958489,0.38249450247271843
124.9,0.5779708415464492,102.00888868170185,8.99275530973877,0.9822630417663716,0.3837377303458144
124.95,0.585067899364218,102.05321110656402,9.037964653093903,0.9621089340539855,0.39068137875046816
125.0,0.5930815758399612,102.09755232130992,9.085483228416615,0.921596066361165,0.4001546279674976
125.05,0.6019512280564356,102.14190177855171,9.131407353731582,0.866255070898703,0.407974569393198
125.1,0.6116180990225663,102.18624615761888,9.172742051299169,0.8033090119073574,0.41204027892429285
125.15,0.6220280386390526,102.2305709475022,9.208760725418912,0.7409146718222372,0.41399016700306135
125.2,0.6331229020368823,102.27486251911996,9.239137822682341,0.686787505422291,0.41609051272789044
125.25,0.6448315362190804,102.31911030148613,9.260397216828197,0.646576252850799,0.4166546164401304
125.3,0.6570763731774945,102.3633080268604,9.266343280550728,0.6232524219912329,0.41192064877420836
125.35,0.6697829988582088,102.40745393151556,9.251933214172391,0.6175348604335732,0.40102968790517524
125.4,0.6828806154374901,102.45155074176324,9.214839620015525,0.6281174845569637,0.38703991124297554
125.45,0.6962963050050028,102.4956053287548,9.15502925716544,0.6517335439492827,0.37499855577364655
125.5,0.7099487384760443,102.53962792223793,9.074271776039947,0.683511498842139,0.36921159386893
125.55,0.7237409460994071,102.58363078385203,8.975232236097433,0.7175644575324388,0.3707552904669253
125.6,0.7375555430792525,102.62762628357767,8.860723940095156,0.7477504823059175,0.37706566012525333
125.65,0.7512621307445866,102.67162541683166,8.733595448142879,0.7684232638553256,0.38364716992832176
125.7,0.7647309462036567,102.71563708606877,8.59633605269363,0.7749575925878772,0.38588500920773405
125.75,0.7778430348218781,102.75966740453694,8.45059828496717,0.7641873485610098,0.38026076009995396
125.8,0.7904982507985623,102.80371919286226,8.297651297855593,0.7348498590320632,0.3657266209710681
125.85,0.8026192426680949,102.84779187229732,8.13933937178708,0.6878537161608649,0.34485820176724397
125.9,0.8141448791319125,102.89188126759308,7.978614716282697,0.6262617811817215,0.32347736338705735
125.95,0.8250154779218449,102.93597984354999,7.819087062356512,0.5548697126282645,0.30765621951525984
126.0,0.8351624228454364,102.98007788158598,7.664053488415426,0.47943145970196915,0.3001377312346245
126.05,0.8445084701098767,103.02416504196889,7.516083113221692,0.4058551268906984,0.29932895075147925
126.1,0.852973638217476,103.06823180300013,7.377383663533599,0.33957154151223246,0.3007311349655991
126.15,0.8604814543532928,103.11227054154944,7.250330242854889,0.285053619593427,0.2994723582403321
126.2,0.8669651572944802,103.15627634323022,7.137681788876607,0.2453675683960674,0.2927879641634187
126.25,0.8723737752766149,103.20024778887986,7.042262822671954,0.2217335196796344,0.2810827586001277
126.3,0.8766754801715922,103.24418757733892,6.966001002685762,0.21321357994246506,0.26719989854054305
126.35,0.8798575957894437,103.28810264659239,6.908827629862068,0.21669223374358879,0.2544581496222094
126.4,0.8819232483469578,103.33200342628966,6.868046812521224,0.2272495994089841,0.24504424986230497
126.45,0.8828819409913239,103.3759019070436,6.838715673958963,0.238964799270231,0.23970717436907424
126.5,0.8827411787428269,103.41980930807036,6.8145574001715605,0.24588187471266934,0.23820016840152952
126.55,0.8815038347129605,103.46373438882642,6.788811223674581,0.24284921366183213,0.2391623638766511
126.6,0.879169354268828,103.50768237138823,6.755209719788398,0.22619218956536383,0.24017477938196377
126.65,0.8757374861273609,103.5516542674463,6.709094724385727,0.19420821229825808,0.23908383557522572
126.7,0.8712128044297062,103.59564695997366,6.647979845084993,0.14733465623321815,0.2351984674357242
126.75,0.8656071500170548,103.63965390317956,6.571978174900994,0.08803664617456464,0.22930712849001988
126.8,0.8589379652780431,103.68366574773124,6.484339870726924,0.020541934782022556,0.22353960586093424
126.85,0.8512236998357197,103.72767095682458,6.390235365197146,-0.04973564549240523,0.2206291200857487
126.9,0.8424777885588078,103.7716567718744,6.294587917163676,-0.11700943369854631,0.22206936197428734
126.95,0.8327066669793523,103.81561053889745,6.201351302472564,-0.17589666889068523,0.22740368830481714
127.0,0.8219159516879271,103.85952147826612,6.113308569651088,-0.22218140456087757,0.23484185384553055
127.05,0.8101211355897585,103.90338238214797,6.031674847061239,-0.2534697435086598,0.24204719298609334
127.1,0.797356022311565,103.94719051116029,5.956593094341222,-0.26945367660069786,0.24690740630454072
127.15,0.7836768171101721,103.99094767860895,5.887858429146886,-0.27184014198348666,0.24824080163906403
127.2,0.7691616314792005,104.03465955585183,5.825521670992829,-0.26405441937962887,0.24699633634597853
127.25,0.7539044131238282,104.07833445699036,5.770053378969467,-0.2507558223885381,0.2460691561600891
127.3,0.7380091188674642,104.12198231042886,5.721233860838439,-0.23728752721451274,0.24723274332924572
127.35,0.7215859817904468,104.1656133953185,5.677428804181661,-0.22899606955625898,0.2489943300087976
127.4,0.7047471039311147,104.20923625897846,5.636263954067232,-0.2303985203964921,0.24782854468388052
127.45,0.6876107549529046,104.25285621781592,5.596092913848372,-0.24450626891503693,0.24170092868194376
127.5,0.6703111171237882,104.29647534569237,5.557141945585169,-0.27251545982913294,0.23223748623238136
127.55,0.6529964011467634,104.34009271046268,5.521039061554722,-0.3137712119594246,0.22323553104696506
127.6,0.6358152837501989,104.38370425182516,5.489682997007792,-0.36587656222328346,0.21767360159088767
127.65,0.6189032484126179,104.4273028216486,5.464530711366063,-0.42495135014248436,0.21568547810901015
127.7,0.6023780482421118,104.4708788531759,5.4463375921188915,-0.4861021413983224,0.21477279453609138
127.75,0.5863431103489802,104.5144214744436,5.435589836295713,-0.5440282037085084,0.21196120670633892
127.8,0.5708937016684626,104.55791991708419,5.4329260345992205,-0.5936993169307294,0.20599546240268918
127.85,0.5561247686812055,104.60136524617499,5.439160947317028,-0.6310428093058665,0.19810820900044612
127.9,0.5421349020870401,104.64475177384087,5.455077834103202,-0.6535057052730068,0.19145757328592627
127.95,0.5290209214643461,104.68807763903438,5.481107157547372,-0.660375789431463,0.18958648908337938
128.0,0.5168689222345693,104.7313448636092,5.516914067919387,-0.6528584019436018,0.19433339603377445
128.05,0.5057490335668284,104.7745588425991,5.561255379250546,-0.6338805717239846,0.2048132292013027
128.1,0.49571371632653183,104.8177271892449,5.6124387135994604,-0.6076169848579103,0.21814202790991338
128.15,0.4868013836837282,104.8608585388385,5.669302801343568,-0.5788651548444692,0.231296247806135
128.2,0.4790416177016111,104.90396136683984,5.731992026403756,-0.55237164212665,0.24257039525355378
128.25,0.47246089663187557,104.947043149463,5.8016580962342355,-0.5322649981854896,0.25128944546017573
128.3,0.467091707563329,104.99011016338399,5.879763512431381,-0.5216716147604875,0.25703848198705315
128.35,0.4629759500429676,105.03316708618374,5.967083255812166,-0.5224586022214297,0.25898333358916104
128.4,0.4601631802846611,105.07621659291392,6.062566891021687,-0.5351297439872186,0.255397593013714
128.45,0.4587113307741398,105.11925925440529,6.163813719806822,-0.5587702599526073,0.2450719703045439
128.5,0.4586872993586814,105.1622934555779,6.268286522436963,-0.5910646093644987,0.22938145711062008
128.55,0.46016336158012927,105.20531562088586,6.373681978094651,-0.6285538657647599,0.21261984649513171
128.6,0.4632086744285825,105.24832088065584,6.478089282063192,-0.6670483713768478,0.20043416729792765
128.65,0.46787614936953564,105.29130387392648,6.580184241621608,-0.7020782417234943,0.19722172096130489
128.7,0.47418897479437055,105.33425944176003,6.67905047930339,-0.7293981231901511,0.20412169444971112
128.75,0.48213150751184847,105.37718305418046,6.7739432371535875,-0.745470244999369,0.21872210647683668
128.8,0.4916495650966531,105.42007139874526,6.86402731067103,-0.7479094275081476,0.2358370861615081
128.85,0.5026633815753342,105.46292340761431,6.948534114450304,-0.7358197959315494,0.24946909556200986
128.9,0.5150840524685355,105.50574092656046,7.027474303425972,-0.7098781851911311,0.25574518171922145
128.95,0.5288223079118521,105.54852866320458,7.101731100259581,-0.6722458888157166,0.25442266816899417
129.0,0.5437876313321448,105.59129358370693,7.172749715844838,-0.626309582016626,0.24865184260555045
129.05,0.5598821807370077,105.6340440065679,7.242135253331905,-0.5762762280210209,0.2434447413351747
129.1,0.5769928745737783,105.67678863638771,7.310663329313723,-0.526762945568625,0.24302163763944198
129.15,0.5949834688210675,105.719535302755,7.377652902515118,-0.48228948430051577,0.24923325350069492
129.2,0.6136963561481483,105.76228987694826,7.441261486856795,-0.44667852652025153,0.26144965131967995
129.25,0.6329617665758116,105.80505578814483,7.498525852026477,-0.4225944406901683,0.2763355425323667
129.3,0.6526015864048935,105.84783349493263,7.545137905850994,-0.411242548236026,0.28836051193877377
129.35,0.6724354726079799,105.89062014109244,7.5764112672771,-0.412142890655697,0.29249463672632525
129.4,0.6922881830813669,105.93340968078034,7.5891365430374,-0.4230224737966202,0.28695905885423467
129.45,0.7119936481466399,105.97619352779083,7.582832689497103,-0.4400018148325281,0.2739358733186037
129.5,0.7313978149019077,106.01896176840062,7.55965328978184,-0.45817049466111515,0.25858883809820393
129.55,0.7503540931955551,106.06170443004487,7.5231011676979245,-0.4723917322615438,0.24659261781728953
129.6,0.7687128405038054,106.10441242469751,7.476613231679386,-0.4780784913872348,0.24146247350339345
129.65,0.7863143546331508,106.14707826965284,7.4228054379524,-0.471810218727266,0.24376495488012415
129.7,0.802988956527657,106.18969684174057,7.363629283143584,-0.45170283631214136,0.2515793815435576
129.75,0.8185657952419184,106.23226614106345,7.301164224223286,-0.41751536475563,0.26121266543383537
129.8,0.8328918006242302,106.2747881817007,7.238158368701338,-0.3706774620045127,0.26859114167040543
129.85,0.845844619178418,106.31726911685774,7.177970079272313,-0.3141969811888523,0.2710611741662844
129.9,0.8573287367048683,106.35971785088468,7.123777890112999,-0.25231409711781444,0.26826538517895804
129.95,0.8672690527646216,106.40214439200433,7.0775747945035326,-0.18998872724147253,0.26158284989976927
130.0,0.8756060094229844,106.44455838228548,7.039975881316133,-0.13224434362441753,0.25365133783349914
130.05,0.8822894411607981,106.486967563334,7.010796453268412,-0.08341533187785631,0.24811698081413283
130.1,0.8872711845969478,106.52937659583426,6.9896293851657125,-0.04649497182449743,0.24806789259216552
130.15,0.8904998406361417,106.57178653806291,6.9764662699205715,-0.02269704252368169,0.25438688689655137
130.2,0.8919200912064629,106.61419481633905,6.971614293544726,-0.011327300304801887,0.2649729273692489
130.25,0.8914772830745441,106.65659557541623,6.974759339733261,-0.010006380650432379,0.27497643439883873
130.3,0.8891296540428675,106.69898045415773,6.985002620208407,-0.015056993596679709,0.27925174955279075
130.35,0.8848611944722279,106.74133969466942,7.001715489389118,-0.021958793730531154,0.27529490683414104
130.4,0.8786857788424074,106.78366332426661,7.0252107873635525,-0.02587913278460388,0.264170738436926
130.45,0.8706418936611053,106.82594214897644,7.0569742674711735,-0.02225001430230215,0.24976444944218423
130.5,0.8607854215859846,106.86816881729577,7.0988356943102495,-0.007419253709373165,0.23686504562106392
130.55,0.8491887418768076,106.9103392274867,7.151854468605102,0.02072520173870855,0.2288049512321218
130.6,0.8359424153708461,106.95245353183829,7.216100006081875,0.06241998676179023,0.22638568126579114
130.65,0.8211564484361193,106.99451620609841,7.290842070935138,0.1160250609164867,0.22864039888447454
130.7,0.8049606267819523,107.0365353104916,7.374307762393231,0.17822212692966174,0.2344128193902675
130.75,0.7874986925632548,107.07852115010105,7.463597472359987,0.2444684916418885,0.2428616332402563
130.8,0.7689184103698947,107.12048462905662,7.555259235047292,0.30973433802046946,0.25283733576819944
130.85,0.7493663280646148,107.16243587190719,7.64542301507444,0.36916783631507627,0.262285994548369
130.9,0.7289908814327692,107.20438331262012,7.729822589647552,0.41860905990368996,0.2686579402041266
130.95,0.7079480241970473,107.24633286031053,7.804913347875646,0.45518276532557916,0.2708003746825599
131.0,0.686403019224344,107.28828726838316,7.868857663799372,0.4777790559486613,0.2697423452499747
131.05,0.6645295110196626,107.33024592264464,7.921467900369493,0.48718864732521194,0.26785582708153144
131.1,0.6425103398406491,107.37220529386856,7.963973102611286,0.48592643013876646,0.2681256542584843
131.15,0.6205343406165308,107.4141598190957,7.998833278136841,0.47783521149864844,0.27331766674130126
131.2,0.5987879864761105,107.45610284119834,8.02901282973054,0.4674829295509181,0.2847663427364021
131.25,0.5774481717537245,107.49802744385006,8.05705692901469,0.4594743809445897,0.30159742349874025
131.3,0.5566780537064504,107.53992722578796,8.08436467941982,0.4577966920409522,0.32073622490783105
131.35,0.5366288802057775,107.581797355926,8.110787428609811,0.4652580281079019,0.3373105023371049
131.4,0.5174443607942159,107.62363519390219,8.135173559121824,0.48325449698564965,0.3463884971950371
131.45,0.4992639941590268,107.66544026115118,8.156936887371227,0.5119081574920398,0.3457551721891269
131.5,0.4822287391722401,107.70721458400614,8.177030111825436,0.55018848117564,0.33701798072876493
131.55,0.46648447665392134,107.74896320646744,8.19735092064213,0.5958843570658837,0.32427370976003045
131.6,0.45217795307498027,107.79069389828895,8.219738826223253,0.6457080348019869,0.31211464985796855
131.65,0.43945260405657427,107.83241633082977,8.245210750297838,0.6955692595172166,0.30425494609167153
131.7,0.42844438423491854,107.87414091687494,8.27349233811688,0.7410059658680075,0.30261023788462094
131.75,0.41927185968316355,107.91587702112787,8.302876487626417,0.7778226358459293,0.30678602703323316
131.8,0.4120274079681558,107.95763121918371,8.330388919867787,0.8027720735620826,0.3142428403976728
131.85,0.40677627159814117,107.99940644971834,8.352061232086612,0.8139895975913827,0.3212082280692102
131.9,0.4035611124515594,108.04120194403161,8.363612675950696,0.8111980282088491,0.32450864003835983
131.95,0.4024069762257534,108.08301344741145,8.361700505125485,0.795832014039042,0.3237378335085993
132.0,0.40332219241262834,108.12483368384108,8.34480157130151,0.770971784831154,0.3217306739651259
132.05,0.4062940312119227,108.16665328749356,8.313275710617589,0.7409880770025951,0.3225021330433044
132.1,0.41128575873558487,108.20846229854243,8.268249065534228,0.7108084209097426,0.32809923356631016
132.15,0.4182358687683706,108.25025157513647,8.210386627614731,0.6850429313554327,0.3368635327058683
132.2,0.4270591631115519,108.29201358834389,8.140193902595126,0.6674179002616853,0.34486936746974917
132.25,0.4376500670405668,108.3337429167562,8.058787528170502,0.6604668419507763,0.34818509222756405
132.3,0.4498872860181523,108.37543649803223,7.969308929583299,0.665533044308144,0.3450760441385543
132.35,0.46363956979446375,108.41709377503089,7.877977702992444,0.6828537130263272,0.3377759915242671
132.4,0.47876777271975435,108.45871714132701,7.791832159375766,0.7111622185905916,0.33048489746405096
132.45,0.49512301111626983,108.50031215897866,7.71606805602256,0.7473900323646431,0.3257720011403187
132.5,0.5125478414933865,108.54188702540227,7.653605787818207,0.786983425687351,0.3235637298980684
132.55,0.5308815847545992,108.58345150461865,7.605023037359438,0.8244530833976293,0.3221976076901983
132.6,0.5499675533893315,108.62501566597717,7.5681994278297555,0.8539879560530248,0.31981228993637284
132.65,0.5696589217451803,108.66658856825751,7.539196615461936,0.8703512798371031,0.3153204805111411
132.7,0.5898189815801771,108.70817687861833,7.513563545721382,0.869781175311749,0.3085901044881684
132.75,0.6103158037582257,108.74978369021554,7.486600363016341,0.8505176932035314,0.2995712376947906
132.8,0.6310184708122867,108.79140796113484,7.4535673561698195,0.8130217698437412,0.2878623830336206
132.85,0.6517982955757612,108.83304453079543,7.410918486017574,0.7600501607968501,0.27400349813080266
132.9,0.6725324541977229,108.87468505804108,7.357011702369162,0.6963411333456488,0.26000837356754664
132.95,0.6931077851504989,108.91631983119542,7.29179304161835,0.6278632687659194,0.24849642492965565
133.0,0.7134186495568186,108.9579393749013,7.2162936448726045,0.5609328038391684,0.24189959465729327
133.05,0.7333623123845076,108.99953582142867,7.1319352661073125,0.5013089701371597,0.241684829207131
133.1,0.752835515130627,109.04110421381422,7.039999922201295,0.4534167016894712,0.2476361819595192
133.15,0.7717299395062847,109.08264313631923,6.941619498259087,0.4198908823792481,0.2579388166890551
133.2,0.7899235602463376,109.12415416146483,6.838118906175699,0.401509271691506,0.26987384223661937
133.25,0.8072752901819781,109.16564093114363,6.731475308425935,0.39735821479110595,0.280768902229682
133.3,0.8236316098902087,109.20710892570948,6.624558429475537,0.4050038476531454,0.28871294296609235
133.35,0.8388328535251023,109.24856495418483,6.520797754400975,0.4207563520037831,0.2926480148565733
133.4,0.8527163252162805,109.29001617830532,6.423484633861182,0.44008452754102256,0.2923375713791025
133.45,0.8651213307709597,109.33146935264777,6.335434277355697,0.45813760508578183,0.2880943190990872
133.5,0.8758932383179088,109.37293006916634,6.259025593502938,0.47034727984069247,0.28048743209699223
133.55,0.8848891696476916,109.41440205787485,6.195898898929309,0.4729243715231617,0.27069843507651875
133.6,0.8919877608034494,109.45588701011339,6.146337820608119,0.4631412332023658,0.2603426808556615
133.65,0.8970962298631033,109.4973846497546,6.1090403334147165,0.4395299672160052,0.2505917329322149
133.7,0.9001518542140338,109.53889272494675,6.081146353829598,0.40199877686566543,0.24169202944484902
133.75,0.9011195119640384,109.58040693821704,6.058755231147477,0.35189621565609586,0.23280888608000072
133.8,0.8999914338974848,109.6219211040645,6.038255457500671,0.2920163974178606,0.22280387714069977
133.85,0.8967891789264075,109.66342761587912,6.01755033906232,0.2263975978551493,0.21160989675344016
133.9,0.8915594702842871,109.70491805005909,5.996294849028727,0.15986666185439302,0.20037896520192894
133.95,0.8843677241841875,109.74638420005748,5.97481721107268,0.09730938549923061,0.19034152803567697
134.0,0.8752937024041207,109.78781938322311,5.952625664934709,0.042880555294333024,0.18127949472279647
134.05,0.8644313207694658,109.8292194643122,5.928300774824509,-0.0005042759073083025,0.17162117922441367
134.1,0.8518901840363916,109.8705832096223,5.900457989639622,-0.03137415718044666,0.1602021901551443
134.15,0.8377907297034682,109.91191189773636,5.868687958278773,-0.04968794592376159,0.14733596260026832
134.2,0.8222599792601226,109.95320872153574,5.835071105950821,-0.05661951393062727,0.13589549898586015
134.25,0.8054298286870127,109.99447848812883,5.804186796420811,-0.05438483619097196,0.13080453681445395
134.3,0.7874297496568704,110.0357274666118,5.780134820611082,-0.04621078351779119,0.13468134548617547
134.35,0.7683831850472178,110.0769630213068,5.764895349485696,-0.03611183402284657,0.14560139045179307
134.4,0.7484125688617379,110.11819300200942,5.758713459531991,-0.028430818163232553,0.15848519457760654
134.45,0.727648183158982,110.15942491639979,5.760470326273997,-0.02733402083276815,0.16766784133014223
134.5,0.7062362613617916,110.20066487556414,5.768174012312353,-0.036299299156790144,0.17030681913869247
134.55,0.6843391777572555,110.24191648913536,5.779523656450599,-0.057607603715186056,0.16787173382307283
134.6,0.6621253404801106,110.2831798461716,5.7921206268875265,-0.09193006730741012,0.16428336912279193
134.65,0.6397578060578658,110.32445113455037,5.802993826862177,-0.13821301397635072,0.16270587598994699
134.7,0.6173933529751428,110.3657234898445,5.808204160755947,-0.19390912638153698,0.16391940788030018
134.75,0.5951871802959658,110.40698828952596,5.803749381760452,-0.2553322543695403,0.16734573218667426
134.8,0.5732950267280363,110.44823633508227,5.786887246764572,-0.31808252499305517,0.17232988957033152
134.85,0.5518709600635697,110.4894589025306,5.756430852030915,-0.3775863221436865,0.17800108964422298
134.9,0.5310608491301948,110.53064828047796,5.712364658164589,-0.4296346800974669,0.18289080396762072
134.95,0.510997467590837,110.5717979930196,5.655770861761009,-0.47082437246615355,0.18574706301664295
135.0,0.49179859727633196,110.61290308256702,5.5889878467753435,-0.49888012850362456,0.1863800335114942
135.05,0.47356982098209083,110.65396083507608,5.515602488966249,-0.512915420734738,0.18545300432157347
135.1,0.4564130995249468,110.69497180705383,5.440129617754602,-0.5136439213223354,0.18412788107729117
135.15,0.44043176098857595,110.73594010856088,5.367148306195486,-0.5034015839338875,0.18369568719514281
135.2,0.42572845938770487,110.77687289671805,5.300376907054079,-0.4859128746295256,0.18469944230362872
135.25,0.41240297188391883,110.81777956237204,5.242352718059003,-0.46584128958247534,0.18637331975470106
135.3,0.4005496409381934,110.85867035046363,5.194733121460532,-0.44813648252334104,0.1871994907094107
135.35,0.39025413254801855,110.89955462489908,5.158983133056427,-0.4372896983269643,0.18636912364314073
135.4,0.3815940410686267,110.94043964357117,5.137007360573748,-0.43671155030444875,0.18501186300527941
135.45,0.37463875029455407,110.98132991587059,5.13099214952471,-0.44832773036075896,0.18556608166908695
135.5,0.3694435084103423,111.02222671914866,5.142456672519524,-0.47238431494947236,0.18958413994875228
135.55,0.36604204100073706,111.06312765343856,5.17169534499649,-0.5074186584428653,0.19643498208313273
135.6,0.36444449695393166,111.10402675813502,5.217674557410292,-0.5504571375890752,0.20354947080475594
135.65,0.36464300951490924,111.14491562806617,5.277969064384119,-0.5974817248308313,0.2074002438872845
135.7,0.36662372756629463,111.1857851939276,5.349131053073575,-0.6440456746481275,0.20559606301313235
135.75,0.37037629147570766,111.22662729033686,5.4274998689609975,-0.6858561421152789,0.19896247866838343
135.8,0.37589020005738416,111.26743539303642,5.509780794495036,-0.7192159526899676,0.1912022412435769
135.85,0.3831476780844158,111.30820521456324,5.5933268881572085,-0.741389070754065,0.18685168662737361
135.9,0.39211490868833504,111.34893484315818,5.676334961913551,-0.750816101421608,0.18936241358841321
135.95,0.4027298197240965,111.38962413076105,5.757778267546102,-0.7471568699505001,0.1997437110927269
136.0,0.4149002190724895,111.43027456519069,5.837214643251954,-0.7313077928301329,0.21599689119570592
136.05,0.4285119604980126,111.4708896560661,5.914938637245034,-0.7053223442017102,0.2335520954932206
136.1,0.443435289763095,111.51147482923585,5.991858316058061,-0.6721885797354085,0.24672600107003312
136.15,0.4595342434751171,111.55203700349941,6.068693551584973,-0.6355987277143127,0.2510165705314691
136.2,0.4766791976498961,111.59258415072955,6.145641213024397,-0.5996248733706286,0.2450614162793346
136.25,0.49475312029965196,111.63312457205319,6.222386332945953,-0.5682485617977728,0.23080771636301503
136.3,0.513650620169103,111.67366596240555,6.297858818730091,-0.5448910126308132,0.2120950052841025
136.35,0.5332745907166094,111.71421450531874,6.369807031977467,-0.5320668055492853,0.19318758936692648
136.4,0.5535308433526692,111.75477395139121,6.434962099241413,-0.5310582099793312,0.1781308461396778
136.45,0.5743178437323535,111.79534483494959,6.49015961055908,-0.5415661504123244,0.1700676692113266
136.5,0.5955171964521967,111.83592431652642,6.533265393842385,-0.5616098293038493,0.1703586744446391
136.55,0.6169912025887337,111.87650672442786,6.563480050550734,-0.5877514711029028,0.17828717085391016
136.6,0.6385843867379515,111.91708444610364,6.581324528269298,-0.6155323361940808,0.19142463288209494
136.65,0.660126671686407,111.95764892896013,6.588384539283973,-0.6400638640249939,0.20638513529085473
136.7,0.6814414166567833,111.99819193457468,6.586948874809065,-0.6567136437678153,0.21980285524634682
136.75,0.7023540816882686,112.03870677130642,6.579676317020591,-0.6617457445447101,0.22918821021183675
136.8,0.7226967763810972,112.07918922257191,6.569278495330696,-0.6528167253434115,0.23336532033090707
136.85,0.7423113769146182,112.11963827982603,6.558196235767858,-0.6293082731064394,0.23252453652805946
136.9,0.7610520893458094,112.16005652097141,6.548330621516885,-0.5924369630728487,0.2278920745682201
136.95,0.7787865249658462,112.2004498791042,6.540899213027755,-0.5450888812764954,0.22113756662275386
137.0,0.7953933206744902,112.24082665183846,6.536517333163458,-0.49137706126762193,0.21399970609119717
137.05,0.8107541278202619,112.28119587649874,6.535543331173505,-0.43597954553085855,0.20822936063043912
137.1,0.8247485175312015,112.32156592741119,6.538397121404907,-0.3834593785399332,0.2052609615435384
137.15,0.8372575604700039,112.36194382840219,6.545523072088137,-0.3377457909291351,0.2055093902016121
137.2,0.848166947948574,112.40233450848567,6.557131273222924,-0.30171504995203835,0.20809719159333367
137.25,0.8573664153240679,112.44273982052623,6.572984907938897,-0.27684394365916204,0.21120637117237684
137.3,0.8647508925406258,112.48315816087526,6.5921273978039645,-0.26309516324381005,0.21247671759681783
137.35,0.8702249962287647,112.52358480487956,6.612684839993712,-0.2590533622001301,0.209546126771419
137.4,0.8737087519421424,112.5640124423955,6.632219165191714,-0.2621442580870505,0.20127884764289306
137.45,0.8751445529463744,112.60443199135975,6.648475280245375,-0.2689166536099118,0.18890831777181702
137.5,0.8745021902688452,112.64483382144456,6.659795295293233,-0.27548286066529776,0.17571437820915972
137.55,0.8717773911256164,112.68520893393489,6.664963055860233,-0.27805642833964955,0.1654245839349877
137.6,0.8669893374132682,112.72555002856717,6.662795146729496,-0.2734727020579811,0.1603007117708453
137.65,0.8601767416514989,112.7658521615818,6.652178112768009,-0.25953355892826,0.1601323440789482
137.7,0.8513920481383803,112.80611282358608,6.632835669240067,-0.23511587554071162,0.16280072136241514
137.75,0.8406983516986449,112.84633190744705,6.6062079094215305,-0.2001541430891957,0.16547605690131537
137.8,0.8281708132198256,112.88651159303168,6.576104324264977,-0.1555469263695022,0.16642251251279225
137.85,0.8139008482150467,112.92665615140514,6.548292338422546,-0.10310785482187533,0.16646847679100635
137.9,0.7979946868065415,112.96677170817527,6.528362787566857,-0.04561228442998622,0.1675684345632653
137.95,0.7805665430496098,113.00686559749302,6.519822232151835,0.013342815460645538,0.17042729341312932
138.0,0.7617363311599953,113.0469453223868,6.523701730357119,0.06977614310368968,0.1743705524003229
138.05,0.7416329287140877,113.0870175171833,6.539181787385125,0.11991279069397935,0.17856516999999922
138.1,0.7203989167032495,113.12708723836913,6.564616313013325,0.1607525807706499,0.18278423844849828
138.15,0.698193932461102,113.16715760556048,6.598120523961774,0.19046536832379687,0.1873060994683297
138.2,0.6751940147513803,113.20722952374189,6.637743653229539,0.20861243552931413,0.19256643833833959
138.25,0.65158525126986,113.24730141709423,6.681498431624894,0.21620857465743154,0.19876391673614363
138.3,0.6275556136945292,113.28736923244712,6.727295241834569,0.21560100933998952,0.20544414364226884
138.35,0.603291138017932,113.32742687280337,6.773324414730836,0.21022709997905278,0.2115940454690777
138.4,0.5789769202929694,113.36746706270186,6.818700640347296,0.2042413174894265,0.21621106348111185
138.45,0.5547999788377387,113.40748258459956,6.863483583164428,0.20193738731403893,0.21880544381579548
138.5,0.5309489358034086,113.44746747683189,6.907997156295413,0.20708390715962088,0.2191367262699007
138.55,0.5076126689524887,113.4874180193382,6.952090087255989,0.22234353502204038,0.21678909655876583
138.6,0.48498261174271606,113.52733342831442,6.995203423202063,0.24893290596394058,0.21187384978463716
138.65,0.46325066170029283,113.56721585592376,7.0369361623532285,0.286574425914525,0.2057234463405769
138.7,0.44259891929441664,113.60706972276732,7.077349861218791,0.3336572406545619,0.20048866522377704
138.75,0.4231924943366605,113.64690120672877,7.1168943744842945,0.3874575742764885,0.1983322122655616
138.8,0.4051797127354973,113.68671794117242,7.1560266307505085,0.44440335146566967,0.20046865360041363
138.85,0.3886954578682249,113.72652846442575,7.194767398266783,0.5004563568644781,0.20621321854109503
138.9,0.37386426782888743,113.76634145646875,7.232556451761228,0.5515737116058252,0.21314687664333215
138.95,0.3608033919162481,113.80616477512346,7.2686639753659374,0.5942347962124583,0.21864714081470843
139.0,0.3496239585349451,113.8460044119397,7.302767793548391,0.6259565020143083,0.22160052618132228
139.05,0.3404296934474271,113.88586383730575,7.334862570959091,0.6455992029782414,0.2227589324846659
139.1,0.33331269170962907,113.92574374677599,7.364735531392806,0.6534556984064002,0.22378951562970212
139.15,0.3283479334745294,113.96564210364257,7.391751024247913,0.6511932019560073,0.22614318891807214
139.2,0.3255901025022097,114.00555456275691,7.415072792042101,0.6416401175885807,0.2305034859885995
139.25,0.32507201105661887,114.04547506499347,7.433959767646668,0.6284106128159078,0.23697761201796008
139.3,0.32680308004792996,114.08539664529833,7.447927808734205,0.615399572035643,0.24519894670668096
139.35,0.33077038896307015,114.1253126486647,7.456942041917675,0.6062581181419179,0.25413407102770386
139.4,0.3369422096935331,114.16521783385326,7.461551962574649,0.6039612835130574,0.262282527531652
139.45,0.3452696814702451,114.20510900652289,7.462960722856119,0.6105115485425259,0.26824748657136355
139.5,0.35568902277415154,114.24498543597252,7.463166642247936,0.6267660831434799,0.27137938998511646
139.55,0.3681225099968326,114.28484890803065,7.464911426874315,0.652371116220003,0.2722264765620843
139.6,0.3824741668427104,114.3247032125159,7.470990427737869,0.6857682913054929,0.2721099894375997
139.65,0.3986231139588411,114.3645533718789,7.483239692360431,0.7242879881033821,0.2720065888799295
139.7,0.41642660547865035,114.40440531803131,7.50195525025425,0.7643586153837683,0.27196974873198876
139.75,0.4357296353685177,114.44426556978061,7.525649325150928,0.8018737739483112,0.27122281059584913
139.8,0.45636779339762323,114.48414029539308,7.5509255534240864,0.8327272153575754,0.2680106515790513
139.85,0.4781655423126688,114.52403400240405,7.57325732318124,0.8535067871385569,0.26005765929518904
139.9,0.5009389321692441,114.56394846375802,7.588515352153742,0.8621381909473655,0.24647665777806202
139.95,0.524500921505136,114.60388232442236,7.593778228668887,0.858177510227257,0.22900711378825792
140.0,0.5486645673697638,114.64383133850157,7.587493537331637,0.8427704618836199,0.2115495723460153
140.05,0.5732439359454145,114.68378910609125,7.569638339332826,0.8184163988136608,0.1988490289353521
140.1,0.5980512483627023,114.72374803289871,7.541269284081588,0.788540829218822,0.19451734672397777
140.15,0.6228917013301539,114.7637002722345,7.503668093700871,0.7569425455390935,0.19919433106438894
140.2,0.6475617587734265,114.80363852100486,7.458062043031611,0.727287610892692,0.21043385444806015
140.25,0.6718514386010955,114.84355652280891,7.4059488887707365,0.7027474692314754,0.224388832075634
140.3,0.6955493899656229,114.883449454687,7.349471938598349,0.6857090592646254,0.2378388055154648
140.35,0.7184491628753721,114.92331442073298,7.29124128158045,0.6774700785668832,0.2488505924341357
140.4,0.7403562319039532,114.96315094841064,7.233804303767973,0.678018178713753,0.2564717121524416
140.45,0.7610962425285677,115.00296139915419,7.178993390772298,0.6859456723203551,0.2602147034260914
140.5,0.7805174919833583,115.0427508365209,7.1271043585475,0.6985599537508586,0.25924090979932624
140.55,0.7984869435454243,115.08252604735073,7.0767009829989815,0.712297385852345,0.25237551038150957
140.6,0.8148890570263413,115.12229433039437,7.025538627484865,0.7233332978267891,0.23937881644108697
140.65,0.8296268696716356,115.16206263263858,6.9714791846697715,0.7281325526916564,0.2215411938694157
140.7,0.8426208596230206,115.20183684401137,6.912848756194756,0.7238780929918079,0.20139920354108662
140.75,0.8538061685255468,115.2416209658152,6.848907282246827,0.7088749971085934,0.1827585766782588
140.8,0.8631278246328479,115.28141652924833,6.780296759597274,0.6828515371475116,0.16995734719325817
140.85,0.8705340963645379,115.32122254032502,6.708330225227254,0.6469142411475997,0.1657062552271976
140.9,0.8759704070687367,115.36103547790933,6.633507931655497,0.6032257663786228,0.16971127287751225
140.95,0.8793824818817461,115.4008496702648,6.554857087171046,0.5546177865307547,0.17953185320345216
141.0,0.8807312222105713,115.44065864493851,6.470707834491973,0.5042225287464576,0.1924794265542405
141.05,0.8800038657628524,115.48045646821896,6.380045701074931,0.4551905306907443,0.2067936468521736
141.1,0.8772136178838411,115.52023847169069,6.283202613888767,0.4104216215319121,0.22152501537146632
141.15,0.8723938624259645,115.56000166697848,6.18171002547015,0.37225391668102986,0.23578281702946957
141.2,0.8655919721422706,115.59974496097665,6.077965928107666,0.34219718812067085,0.24820563186655972
141.25,0.8568666601546416,115.63946924340334,5.974825344410364,0.32075582870717106,0.2570310196949424
141.3,0.8462870308313627,115.67917713007881,5.8748190229549975,0.3073586699037051,0.26057023857836575
141.35,0.8339338668097364,115.71887259798005,5.779631153560433,0.30041894829347104,0.2578668200720833
141.4,0.8199048391500194,115.75856092181056,5.690142978434705,0.2975021349203091,0.24923231321527617
141.45,0.8043170865200459,115.7982483523645,5.606798227090533,0.29564720557353874,0.2365069961217531
141.5,0.7873047875485547,115.83794135885623,5.53004447843965,0.29180473089477205,0.22277096831663368
141.55,0.7690157950250365,115.87764598124066,5.460419143600832,0.28321829357459316,0.21130618251153566
141.6,0.749607496522676,115.91736735753355,5.3982348982444845,0.26770083736537964,0.20400067056589874
141.65,0.7292392869943852,115.95710896446678,5.343447124781869,0.24391578067214195,0.20032331846126333
141.7,0.7080689713524486,115.99687201706884,5.295964806829503,0.2115919401865009,0.19805419854486314
141.75,0.6862554111556826,116.03665537524287,5.256035172519422,0.17157352417644028,0.19490388822879987
141.8,0.6639608282910446,116.07645569489954,5.2241784399499265,0.12570838200033452,0.18955282852774666
141.85,0.6413502069419836,116.11626779346321,5.200817115273126,0.07659896505086848,0.18184000616747414
141.9,0.6185905203601071,116.15608528285077,5.186044531825403,0.027258254877949185,0.1726945946579861
141.95,0.5958513035700638,116.19590150493414,5.1791927217963165,-0.01932730407081411,0.16398147514150052
142.0,0.573304312555485,116.23571063762631,5.178290216097817,-0.060641562220271866,0.1575568210331166
142.05,0.5511212515293417,116.27550861609782,5.180598721177584,-0.09493005215252259,0.1541780248970086
142.1,0.5294702310724604,116.31529341513614,5.183816396872532,-0.12131917728135419,0.15370252169610105
142.15,0.508513101106448,116.35506495927149,5.1865275420160275,-0.13986327750526756,0.15560197691254404
142.2,0.48840332064214287,116.394824934607,5.187796176725173,-0.15154815086307125,0.15886368259440514
142.25,0.46928540329479357,116.43457653477684,5.1863465709266965,-0.1582382831274993,0.16192702744449683
142.3,0.4512970997010553,116.47432411460541,5.180307944356317,-0.16248142584107234,0.16346068248278806
142.35,0.43456877410228106,116.51407252559021,5.167877409254306,-0.16711639065056733,0.1631460478881016
142.4,0.41922010357761025,116.55382626209955,5.147847499385924,-0.17483426017141415,0.16160929199199578
142.45,0.40535766217097124,116.59358856164148,5.120121385572102,-0.18776595065612522,0.1605185003203789
142.5,0.39307195717800625,116.63336074529809,5.0862930196322775,-0.20715417944525502,0.1624794481901141
142.55,0.38243220200788486,116.67314207364664,5.049129572335264,-0.2332393940305763,0.16923054883744107
142.6,0.37348249644925524,116.71292980715099,5.011385688904983,-0.26532683008462915,0.18012320222569272
142.65,0.3662464964244236,116.7527197928637,4.975095951311155,-0.3020004667806662,0.19240490338999122
142.7,0.3607367878207098,116.79250741260275,4.941200594212622,-0.34142426280768146,0.20217181834956083
142.75,0.35695963933044417,116.83228790582498,4.909504897967764,-0.3815646873421031,0.20581227539595617
142.8,0.3549184513401067,116.87205652715002,4.879363877196128,-0.42034592065981957,0.20194521777478827
142.85,0.3546160072513332,116.91180895827722,4.850511153898951,-0.45581279078675446,0.19228134978917893
142.9,0.3560513833621887,116.95154167748532,4.823349502820771,-0.48630295213355784,0.1806215095766049
142.95,0.3592128126079696,116.99125216174598,4.798699013440629,-0.5106176134627605,0.17098783589765174
143.0,0.36407063015072005,117.03093902444922,4.777394482762974,-0.5281765333321861,0.16596863964517425
143.05,0.3705749924051489,117.07060225023588,4.76009250452922,-0.5391296428687757,0.16586150985874618
143.1,0.37865773792605184,117.11024327898195,4.74735481308128,-0.5443604445936765,0.16897091501944658
143.15,0.38823209469387343,117.14986441516966,4.739904154130213,-0.5453129740916621,0.1727104220182091
143.2,0.39919096828005585,117.18946787846089,4.73888265606358,-0.5437076473455564,0.1748485424393018
143.25,0.4114144648135876,117.22905570546116,4.745862251522894,-0.5413560044865651,0.17457844706555772
143.3,0.42478407110805666,117.26863043897926,4.762481046076682,-0.5400950986830838,0.17272552967378305
143.35,0.4391882274818691,117.30819528398207,4.789962426212212,-0.5416551026018341,0.17091393689528128
143.4,0.4545192104432981,117.34775356646009,4.8288280789371445,-0.5474412463678527,0.17055841021004528
143.45,0.4706699045397253,117.3873082068857,4.878813821969843,-0.5583508945920536,0.1721579897993043
143.5,0.4875289913444751,117.426861087739,4.938568349228144,-0.5746371875000671,0.174594236892957
143.55,0.5049749786096009,117.46641211014777,5.00558056679727,-0.5957624473419458,0.1753617971933725
143.6,0.5228774022106109,117.50595885975495,5.077029751687086,-0.6203429151774777,0.17231177182624266
143.65,0.5411068290718943,117.54549765498284,5.150624288947328,-0.6463599215884733,0.16497787739699377
143.7,0.559541392298087,117.58502468840258,5.224773864227276,-0.6714938874721272,0.1545857641663121
143.75,0.5780669245767216,117.62453664511325,5.2982929306541,-0.6934646968873603,0.14330664609823815
143.8,0.5965744010624906,117.66403103946482,5.370090454833477,-0.710320940931552,0.13327699956081612
143.85,0.6149555336970965,117.70350634161836,5.439140518932509,-0.7206261375868502,0.12582871987487437
143.9,0.6330983944133362,117.74296205673797,5.504485352742196,-0.7235950479941464,0.12122067986351373
143.95,0.6508871438341138,117.78239882063836,5.565382745684117,-0.7191679930423625,0.11928414787821012
144.0,0.6682044785355741,117.82181848697641,5.621620025099777,-0.7079961108232742,0.12008196753614134
144.05,0.6849334419635786,117.86122422887263,5.67331567694251,-0.6914091104330934,0.123395676019109
144.1,0.7009595659823354,117.90062045166884,5.720559570898096,-0.6713119922551228,0.12827515897274144
144.15,0.7161745343654002,117.94001234332842,5.76344547431313,-0.6499516490155175,0.1335381890494407
144.2,0.7304810430550275,117.97940534020556,5.802447645428843,-0.6296234261179345,0.13866572131630892
144.25,0.7437963457500081,118.01880465455646,5.838452274588903,-0.6124021076930328,0.14405037179382957
144.3,0.7560520390449329,118.05821474767299,5.872145255780293,-0.5999154894013012,0.150254618431953
144.35,0.7671896165398315,118.09763880450896,5.903754210269801,-0.593123829277474,0.15727271473469717
144.4,0.7771574746772566,118.13707834261751,5.933494655946276,-0.592122582890729,0.16482757941372864
144.45,0.7859099221468777,118.17653302395476,5.9621656067094575,-0.59603415574508,0.17316433791552188
144.5,0.7934032810921593,118.21600069332347,5.99102184157635,-0.6030946475242298,0.18263447573363875
144.55,0.7995916497445842,118.25547767273365,6.021071169495922,-0.6109452346894922,0.1926660076090488
144.6,0.804424777235726,118.29495915907698,6.052643241340653,-0.6169853688108402,0.20167425892368068
144.65,0.8078529202814341,118.33443999215687,6.08507167421239,-0.6187874332875468,0.2074160776520854
144.7,0.8098348942418294,118.3739155312853,6.116527209383821,-0.6144945707909484,0.20758312538020351
144.75,0.8103412058943328,118.4133819015997,6.144617964829102,-0.6029792620192411,0.20129134560407724
144.8,0.8093538316328719,118.45283595414317,6.167222426651283,-0.583837237133051,0.19015370765281642
144.85,0.8068653519224649,118.4922754770306,6.182815329628678,-0.5573932667058041,0.17777414635611374
144.9,0.8028803110543351,118.53169966266218,6.190681367515973,-0.5246971149133772,0.1686613224853611
144.95,0.7974178874107163,118.57110949262513,6.191230704491188,-0.4874357131822994,0.16716394122435538
145.0,0.7905086687351032,118.61050765394641,6.1858173915200005,-0.4477722669916432,0.17570364457534265
145.05,0.7821875858793959,118.64989797575852,6.176132138791048,-0.40812846801021535,0.19314482315564194
145.1,0.7724914434116271,118.68928457137191,6.163821258957375,-0.3708865679809768,0.21493682975626086
145.15,0.7614618031922291,118.72867089866988,6.1505449802781245,-0.3380348176979328,0.2349938299716056
145.2,0.7491498327151704,118.76805899603202,6.138086643834265,-0.3108693827206116,0.2481897203028622
145.25,0.7356203364756614,118.80744901553142,6.128379126859617,-0.2898167837089039,0.25226465475365245
145.3,0.720953509599489,118.84683915401419,6.123339672451945,-0.2744049949671647,0.24810885130497795
145.35,0.705245627994973,118.88622606791323,6.124516917518728,-0.26337864375027936,0.23835375824553398
145.4,0.6886075986328364,118.92560541564565,6.132914550075218,-0.2548798744209531,0.2257379175703498
145.45,0.6711625540054297,118.96497237425773,6.149191602036245,-0.24665576193560487,0.21251631266924162
145.5,0.6530452183322965,119.00432221997092,6.1742701060615275,-0.2362818523480308,0.20086219994487697
145.55,0.6344032879996929,119.04365123246015,6.209501958799043,-0.2215243184855485,0.193115348269017
145.6,0.6153976333238279,119.0829576855626,6.255936582462311,-0.2008037635326822,0.19091203500922815
145.65,0.5961978425263703,119.1222421128078,6.313808790540307,-0.17345837347471632,0.19436793595002366
145.7,0.5769790367042177,119.1615071978216,6.382555930433658,-0.139784049531857,0.20201061944460302
145.75,0.5579209243273315,119.20075744372647,6.460928431442166,-0.10090701399978991,0.2111901567665109
145.8,0.5392023400930137,119.23999821878895,6.54734802614126,-0.058474429170557486,0.21917392099352703
145.85,0.5209948142982157,119.27923479478211,6.64034860159374,-0.014329081159862703,0.22439601682502075
145.9,0.5034607314627453,119.31847198593975,6.738723651690544,0.02973217283560723,0.22670531374704478
145.95,0.4867532141724784,119.35771404904494,6.841164986622749,0.07209821113449552,0.22649352168438358
146.0,0.47101520906599037,119.39696452222697,6.945793293955902,0.11141018165795195,0.22393453947456116
146.05,0.4563807712831125,119.43622607474619,7.050462355286774,0.14670463477237963,0.21936252798920633
146.1,0.44297673314447444,119.47550037098277,7.153245261156253,0.17757219165321758,0.21385161927011312
146.15,0.43091866621274305,119.51478782229323,7.2524835326011,0.20423020444557,0.20893055929797882
146.2,0.4203055422206362,119.55408760318139,7.345987991287733,0.22734238045718622,0.2054050499967872
146.25,0.4112198055091069,119.59339799703187,7.430165084101415,0.24766371719569918,0.20301930706038893
146.3,0.403728528383887,119.63271649415256,7.500991432013584,0.2660237090448001,0.20182736926239372
146.35,0.3978813383279949,119.6720399016859,7.5554662988684615,0.28350382915341726,0.20250502923935462
146.4,0.3937091608099345,119.7113648410701,7.591874425656337,0.30135978919755346,0.20529372202014085
146.45,0.3912254671417595,119.75068829698397,7.60974634143864,0.32081789504601266,0.20952663555703843
146.5,0.39042698047101526,119.79000786796887,7.610373760384808,0.3430090355660332,0.21418492315825466
146.55,0.3912937806610316,119.82932193051775,7.5970261641308,0.3688977075905459,0.21843311796456324
146.6,0.3937928281479109,119.86863004163465,7.574172869958898,0.3990168242175045,0.22183530656761719
146.65,0.39788257830394047,119.90793320942765,7.546583779065127,0.4332169225799613,0.2247657405274135
146.7,0.403512063496424,119.94723360679998,7.5188364097305636,0.4706391197281151,0.2284141299291807
146.75,0.41061769486368016,119.9865342098116,7.494720859511274,0.5097969919430564,0.23365204828188185
146.8,0.41912199345712947,120.02583846192469,7.476847977786207,0.5487603139531343,0.24008057566459481
146.85,0.4289385572086505,120.0651500542836,7.466971531339319,0.5854656932062299,0.24627026653009387
146.9,0.4399802793244306,120.10447286622804,7.466333559150181,0.618012881974355,0.2503652874495867
146.95,0.4521634850994497,120.14381064256084,7.475354047601769,0.6448526191546957,0.2502927562192262
147.0,0.4654099853452897,120.18316653241682,7.493257732377209,0.6649142677357626,0.24408805122409308
147.05,0.47964965317600927,120.22254280950403,7.518045320227554,0.6776566584127925,0.23089754285282904
147.1,0.4948184249924499,120.26194050793211,7.546683655331211,0.6831048371970085,0.2118444564477383
147.15,0.5108496579031924,120.30135876703964,7.575513860118028,0.6819558504788437,0.19003670651930707
147.2,0.5276658164221004,120.34079449633337,7.601058163321597,0.6756903394564193,0.1698835828530786
147.25,0.5451733970425063,120.38024269944667,7.620917849088415,0.6665923959869211,0.1559197670896527
147.3,0.5632560992618806,120.41969698640845,7.634012580596669,0.6575328940476077,0.15122775796764432
147.35,0.5817712901015547,120.4591504021952,7.640131316727045,0.6514831151578672,0.15598223664273975
147.4,0.6005568838952179,120.4985967205482,7.639343321690999,0.6509103644549208,0.16733068517900926
147.45,0.6194414807071342,120.53803147031797,7.631647846174853,0.6573040081180054,0.18062112514879206
147.5,0.6382542577671666,120.5774523787257,7.617330622250017,0.6710402145680411,0.19161039571167054
147.55,0.656833255846146,120.61685936687427,7.597732168627513,0.6915313154252462,0.19877203808160662
147.6,0.675026239915072,120.6562542988183,7.5752627893874145,0.7173986360244815,0.20339809348203833
147.65,0.6926856473384441,120.69564059203918,7.552955856970376,0.7466651882857847,0.2076856498851272
147.7,0.7096641406024385,120.73502267901848,7.534100700102736,0.7769936518166224,0.21303938834937122
147.75,0.7258174757338313,120.77440570059785,7.521335739438352,0.8057643794408375,0.21911227294271637
147.8,0.7410138223706838,120.81379534045989,7.515749602558176,0.8301354016113852,0.22380810012839022
147.85,0.7551434750332068,120.85319733151779,7.5170444507836685,0.8473728014514786,0.22501134426205177
147.9,0.7681218958506888,120.89261661088238,7.524036397429565,0.8552918635568426,0.22239280534657663
147.95,0.7798865984160804,120.93205663528447,7.53411458568836,0.8524685757638524,0.21698680616024216
148.0,0.7903919942185266,120.97151907103385,7.542473064898758,0.8383220897149901,0.2092131866085931
148.05,0.7996046743050518,121.01100341979223,7.543543415194881,0.8134526115065338,0.198849201326727
148.1,0.8075019487054078,121.0505068390302,7.5331637279609875,0.77988354360383,0.18684946135904953
148.15,0.8140735128952247,121.0900247369234,7.509219915512812,0.7408181529494424,0.17572435614828374
148.2,0.8193217995393408,121.12955179315932,7.4714238321758355,0.7001422330696309,0.1685613564298829
148.25,0.8232570380358465,121.16908288365758,7.420649121494001,0.6618342192642244,0.16779779227246555
148.3,0.8258898266295769,121.20861388475984,7.35796243946711,0.629340633020645,0.17387029612593058
148.35,0.8272299362189058,121.24814252009998,7.284340512175521,0.6051102273762925,0.18485856565114603
148.4,0.8272923030193302,121.2876691296788,7.201076032684315,0.5903285703701855,0.1977912696503253
148.45,0.8261021676471539,121.32719684272458,7.110645085282486,0.5848936602044469,0.21102506780492658
148.5,0.8236931299470117,121.36673112964974,7.017136354712622,0.5875694089664518,0.22501248422906547
148.55,0.820101015386184,121.40627926390137,6.925141319817842,0.5961057057248533,0.24026467306665908
148.6,0.8153563478256675,121.44584908623152,6.838399830701146,0.607506876361261,0.25570441719790404
148.65,0.8094800420716141,121.48544741029727,6.759046500649246,0.6184688292511404,0.26864691764885706
148.7,0.8024906011366068,121.52507964443781,6.6868851852429705,0.6256473745081466,0.2754819206375304
148.75,0.7944152238392044,121.56474974671798,6.619369571944304,0.6259311295980932,0.27335263639222607
148.8,0.7852945649751496,121.60445953084647,6.552835649311087,0.616941773289126,0.2623532855096735
148.85,0.7751802708257202,121.64420791031745,6.483961752005624,0.5975333298765424,0.24619965340914585
148.9,0.7641320974393879,121.68399086999398,6.410558370154754,0.5680089669571187,0.2308563024967228
148.95,0.7522177025425282,121.72380222425733,6.331727461569087,0.5300182947136503,0.22246284209240832
149.0,0.7395082580490159,121.7636344457768,6.2477300434923775,0.4862641929581534,0.22506711509920585
149.05,0.7260701953688683,121.80347927258221,6.159551808446214,0.44006842499455556,0.23909314152781097
149.1,0.7119608977711326,121.84332832173182,6.068305169479006,0.39485902348179697,0.26168832489052574
149.15,0.6972319779562154,121.88317392166684,5.975017644134469,0.35370466315688426,0.28786769100139
149.2,0.6819370095009388,121.92300995814718,5.880811456215673,0.3189725961631105,0.31162010566484494
149.25,0.6661428959548767,121.96283271519953,5.787027562368257,0.29206530841786926,0.3274947650548426
149.3,0.6499391383356286,122.00264136270339,5.695426318879127,0.2732793013191515,0.33233454898651393
149.35,0.633436487447672,122.04243761235426,5.60818034310246,0.26183725540463026,0.3261307051522566
149.4,0.6167629363455052,122.08222524790384,5.52699535114746,0.25594542536768267,0.311576164087595
149.45,0.6000605649978732,122.1220098221575,5.452274208352609,0.252924575067119,0.292607957860715
149.5,0.5834788542909288,122.16179793200658,5.383366486164647,0.2495952555891684,0.2731168034917423
149.55,0.5671650987496513,122.20159604436526,5.319382694268311,0.24283408071263765,0.2561452601265869
149.6,0.5512583179929248,122.24140963656065,5.25968980141742,0.23003756643932885,0.24306479834152567
149.65,0.535888803990249,122.28124275901125,5.204368891725746,0.2094517329291143,0.23356956362321477
149.7,0.5211810354846607,122.32109766693112,5.1548758796521446,0.1804217856909057,0.2271209344704909
149.75,0.507257134758252,122.36097473243844,5.113792337463489,0.1434275956511951,0.22397052813685306
149.8,0.49423645876957023,122.40087277189372,5.08347657363234,0.09987403986828827,0.2241009376898165
149.85,0.48223141735740277,122.44078928284236,5.065170777647692,0.05184184099878029,0.22641479613564958
149.9,0.4713443968692779,122.48072055054185,5.05862686928344,0.001826988739334135,0.22931206788727468
149.95,0.4616659468119861,122.52066201239806,5.061512531629624,-0.047587594228099085,0.230504006676383
150.0,0.4532730001814969,122.56060857122401,5.069988622225106,-0.09393535914297835,0.22715163383903342
150.05,0.4462296010489021,122.60055474788756,5.080721184181559,-0.13493723094518065,0.21822764491759178
150.1,0.4405895170117762,122.64049534763046,5.0918174094533555,-0.16873214011683915,0.20564253531480325
150.15,0.4363961797546342,122.68042645533225,5.102076166204742,-0.19422112911542033,0.19260705946606088
150.2,0.43368108470620453,122.720346202814,5.109707175127493,-0.21133241966502167,0.18160578852599088
150.25,0.43246319208850814,122.76025506113349,5.112187158099424,-0.22108647077531776,0.17392726054576885
150.3,0.43274757781243334,122.80015560673394,5.107386770956835,-0.22542318737190342,0.16999853274016594
150.35,0.43452613099205284,122.84005213359639,5.094193854143114,-0.2269431020434815,0.16961192124869898
150.4,0.4377780108560048,122.87994999639612,5.072492479656064,-0.22858164375616516,0.17214790404037475
150.45,0.44246886855857326,122.91985475952673,5.04299996624375,-0.23322015145944983,0.17651095089132257
150.5,0.44855286712089165,122.95977160869552,5.0068665453862495,-0.2433489346046657,0.18086802975397387
150.55,0.45597695536348204,122.99970490910577,4.965424467775865,-0.260775261228426,0.1827696283476512
150.6,0.46467933273551637,123.0396569844707,4.9204471268805685,-0.28627226148328944,0.1801950752023756
150.65,0.474588706452265,123.07962713948378,4.874677632743877,-0.31936631788773984,0.17325393123423805
150.7,0.4856316754299834,123.11961262040371,4.831830630520748,-0.3585155206318553,0.16433644484542445
150.75,0.49773532942717896,123.1596099392804,4.7957039190526585,-0.4014641237725425,0.15615816443654693
150.8,0.5108223904992761,123.19961542437525,4.769277841387985,-0.4455689827176221,0.15002607035426696
150.85,0.5248083688689601,123.23962559675158,4.754390934886535,-0.4881188689602467,0.14573492640008776
150.9,0.5396001650492156,123.27963732789992,4.751846242315443,-0.5266094065039134,0.14243439571858177
150.95,0.5550904916409204,123.31964743987226,4.761822368492404,-0.5589045315785937,0.13953230191053023
151.0,0.5711559846646076,123.35965275385988,4.78430988285244,-0.5834107406565274,0.13710450041069291
151.05,0.5876634533599225,123.39965110456465,4.819210204487438,-0.5993407610815762,0.13564578994924498
151.1,0.6044768202737536,123.43964226051061,4.866119649799041,-0.606906647730612,0.13539506134273419
151.15,0.6214591751117217,123.47962796425469,4.923944517245046,-0.607312698815452,0.13562551096284536
151.2,0.6384712213099013,123.51961125360472,4.990607818621891,-0.6025613985512301,0.13457998255754675
151.25,0.6553704356423676,123.55959552714044,5.063294053034442,-0.5951305893132336,0.13046681610901636
151.3,0.6720150532987852,123.5995839745013,5.139080139652686,-0.5876289375368935,0.12272421335868741
151.35,0.6882703676063829,123.63957939215561,5.215352792608857,-0.5824888989284,0.11238626453752308
151.4,0.7040097532851683,123.67958377710787,5.289824865128542,-0.5816647316657071,0.10149836473562956
151.45,0.7191127611278522,123.71959793618477,5.360241668488161,-0.5864112882378163,0.09224673332553245
151.5,0.7334650621380966,123.75962148402941,5.424138586066042,-0.5971942065771405,0.08630649911534427
151.55,0.7469567698497506,123.79965285401259,5.4792057849275855,-0.6136280997121202,0.08438404695716051
151.6,0.7594799944560969,123.83968921192918,5.524127670493423,-0.6344431845636757,0.08595237771317048
151.65,0.7709301180622151,123.87972660045934,5.559054256365484,-0.6576098529238606,0.08968305864698614
151.7,0.7812084278607947,123.9197603285154,5.585230775571192,-0.6806345276984656,0.09410473679477924
151.75,0.7902241695191798,123.95978551277275,5.6043563152200635,-0.7009175744634257,0.09779827709895628
151.8,0.7978988553808857,123.99979783798315,5.61829010466175,-0.716104149565894,0.09942912223292807
151.85,0.8041712738638527,124.03979436048287,5.629234968744693,-0.7243722821373204,0.09808400300643727
151.9,0.8089992787552013,124.07977386578385,5.640165954525116,-0.7245970672592452,0.09439690675108403
151.95,0.8123587260468533,124.11973686295057,5.6545237066565015,-0.7164727129697783,0.0908124263416506
152.0,0.8142385797126597,124.15968558746647,5.6751128959000665,-0.7006308899296617,0.08961956814978721
152.05,0.8146373559313471,124.19962393830902,5.703567255426921,-0.6786172945546414,0.09145293216206225
152.1,0.813564737605516,124.23955722515903,5.7406656515476095,-0.6527077806155513,0.09561852737311108
152.15,0.811042889862814,124.27949155045302,5.786815983953769,-0.6256094737543644,0.10098145021021675
152.2,0.8071052975673054,124.31943297042034,5.842166702883227,-0.6000707983905622,0.10622338278937474
152.25,0.8017977988527017,124.35938686066137,5.906490538439734,-0.5785009670779426,0.10991021288270142
152.3,0.795182714305614,124.39935753055212,5.979202561602423,-0.5626796876103054,0.11110119848724305
152.35,0.7873428993336007,124.43934800062736,6.059587723463648,-0.5535357357888412,0.11001044454580527
152.4,0.7783803559074923,124.47935969321824,6.146977353049316,-0.5509846350159748,0.10796965202400811
152.45,0.7684093569007173,124.51939210401777,6.24056207204745,-0.55391953215575,0.10671302508886486
152.5,0.7575509520095672,124.55944278577117,6.338963492518194,-0.5604006039911923,0.10785851871729162
152.55,0.7459276420703266,124.59950755359009,6.439995078532778,-0.5679401417828577,0.11265055387946919
152.6,0.7336581308852982,124.63958104754948,6.540839798308745,-0.57383043094701,0.1216307729008806
152.65,0.7208581848057739,124.67965781207218,6.638565577593703,-0.5755050257830477,0.1345911604263629
152.7,0.7076437032527675,124.71973341654217,6.730649714683084,-0.570866892997284,0.15067828496650224
152.75,0.6941303197478822,124.75980508343544,6.815147582488873,-0.558545641693691,0.16847653359421944
152.8,0.6804293526944806,124.79987182817025,6.890521248789702,-0.5380471032122455,0.18571922117244927
152.85,0.6666423373391029,124.83993428889445,6.955321555560928,-0.5097838535069485,0.19891808888095405
152.9,0.6528614440016316,124.8799943361067,7.008282802752327,-0.47496793988575003,0.2045547800205175
152.95,0.639177265865738,124.9200546903072,7.049190347838131,-0.4353474490983969,0.20147572854918122
153.0,0.6256816573432107,124.96011848526888,7.079535404704162,-0.3928819841081058,0.19170859604838725
153.05,0.6124637593260052,125.00018881893378,7.102055377201319,-0.3495310368226096,0.1793224563231274
153.1,0.5996079385641597,125.04026862203001,7.119916302790397,-0.30714780407882863,0.1687151046425248
153.15,0.5871959711722068,125.08036087933093,7.136089545974086,-0.2674076644639337,0.16287299562912486
153.2,0.5753109080226624,125.12046873064433,7.1530592881727,-0.23170420184687862,0.16234008622207932
153.25,0.5640351274138432,125.16059485382384,7.172849857048359,-0.2009499079991261,0.1653043913539557
153.3,0.5534448028278854,125.20074057470373,7.197181440359271,-0.17537303756054104,0.16872274688999972
153.35,0.5436100837356934,125.24090560622066,7.227557377689902,-0.1544712546505004,0.16986699795530602
153.4,0.5345991895066428,125.2810882760554,7.265051972444137,-0.1371638539041499,0.16764497868744693
153.45,0.5264806498981344,125.32128591482471,7.3100131561917925,-0.12203210997206694,0.16303614143472753
153.5,0.5193212301544454,125.36149525181655,7.361981570211384,-0.10751653255663701,0.15839204255057684
153.55,0.5131828289280468,125.40171281820683,7.419569962195951,-0.09213115593641928,0.1565072543643373
153.6,0.5081199616600139,125.44193546618871,7.48020095059924,-0.07469509737111492,0.15938539936044127
153.65,0.5041745966845176,125.48216065365185,7.540269084921853,-0.05441515673352843,0.16688855683385248
153.7,0.5013742647211916,125.5223865430332,7.596146982533274,-0.030814134421688393,0.17701839351925347
153.75,0.4997373071619978,125.56261221473727,7.645268374899093,-0.00368007223918379,0.18767080848535456
153.8,0.49927737357946683,125.60283784791682,7.686493177549644,0.026917453358682904,0.19752707547799694
153.85,0.5000017815840487,125.64306465667124,7.720102742446838,0.06063879422045233,0.20551488496570336
153.9,0.5019082111746543,125.68329465782928,7.747319146288327,0.09686001463909058,0.210241794946901
153.95,0.5049825940985563,125.72353024567522,7.76942970774234,0.13464983854477558,0.2104751609628528
154.0,0.5091982543198458,125.76377374477171,7.787448705039635,0.17286342289589837,0.20598473742518458
154.05,0.5145169741345759,125.80402707119079,7.802409174151896,0.2103389919867682,0.19816541831288698
154.1,0.520891749060596,125.84429141334864,7.816483110379648,0.2462248325118962,0.19113721678591666
154.15,0.5282664843995167,125.88456720208187,7.833084203601398,0.280107557685779,0.19097405927719607
154.2,0.5365700595450814,125.9248545181187,7.854705043439384,0.31169648245282583,0.20147903217270782
154.25,0.5457124385940456,125.9651533044881,7.881984545935568,0.34067821955208194,0.22162065730697003
154.3,0.5555868176298414,126.00546315532657,7.914416038590119,0.36687888303026184,0.24653745269855323
154.35,0.5660767939136649,126.0457830882701,7.9511243791377755,0.3904354510544429,0.270035066394252
154.4,0.5770673716497907,126.08611160568034,7.991681255256008,0.41190623519596326,0.2871977683441438
154.45,0.5884545763210101,126.12644705172622,8.036459504564522,0.4322446485285452,0.29564603766760134
154.5,0.6001496335406739,126.16678807645478,8.086109710315482,0.4525728449317245,0.29527783255071544
154.55,0.6120768873138556,126.20713407125223,8.140285679430288,0.47379188021946744,0.28667517126669245
154.6,0.6241694295461697,126.24748541349828,8.196459175613317,0.4961985864001955,0.2696928318471012
154.65,0.6363695212150402,126.28784334631465,8.250056861384083,0.5193807082697605,0.24476921673288887
154.7,0.6486326794901945,126.32820981962469,8.29593424209171,0.5424686015659369,0.21478027004349073
154.75,0.6609287069879096,126.36858749902233,8.329884284590088,0.5644870020443187,0.1848571469583939
154.8,0.6732338623530222,126.4089793810572,8.349473861525134,0.5846518375716473,0.1611840273139264
154.85,0.6855196189805967,126.44938822161426,8.354195237880715,0.6025319518502436,0.14940744135749842
154.9,0.6977448370509045,126.48981645295547,8.344792829200795,0.617971463022934,0.15239085832040322
154.95,0.7098490791424386,126.53026613024826,8.322578873297015,0.6310007115107645,0.16863789478479807
155.0,0.7217513158748003,126.57073866247758,8.289189430693904,0.6418024712266661,0.19296773438610557
155.05,0.7333582415123582,126.61123476591472,8.246459442837894,0.6506531453856447,0.21857684131471816
155.1,0.7445762045270151,126.65175473795631,8.195945012544714,0.6578252912062247,0.2386232359577758
155.15,0.755327237718508,126.69229906181103,8.13843096044947,0.6634591073830788,0.24763761692608632
155.2,0.7655606323191336,126.7328686266229,8.074449420597476,0.667634111586263,0.2435499055557416
155.25,0.7752482359998484,126.77346419081196,8.005259424286354,0.6706226531666803,0.22871188377164625
155.3,0.7843757475055362,126.8140862241565,7.9332733571108,0.6729955621588483,0.2088781830370581
155.35,0.7929366041165498,126.85473528130896,7.861931164420806,0.6755243643099831,0.19119686450087423
155.4,0.800919443498262,126.89541193950247,7.794977137650918,0.6789892106739469,0.18170413477675218
155.45,0.8082935749274187,126.93611650387447,7.735325388690046,0.683931845351437,0.1828132569665904
155.5,0.8150074263718833,126.97684923093891,7.684543267242022,0.6904693111212896,0.19256773434795207
155.55,0.8209966988132298,127.01761051434522,7.6432217842167836,0.6983093665912214,0.2060260561231216
155.6,0.8261926241300837,127.05840059318514,7.61158658942971,0.7069190929333526,0.2176578489332893
155.65,0.8305278555323599,127.09921919834166,7.589852488969236,0.7156874049561418,0.22348713609033066
155.7,0.8339455899360304,127.14006596446502,7.5780591323746105,0.7239138204800768,0.22200926225497217
155.75,0.8364116856608123,127.18094137153643,7.5755977568067925,0.7307088834104282,0.21405808625363715
155.8,0.8379202853510246,127.22184713376508,7.580729819873557,0.7349710180877845,0.20211646004046624
155.85,0.8384887536966369,127.26278566782838,7.5907235211739135,0.7355602763705968,0.18940551618442897
155.9,0.8381464185870356,127.30375908533281,7.6028816142647635,0.7316786939477622,0.1791267592508467
155.95,0.8369249583747841,127.34476844955617,7.615264097125599,0.723145411199769,0.1737033253597294
156.0,0.8348525947172383,127.385813502443,7.626647780759421,0.7104237116116068,0.17401138124061605
156.05,0.831952529601607,127.42689281669942,7.635867579354598,0.6944520801559159,0.1789348417919556
156.1,0.828247321939767,127.46800415543476,7.641145088366793,0.6763900158228389,0.18630502237876206
156.15,0.8237639042888908,127.5091446974797,7.640387404712419,0.6574631566969323,0.19492288288448903
156.2,0.8185313916767966,127.55031109161409,7.63191123163237,0.6389272917090593,0.20504844730386193
156.25,0.8125768281064542,127.59149957894878,7.615139168429758,0.6220392179935499,0.2179694091976254
156.3,0.805927125657023,127.63270667253867,7.590965642499711,0.6078854675148424,0.23554967013118275
156.35,0.7986121034290734,127.6739301596056,7.560785297891315,0.5970380921308547,0.2583771638234569
156.4,0.7906639696279568,127.71516947920593,7.52527983564769,0.5893339890678292,0.28430907502584135
156.45,0.782114395232519,127.75642516011641,7.484344303538049,0.583989446239573,0.308890276245807
156.5,0.7729969563161908,127.79769833199241,7.4374406331173555,0.5797983020172487,0.32671597259812585
156.55,0.7633575254164381,127.83899068576397,7.383949988452989,0.5752869141452491,0.33370120012511334
156.6,0.7532618176614271,127.88030417992383,7.323480384457738,0.5689101964925636,0.32941655489524424
156.65,0.7427984023927772,127.92164106638502,7.255643979860061,0.5591433103240255,0.3172399289793485
156.7,0.7320799327673089,127.9630045494142,7.179321053097973,0.5444443420245588,0.3022062870376077
156.75,0.7212318437744799,128.00439837084798,7.092069662157928,0.5234273246031027,0.2881014839070621
156.8,0.7103744912963303,128.04582519951285,6.990876756196331,0.49535181903575365,0.276210923780751
156.85,0.699617161158634,128.08728565717837,6.87436317532391,0.4605577126290519,0.2667495033588221
156.9,0.6890597343931829,128.1287783632487,6.74426723409569,0.42050322723305683,0.26072599192862655
156.95,0.6787917303001526,128.1703003996542,6.60513780717523,0.37747560107842293,0.25975008768605257
157.0,0.6688883152759498,128.21184783541221,6.462833306785468,0.33418076592437757,0.26407875281906257
157.05,0.6594083040609051,128.25341645756166,6.322541282459794,0.29323084229333113,0.27118303158975526
157.1,0.65039764093977,128.2950025542997,6.187782434603205,0.2567117661789695,0.27638467962782576
157.15,0.6418947762238277,128.33660316432105,6.060767027004022,0.22600708389625324,0.27518493059704946
157.2,0.6339359670929899,128.37821608820948,5.943185822504017,0.20176589605147924,0.2655841943544231
157.25,0.6265594545864482,128.41984008146085,5.836568207505396,0.18386521591834148,0.24900716388768984
157.3,0.6198063400028089,128.46147526972652,5.741838411572554,0.17133529846588344,0.22912864342569844
157.35,0.6137183371870291,128.5031234244148,5.658619606026694,0.16237852753053528,0.20945370914040298
157.4,0.6083339629904044,128.54478756100775,5.585092791140708,0.15461027640295605,0.1918678432038482
157.45,0.6036854485246479,128.58647113228855,5.518781016922432,0.1454685858557642,0.1767866932449206
157.5,0.5997978527088412,128.62817710799212,5.457745328732585,0.1326620310186845,0.16444928620030494
157.55,0.5966862661984851,128.66990694914708,5.400940473893282,0.11453055216947099,0.1555701404160878
157.6,0.5943518969807579,128.7116600726104,5.3476622429420075,0.09022392213300134,0.15035038183779492
157.65,0.5927822079124384,128.75343404575756,5.297645870911083,0.05976947542367741,0.1474420405968785
157.7,0.591957509569735,128.79522502563736,5.253038180404453,0.024098141544768147,0.14572010324640897
157.75,0.5918602590430436,128.8370283623628,5.219232886718519,-0.015132316042082247,0.14679702375116105
157.8,0.592476774121459,128.87883948268794,5.201792245775139,-0.05596033381966704,0.15259075382359139
157.85,0.5937941125418345,128.92065449437283,5.204060266412321,-0.09648918298979012,0.1625408795867528
157.9,0.5957981678137643,128.96247042170864,5.226582128814802,-0.13513318169811586,0.17325249913471003
157.95,0.5984762468312789,129.00428537299732,5.266036713094989,-0.17086722594751244,0.17935366511167788
158.0,0.6018229548647777,129.04609832677144,5.316150458449019,-0.20326356382535174,0.17732264749668192
158.05,0.6058404249447192,129.087908731599,5.371038944116487,-0.23224792956850088,0.16858841620451814
158.1,0.610534532768076,129.12971666420637,5.426760519075138,-0.25797173155657954,0.15822590293117372
158.15,0.6159120320134813,129.17152344966843,5.480678037554485,-0.28089542431730186,0.15179860399777023
158.2,0.6219751702912898,129.21333189350594,5.5308163609264405,-0.30182777673796246,0.1528757131358028
158.25,0.6287161259077756,129.2551460753863,5.575835621768402,-0.32183497279944906,0.16181922546152328
158.3,0.6361201208392007,129.29697143107867,5.61530180042945,-0.3421285354182629,0.175866422485383
158.35,0.6441707636627229,129.33881464330668,5.649542534001394,-0.36393160753644277,0.18999699310200696
158.4,0.6528493888309156,129.38068265261145,5.679200063979524,-0.3882562190017397,0.1986776915434192
158.45,0.6621366554552425,129.4225815952065,5.705294311711098,-0.415686989492264,0.1985372592308825
158.5,0.6720122757352232,129.46451585960477,5.729393879076493,-0.44620075445769497,0.18985337475156094
158.55,0.682449022290947,129.50648744188422,5.753209777385282,-0.4790918404699364,0.1756381928481587
158.6,0.6934083861884616,129.54849624981824,5.777651561521882,-0.5131197671309844,0.15925661484815895
158.65,0.7048374275743489,129.5905406983329,5.802021534963936,-0.5467547384564361,0.14263564822067387
158.7,0.7166696114771934,129.63261829453094,5.8241919891247065,-0.5784201128066755,0.1265130216984895
158.75,0.7288311881440102,129.67472639656697,5.841717684836059,-0.6066762472968315,0.11128078128078545
158.8,0.7412467755826642,129.7168628529001,5.852935731963712,-0.6303671728054824,0.09779938245934947
158.85,0.7538375888396812,129.7590261372593,5.857736271939066,-0.6487047279459316,0.08801154775629552
158.9,0.7665133329123831,129.80121498833196,5.858190074460837,-0.6612149803844773,0.08443952842852866
158.95,0.7791617868304227,129.8434278472308,5.858364774144686,-0.6676491169338761,0.08827979467783909
159.0,0.7916438303273773,129.8856626087827,5.863212985653332,-0.668012173329331,0.09768636763990758
159.05,0.8038009322395467,129.92791705524027,5.877357293540834,-0.662737794694546,0.10829607347617581
159.1,0.8154677503696368,129.97018926018706,5.904512968587487,-0.6528017200693952,0.11544376157531083
159.15,0.8264871373581775,130.0124780646278,5.9473264714217375,-0.6397425107662026,0.11636008815347215
159.2,0.8367265536242705,130.0547837918354,6.007053799447565,-0.625627300571386,0.11098465113538604
159.25,0.8460842875583898,130.0971081328888,6.083321847742696,-0.6128089690269143,0.1012450757239575
159.3,0.8544829698620025,130.13945309765947,6.17439860712254,-0.6034855132989329,0.08981617646657673
159.35,0.8618648194032614,130.18182031048428,6.277874501928612,-0.5993142557429717,0.0793461810308328
159.4,0.8681925141501105,130.22421098942536,6.391285618661093,-0.6012073168888248,0.07207559936318045
159.45,0.8734473419530604,130.2666259266244,6.512343029843873,-0.6092426533518555,0.06930972525726395
159.5,0.8776228464995223,130.30906499063332,6.638820504479896,-0.622638112881474,0.07136742294951033
159.55,0.8807195774790669,130.35152681797737,6.76733770952349,-0.6399557392642441,0.0770590964730705
159.6,0.882742264528382,130.3940088022038,6.892741172973586,-0.6593199383819572,0.08312631820128673
159.65,0.8836980659973153,130.43650679465847,7.0103157675994145,-0.6783424742332275,0.086520580439946
159.7,0.8835946884252109,130.47901510946136,7.117483400861474,-0.694190052344788,0.08663969530391138
159.75,0.8824374211021929,130.52152718141707,7.2134085427417425,-0.7039679837607952,0.08489334218974687
159.8,0.8802276970435599,130.5640365301736,7.297826894684713,-0.7052495566931765,0.08349224601818211
159.85,0.876963450338805,130.60653767370448,7.370203711512091,-0.696558814649091,0.08488194462246319
159.9,0.8726398065266449,130.64902689956628,7.429991825551207,-0.6775738952548612,0.09094700466296746
159.95,0.867251506975495,130.69150285228386,7.477192446702783,-0.6491190400123598,0.10204305385692826
160.0,0.8607949118247626,130.73396652872714,7.5126313556495985,-0.6130230559050767,0.11706554938875724
160.05,0.8532699783204998,130.77642080824012,7.537903557124814,-0.571879139528326,0.134024569664453
160.1,0.8446849087521565,130.81886992444254,7.554940056875126,-0.5287901863410703,0.15037191051259252
160.15,0.8350617319510824,130.8613187832207,7.565579482858308,-0.4870523964051555,0.16342846361125446
160.2,0.8244412856751834,130.90377216206213,7.571333447851145,-0.4497835872302331,0.17122039779475492
160.25,0.8128846652703732,130.94623385350076,7.573395878025182,-0.41952937200129103,0.17346078411358365
160.3,0.8004699187375887,130.98870583934334,7.572923954546875,-0.3978696314324596,0.1719393204958174
160.35,0.7872864322811749,131.03118774741716,7.571240504260045,-0.385154465112953,0.1698018541675979
160.4,0.77343460740105,131.07367712658967,7.569981414019512,-0.3804571581450491,0.17000323458097938
160.45,0.7590313174455463,131.11617042800137,7.5713340689523925,-0.38171240336823054,0.17385775073523183
160.5,0.7442093001709578,131.1586637044946,7.578143012395321,-0.3859668370681926,0.18055694295147498
160.55,0.7291128391527774,131.20115308698408,7.593755070212551,-0.38975624873400777,0.18782413412313242
160.6,0.7138974391065065,131.24363554560276,7.62163935369316,-0.3896080331978226,0.19314674556777064
160.65,0.6987284141110542,131.28610946798827,7.665008045553828,-0.3824849145048053,0.19466528990699142
160.7,0.6837742096369153,131.32857473840116,7.726576603176479,-0.3660664923312065,0.19130941696065956
160.75,0.6691982045661922,131.37103266501722,7.808184098341991,-0.3389748801355539,0.1826413465578671
160.8,0.6551543546365579,131.41348602286996,7.9104478979132535,-0.3009435391828842,0.16873569552521367
160.85,0.6417886013012374,131.45593927368935,8.032755129847311,-0.25289636203957006,0.15034426993866296
160.9,0.6292446318898632,131.49839888332778,8.173065701725191,-0.1969822482642521,0.1290045453329588
160.95,0.6176691079940434,131.5408733584122,8.327758505247436,-0.13645083581218306,0.1068255177913186
161.0,0.6072113115902165,131.58337253751648,8.492186418790007,-0.07523759932355137,0.08681851498131864
161.05,0.5980171286823782,131.62590638520462,8.661441295837237,-0.017359801881372487,0.0729516266503517
161.1,0.590216895836531,131.66848362841233,8.83060255278551,0.033686609756524974,0.06874620389290348
161.15,0.5839134242162176,131.71111059673197,8.994683185021023,0.07540146991892183,0.07544269047774958
161.2,0.5791748652788458,131.7537907717694,9.14775509535885,0.10641489926427886,0.08962123095095499
161.25,0.5760355168661977,131.79652468609646,9.282636798605028,0.12652181892198583,0.1028831897018522
161.3,0.5745106546202445,131.83930976015588,9.393136824289668,0.13695460782696087,0.10724010644489132
161.35,0.5746142370693327,131.8821406884611,9.47571107517196,0.14032076838520002,0.10060769669785159
161.4,0.5763663640051157,131.92501053666686,9.528542238525645,0.13990556250309352,0.08765359040445406
161.45,0.5797878950084305,131.96791197788448,9.550593519099086,0.13903810422289575,0.0768705179330236
161.5,0.5848832351272099,132.01083806367694,9.54199760039438,0.1409298481132226,0.07588889939128078
161.55,0.5916252810369833,132.05378279752603,9.504125690839313,0.14842604290113004,0.08794454071686415
161.6,0.5999523035678705,132.09674165401267,9.439864695752922,0.16369721443865154,0.11192830782352253
161.65,0.6097734737301709,132.1397118440607,9.355750160543616,0.18840648329043583,0.1453117666225521
161.7,0.6209751898127168,132.18269283381315,9.262318663357215,0.223665597014775,0.1850863289425312
161.75,0.633424676524896,132.22568695394148,9.170039574714712,0.2691533629135765,0.22615534723009587
161.8,0.6469741351541334,132.26869909788405,9.086390842226804,0.3226496925081604,0.2618993967926425
161.85,0.6614692852139538,132.31173579584302,9.015937880453103,0.3804020295976108,0.2868620926550575
161.9,0.6767586544731666,132.3548041350325,8.961429485465704,0.43785617531221716,0.2990601201199596
161.95,0.6926965962118902,132.39791054736435,8.92478388134983,0.4905164027383036,0.30045336426296115
162.0,0.7091430951655954,132.4410598858482,8.906959099789786,0.5345656819891194,0.29541676488739516
162.05,0.7259621713240819,132.48425488040522,8.907113144010992,0.5672041653308588,0.28816379795548924
162.1,0.7430167167772831,132.52749576616742,8.921689690694574,0.5867916665739306,0.28031082858858725
162.15,0.760166431723104,132.57077990638803,8.944442176924378,0.5929491076137979,0.27083347199391644
162.2,0.7772721546019529,132.61410151629232,8.968194440885284,0.5868121230109735,0.2583983586092698
162.25,0.7942040901607791,132.65745211614401,8.987004348207817,0.5711501565416952,0.24359212031424482
162.3,0.8108488935726226,132.70082168438137,8.997469914302867,0.5501040529536912,0.23000781332535766
162.35,0.8271055753730611,132.74419974213586,8.998955577143692,0.5286628866281263,0.22326206700545798
162.4,0.8428716035649741,132.78757635824016,8.992546348995319,0.5119240546662885,0.22771074837742844
162.45,0.858031133698244,132.83094314045636,8.97981797235429,0.5043207382138541,0.24371941823499788
162.5,0.8724515325939005,132.87429390562144,8.962321987871924,0.5090426058767541,0.26749247126395215
162.55,0.8859886244391146,132.91762507032487,8.941329205205001,0.5276448991618594,0.29308231930524187
162.6,0.898499237758089,132.96093608009778,8.917642183284114,0.559814472678326,0.31483394074275517
162.65,0.9098548883118424,133.00422977780198,8.891407083499677,0.6033273966176863,0.32893632159960545
162.7,0.9199504837117178,133.04751229245235,8.862010023898849,0.6542706253259325,0.3341940471950054
162.75,0.9287078149302914,133.09079238656247,8.82834414506764,0.7075614491753168,0.33186871937513573
162.8,0.9360762026997311,133.13408049275657,8.789382690552133,0.7576487058378366,0.32487806096109406
162.85,0.942035429262756,133.17738789497773,8.74466155781214,0.7992098912408142,0.3164908850364654
162.9,0.946597516737096,133.2207260478571,8.694161929259822,0.8277107322652185,0.30851395659026015
162.95,0.9497999984059184,133.2641054130997,8.637784064508402,0.8398695966458903,0.30043059213787354
163.0,0.9517006868295239,133.30753413763472,8.574934422123876,0.8340162010621348,0.29081349655224736
163.05,0.9523756341803096,133.35101707302465,8.505008329004633,0.8104080239578636,0.2795587933205353
163.1,0.9519148881922573,133.39455542770065,8.428159387346152,0.7713636924000877,0.2687082504814123
163.15,0.950414693359296,133.43814712902528,8.345180468695059,0.7209806844118416,0.2610090650179917
163.2,0.9479658668662913,133.48178732797425,8.25740413625816,0.6646614668142077,0.2578730755373507
163.25,0.9446448698054511,133.52546919993534,8.166911621586813,0.6085036955545898,0.25833478669751364
163.3,0.9405140481877067,133.56918529509528,8.076069216053808,0.5584654887884506,0.2594382894030707
163.35,0.9356297483363565,133.61292908887478,7.98679556103605,0.5195419531884025,0.257680229051949
163.4,0.9300487028249086,133.6566960969714,7.900470955861894,0.4951892858699246,0.2506274344360784
163.45,0.9238308724206483,133.70048426797672,7.819161532849821,0.48713444308344506,0.23920028543140673
163.5,0.9170404789064249,133.74429419566002,7.7464502652760725,0.4953103000236093,0.22874613782021
163.55,0.9097361493608582,133.78812905905318,7.685430632515874,0.5176506223844961,0.225605375388473
163.6,0.9019582202601377,133.83199403505063,7.636928726222888,0.5502008533561836,0.23276194880502288
163.65,0.8937248955516413,133.87589541704875,7.599672821197091,0.5877151935328027,0.24806382825074272
163.7,0.8850414621957606,133.9198399832835,7.570795844250099,0.6243406822317376,0.2653348542481618
163.75,0.8759143482898695,133.9638339758112,7.546838366137938,0.654362280096658,0.2780846734402945
163.8,0.8663583238112497,134.00788154260925,7.525154911137327,0.6730300734547121,0.28265116825206266
163.85,0.8564017244689996,134.05198410423503,7.504568236018898,0.6771277273039477,0.27895515908202406
163.9,0.8460930907797672,134.09614061366244,7.485083988721323,0.665188970396091,0.270019895621504
163.95,0.8354988957510923,134.14034747131643,7.467112074562146,0.6375648976341526,0.2603355754771755
164.0,0.8246950167926944,134.1845984961139,7.450587042295277,0.5963095866850915,0.2535349890157104
164.05,0.8137609661931104,134.22888548854706,7.43438691288511,0.544829654574177,0.25096871155907224
164.1,0.802780470517666,134.2731994039018,7.416178823450267,0.48734629457090656,0.25154211998993947
164.15,0.7918415062349292,134.3175312638575,7.393075917712366,0.42840039928041396,0.25279122986937586
164.2,0.7810291533247324,134.36187205964407,7.363265147520789,0.37257695025412235,0.25310945817921315
164.25,0.7704198519103853,134.40621288110762,7.327258479413104,0.32418504760614586,0.25324126876716563
164.3,0.7600796698533526,134.4505458889593,7.287714365537981,0.28674276566706625,0.2556814632026611
164.35,0.7500624254964803,134.49486542832364,7.248125656162831,0.2624186652946399,0.26260692735301067
164.4,0.7404098842175519,134.5391689776055,7.210988080866485,0.2515631098113005,0.273569754639555
164.45,0.7311561654315105,134.58345770575806,7.1770647422080165,0.2525578790278643,0.28507699173207984
164.5,0.7223362970478672,134.6277364108085,7.146036612904131,0.2620604561069659,0.29275650387001345
164.55,0.7139926114272144,134.67201260203066,7.117322914935962,0.2755452892738147,0.2938248279977504
164.6,0.7061769019427742,134.71629512129343,7.090410772051504,0.28796520781757573,0.2881875495069144
164.65,0.6989507437597345,134.7605928971715,7.064680605308711,0.29437070032345014,0.27800707974938277
164.7,0.6923809326267,134.80491363195475,7.038960976138087,0.2904907175674283,0.26640145837197476
164.75,0.6865328086537617,134.84926256669388,7.010946803497144,0.2732254328779314,0.25625438172484005
164.8,0.6814671967242975,134.89364195469133,6.976932869865879,0.2409670585989106,0.24897334001627386
164.85,0.6772396825872079,134.93805110886396,6.9327146270906885,0.1938159797118529,0.24395190656902313
164.9,0.6739012788960693,134.98248663303227,6.875192869310743,0.13366818563139393,0.23972561544308435
164.95,0.6714983783267087,135.02694283690354,6.803182646652781,0.06403407866935583,0.23516260268923656
165.0,0.6700715511477197,135.0714123737117,6.717570260400781,-0.010361763964965853,0.2300969397288012
165.05,0.6696549404272624,135.1158871829575,6.621184490541662,-0.08415794193878948,0.22583625311497715
165.1,0.6702732405848354,135.16035971840424,6.517823348082381,-0.15210733115553832,0.22421523524607687
165.15,0.67193803010656,135.20482425280738,6.411119532159318,-0.20982268929543751,0.22591948876430992
165.2,0.6746468544608686,135.24927786748324,6.304364899962342,-0.25431372352663345,0.23008206394203376
165.25,0.6783805290903597,135.29372080401563,6.201707711941067,-0.28419789886713487,0.2345275300947256
165.3,0.6831035817460741,135.33815658644716,6.1086788561421805,-0.29975903657843733,0.23573397115664338
165.35,0.688774561463128,135.38259203598398,6.030312811356964,-0.30301763305720847,0.2298041283133166
165.4,0.6953588810375285,135.42703692158204,5.969796066455571,-0.29758778052540125,0.2145486632346229
165.45,0.7028320826313613,135.47150284228198,5.928866282902874,-0.28815837428585633,0.19091916260798542
165.5,0.7111734537924117,135.51600162026674,5.9081994246621115,-0.2797831571358365,0.16253468261518367
165.55,0.7203595408442555,135.56054398174177,5.907067374840014,-0.27722801151851034,0.13393879707460005
165.6,0.730354208257783,135.6051381260708,5.9233349481071675,-0.28432699795798494,0.10909296060700653
165.65,0.7410969885857676,135.64978828711804,5.95397101840368,-0.30339737790528404,0.09029373965825001
165.7,0.7525020432660245,135.69449425914968,5.995290210947844,-0.33494690381630055,0.07737057632333219
165.75,0.7644646285018385,135.7392515377955,6.043472199163991,-0.37762864643477395,0.06813033340186828
165.8,0.7768658434810394,135.78405142834183,6.095877048202076,-0.428330211968678,0.06008441931512693
165.85,0.7895812593151721,135.8288822117892,6.151934395487344,-0.4825759454234661,0.05178838179415311
165.9,0.8024926080971372,135.87373120100946,6.212363269444732,-0.5352766657774859,0.043284604242912736
165.95,0.8154918878516374,135.9185865442938,6.277659492259067,-0.5815679497739888,0.03573806063552994
166.0,0.8284795133735408,135.96343866291042,6.347269311259807,-0.6175305518411236,0.030611384016621366
166.05,0.8413620694839401,136.00828115150327,6.419531757340616,-0.6406968269215049,0.029144267047588768
166.1,0.8540494561302417,136.05311110182407,6.49202900744166,-0.6502932843395178,0.03196622124180409
166.15,0.8664494875058699,136.09792893354057,6.562594759974561,-0.6471731501861728,0.03869288601425994
166.2,0.8784622490788337,136.14273772698795,6.630442588622622,-0.6335392635953072,0.04825452465819442
166.25,0.8899817598737436,136.18754257764581,6.696129002954492,-0.6126552680821867,0.05965800951910529
166.3,0.9009035775599302,136.23235005254415,6.760501924813386,-0.5885169795277174,0.07194796221705085
166.35,0.9111304076553101,136.27716740848763,6.823519450017922,-0.5654366873668684,0.08357728112539581
166.4,0.9205737970957985,136.32200148462672,6.8837834736770676,-0.5475461619960869,0.09265787619108377
166.45,0.9291572162811949,136.36685778701974,6.939202131722812,-0.5382582308048304,0.09819091015624845
166.5,0.9368179633133693,136.4117398754032,6.9883150767372,-0.5397636713215538,0.10064757536722836
166.55,0.9435040933485643,136.45664870981992,7.030875262389224,-0.5527079143067182,0.10144964901309263
166.6,0.9491696019099936,136.50158212483157,7.067009532495598,-0.576139330649879,0.101877228081186
166.65,0.9537703569400375,136.5465345900445,7.0965209190588965,-0.6076210957270851,0.10243073343119333
166.7,0.957262694256483,136.59149759051613,7.118998680608638,-0.6435149143227239,0.10313134060034919
166.75,0.9596049970264431,136.63646056962017,7.135276659170656,-0.6793342149505397,0.10510758668882873
166.8,0.9607603667464445,136.6814123438424,7.148926735845466,-0.7102117517892139,0.11163073811630855
166.85,0.9606986996958469,136.72634312548246,7.164699155886761,-0.7317344732115395,0.12540834988794625
166.9,0.9593999691486059,136.7712462776981,7.186385172345125,-0.7407645508776832,0.14568582087982831
166.95,0.9568591482235508,136.81611908552347,7.216353251719836,-0.7358554809040201,0.16827020156033742
167.0,0.9530883841664649,136.86096259910968,7.256022346615029,-0.7172604986734761,0.18712204362514076
167.05,0.9481178211622743,136.90578093214046,7.306484441877889,-0.6867189531342957,0.19703715723269866
167.1,0.9419965328977267,136.95058041528068,7.368369000200508,-0.6472159192433882,0.19620669539544666
167.15,0.9347900050594673,136.99536868597542,7.441639736778444,-0.6026211873489415,0.1869327389801969
167.2,0.9265789610341796,137.04015401775735,7.525906897596768,-0.5572066795313694,0.17463160497424085
167.25,0.9174552928269103,137.0849445842445,7.6207064832675595,-0.51510446284852,0.16541805058783104
167.3,0.907508851885321,137.12974709215806,7.725465328226972,-0.4797156536093093,0.1632767381459283
167.35,0.896822163995346,137.1745658961638,7.839250590022575,-0.45327909976456876,0.16852930097788962
167.4,0.8854775178461797,137.21940303524943,7.960495640477458,-0.43666552864399266,0.17795732389664232
167.45,0.8735620497775094,137.26425814764738,8.087135619274555,-0.4292625838378672,0.18662984734141133
167.5,0.861172129518523,137.30912842299833,8.217330757545417,-0.42899449418006524,0.19084642914023223
167.55,0.8484152228542299,137.3540088721671,8.350209184619988,-0.43252455511747157,0.18979382465109026
167.6,0.835405966022637,137.39889305076707,8.48563680134738,-0.43574454137528484,0.18449296747138497
167.65,0.8222633163502301,137.4437744192701,8.623275233276471,-0.43451949946052976,0.17592873149229132
167.7,0.8091087904611234,137.4886474664999,8.76223856561989,-0.4253246277897261,0.1650955225644885
167.75,0.7960628297985334,137.53350827597285,8.90136976163569,-0.40564030972642035,0.15400436019497377
167.8,0.7832432263279009,137.57835512195237,9.039472961532457,-0.37424170027773357,0.14560190424016772
167.85,0.7707640787236706,137.62318901913645,9.175358194627508,-0.33139306532168034,0.14262756034348584
167.9,0.7587279139739671,137.6680135199062,9.307670686144375,-0.2788287044895095,0.14641964559247134
167.95,0.7472265001496444,137.71283457422507,9.434627607304567,-0.2195855500711127,0.15628455063892324
168.0,0.7363505248795339,137.75766033835305,9.554070844648226,-0.15766493495130957,0.16999779037369173
168.05,0.7261866607309634,137.80249975111676,9.663424268691122,-0.0974447641432392,0.18461700677600093
168.1,0.7168158939727428,137.84736119386338,9.759385390155812,-0.04310185000043764,0.1970829194989878
168.15,0.7083188479144765,137.89225166614204,9.838233832554856,0.0019155748285237394,0.20538589449452974
168.2,0.700775643147648,137.93717580371438,9.896939402419113,0.03546748096072156,0.2096959705986238
168.25,0.6942593138647658,137.98213504300713,9.933860721690866,0.05710284320284732,0.2122285343638609
168.3,0.6888314725398585,138.0271277492445,9.948421491863616,0.06799143047583862,0.2154215730739138
168.35,0.6845406502878146,138.07214999611222,9.940358740730721,0.07054581980043975,0.2198138709878934
168.4,0.6814205582485352,138.1171961501612,9.909737437404292,0.06808529400949331,0.22388324365421325
168.45,0.6794878546863253,138.16225919065087,9.8576733187078,0.06458294587536874,0.2254538979108416
168.5,0.67874471901406,138.20733131026267,9.788316181324618,0.06450598290898321,0.22415951242813606
168.55,0.6791845961379057,138.25240485729725,9.71084816371566,0.07254026082401584,0.22415705915191828
168.6,0.6807903509899539,138.29747380694786,9.636838879727923,0.09254995167938519,0.23172368687997724
168.65,0.6835284783879682,138.3425354785505,9.57560412515085,0.12633404657178077,0.24921139677825144
168.7,0.6873462733361533,138.38759106044037,9.532443337759295,0.17319919033227796,0.2728624322504067
168.75,0.6921740386500655,138.43264487765785,9.508583507168902,0.2302506133294694,0.29473887110145186
168.8,0.6979371997143002,138.477703437871,9.502370043051059,0.2931072509570847,0.3066831897107418
168.85,0.7045758054303028,138.5227746822264,9.511492292886373,0.356788863985198,0.3045469371705064
168.9,0.7120535031140576,138.56786711524305,9.533388742107572,0.4163414014642736,0.2891197335409321
168.95,0.7203501580705624,138.6129887104597,9.563674830867042,0.46716150176269555,0.2633375590525092
169.0,0.729451209471405,138.65814558993097,9.595407103860571,0.5054040347863702,0.23053687172032578
169.05,0.73934036039376,138.70334070818865,9.62059829322201,0.5286542862018165,0.19554922389349158
169.1,0.7499941087598554,138.74857325811854,9.632469996642751,0.5365079052792743,0.16525561532757688
169.15,0.7613762933666387,138.7938386512743,9.627571795074271,0.530873060012727,0.14818013733155594
169.2,0.7734302455703262,138.83912908513938,9.6068419317841,0.5158549538437138,0.15222040551272537
169.25,0.7860700432567722,138.8844350251786,9.574242626141565,0.4970048419987969,0.17963830756174248
169.3,0.7991765557320308,138.92974666692666,9.534647579522625,0.4802863938378448,0.22440389283886927
169.35,0.812604637428218,138.97505508298948,9.492680841276304,0.4711419432125081,0.2743638197714498
169.4,0.8262030327005558,139.02035360436452,9.45219052476786,0.4736704464662656,0.31610531734734804
169.45,0.8398334736621218,139.0656387938201,9.41619420375978,0.4900810641238525,0.34002768259393196
169.5,0.8533815012101758,139.1109108581036,9.386692634834771,0.5204137949621449,0.3434855692364832
169.55,0.866761158831679,139.1561739757309,9.36431872510299,0.5625233175181086,0.33043994726753656
169.6,0.8799152582746516,139.2014363214693,9.348092958139775,0.6123659040749235,0.30862614556608586
169.65,0.8928073092607549,139.24670921356773,9.33560375031492,0.6646115344619147,0.28634343664477846
169.7,0.9054074291975522,139.29200548245905,9.323795743707473,0.7134878193443122,0.2699288566401978
169.75,0.9176819299063915,139.3373376869899,9.309732716289313,0.7536033208614387,0.26254058833846555
169.8,0.9295874901559165,139.38271640407496,9.290994232195372,0.7806515711634883,0.2642776153820036
169.85,0.9410683002716075,139.42814875488546,9.265741535696394,0.7919980814804441,0.27260291926199753
169.9,0.9520603100801421,139.4736376576445,9.23260096779038,0.787030533014982,0.28304748197976853
169.95,0.9625020758244553,139.51918193275372,9.19091530543202,0.7672059468484165,0.2910601225385594
170.0,0.972343151695101,139.56477696928656,9.141011396359866,0.7357855696907211,0.29401964443686585
170.05,0.9815482566081233,139.61041604145584,9.083521966006725,0.6971562041095939,0.29168950295206386
170.1,0.9900915108153789,139.65609142194444,9.01842408963601,0.6560738296087749,0.2850951727746945
170.15,0.9979456053452687,139.7017949462502,8.945084246196474,0.6171870328594299,0.2758360902000636
170.2,1.005078165295723,139.74751887615454,8.862730271374815,0.5846065416417212,0.26624702992743754
170.25,1.0114522844285199,139.79325704696944,8.771804915985896,0.5616130612440791,0.2593443845850258
170.3,1.0170285218013404,139.8390060501249,8.675607224508454,0.5504899730757987,0.2581963491826098
170.35,1.0217685366923803,139.88476637782898,8.579028054361782,0.5520125361154793,0.26427981022760866
170.4,1.025633654369314,139.93054256151854,8.486393105378923,0.5650648062210779,0.27604222911521703
170.45,1.0285775524038656,139.97634173478235,8.400664038218032,0.5868373973976674,0.2893925704389917
170.5,1.0305468618998113,140.0221719358988,8.322360131362364,0.6132229642428019,0.2995886735171037
170.55,1.0314885360673183,140.06804056494377,8.249231278845473,0.63941323551879,0.30353152458420274
170.6,1.0313519870814343,140.11395269375322,8.178222663247633,0.6608315496821009,0.3008160573312818
170.65,1.030092435067921,140.15991012953785,8.107790867265082,0.6739330407268069,0.2944435942628764
170.7,1.0276749487548305,140.20591151282514,8.039019827782958,0.676612052173319,0.29105990875450677
170.75,1.024067932694808,140.25195282779734,7.974060222185739,0.6681729146169741,0.2966443755721758
170.8,1.0192411860308985,140.29802859273778,7.91364021045348,0.6489709056709927,0.31106145095109844
170.85,1.0131795951268472,140.34413341742865,7.856904186326724,0.6201209495582825,0.32774635918998335
170.9,1.0058932603757405,140.3902621429479,7.8026959978706705,0.5834802821513856,0.33780063037516583
170.95,0.9974218855524557,140.4364092313375,7.750571298367137,0.5416354256130407,0.33498928355485946
171.0,0.9878384183519617,140.48256900591045,7.70086220398194,0.497612459319589,0.3184066818052309
171.05,0.9772467580183835,140.5287365790325,7.654177030913674,0.45441867181334106,0.29181460836590045
171.1,0.9657727829378882,140.57490848470212,7.611186391056931,0.41465623740275,0.26194577346612397
171.15,0.9535491962884887,140.62108244865692,7.572110278237574,0.38025757798425336,0.2366875284283397
171.2,0.9407007296799054,140.6672572257094,7.535554565241508,0.35225198115602313,0.22190285855748915
171.25,0.9273347816155034,140.71343253436564,7.498147608936419,0.3307194940326873,0.21850098449412686
171.3,0.9135380723939184,140.75960857659683,7.455613644202974,0.3149712370432567,0.2231118761508139
171.35,0.8993794592841536,140.80578552005906,7.404840986346789,0.30381115413020765,0.23169512824628247
171.4,0.8849152947332206,140.85196344233006,7.345766913896671,0.29578503337410933,0.24140421089691658
171.45,0.8701950842770637,140.8981428224172,7.281187793762944,0.2892763857155178,0.2494738822636389
171.5,0.8552714724297549,140.94432508631752,7.214722020024881,0.28244702710209596,0.252868820624521
171.55,0.8402129319752955,140.990512772167,7.149618893225933,0.2732587718778252,0.24984533744001083
171.6,0.8251205314878733,141.036709886811,7.088708621739532,0.2595827544058622,0.24119271399744455
171.65,0.8101389900475826,141.08292216866667,7.034005435234646,0.2393528449412428,0.2293494977155866
171.7,0.7954400904128366,141.12915568075675,6.986333466801847,0.21095660338990616,0.21654585353546893
171.75,0.7812000072994385,141.17541506748572,6.945587253855177,0.1736514944282001,0.20415356107019272
171.8,0.7675896899213928,141.22170278315386,6.911345710539364,0.12776781678760443,0.19318902957987566
171.85,0.7547665889356738,141.2680186147058,6.883390384834299,0.07476855362585139,0.18467057928681307
171.9,0.7428665591965841,141.314359480764,6.861738676914185,0.017143572922654855,0.17961106437020274
171.95,0.7320008295137755,141.36071993738506,6.846491211258948,-0.041870860264202864,0.17852027402161988
172.0,0.7222546983854636,141.40709309727663,6.837993662692361,-0.09864967613200123,0.18039998579215363
172.05,0.7136894640464623,141.45347167497465,6.8371523773044105,-0.1496368570413702,0.18308856735347886
172.1,0.7063504204187577,141.49984932730524,6.845581586834899,-0.19187652831389757,0.1846995894462036
172.15,0.7002726941805103,141.54622164749782,6.865522391187454,-0.22341700853393387,0.18466154974282617
172.2,0.6954812101571642,141.5925865648299,6.899584240169221,-0.24350744762739865,0.18347021930740437
172.25,0.6919933438451269,141.63894483437133,6.950071754814686,-0.25273523456111957,0.18142666765141688
172.3,0.6898255397152183,141.68530027914926,7.018250540164891,-0.25307466010398794,0.1784621342188289
172.35,0.6889935355370485,141.73165923322586,7.103327851086197,-0.24771246988661608,0.17354371764130938
172.4,0.6895108802457498,141.77802972323113,7.201343710487943,-0.24073044945320052,0.16408949299705256
172.45,0.6913972933572562,141.82442074876184,7.306326226930541,-0.23661317843071383,0.14904080550864082
172.5,0.6946845171765125,141.8708414285166,7.412883675933438,-0.23955453777266156,0.13159392264889352
172.55,0.6994114583057058,141.9173001529196,7.517258771131345,-0.25282403671531767,0.11770634937672744
172.6,0.7056118974848637,141.9638036944661,7.6167975205081095,-0.2783222244333607,0.11248775496372632
172.65,0.7133002332062878,142.01035612443172,7.709326596348977,-0.31629526690880116,0.1174417693145705
172.7,0.7224636944369277,142.05695794969623,7.793138184422328,-0.3652448296206729,0.13024545199693882
172.75,0.7330593144418583,142.10360559370403,7.8673621012706265,-0.4220277267888058,0.1465149414102003
172.8,0.7450123663237064,142.15029128114054,7.932326963855739,-0.4821398010282341,0.16195310844114846
172.85,0.7582152391526676,142.19700339760027,7.989335251993025,-0.5402048520737279,0.17369623334949486
172.9,0.7725284331092942,142.24372777475102,8.03991438017482,-0.5906844295504285,0.1806140817022751
172.95,0.7877934252960864,142.29045048967933,8.085250662561066,-0.6287886227047129,0.18300885911481188
173.0,0.8038515664382537,142.3371608716778,8.126091507663187,-0.6513050175417192,0.1820189793269609
173.05,0.8205566511731538,142.38385358544286,8.163299755226753,-0.657090882750912,0.17905358278976027
173.1,0.8377816580124063,142.43052987273458,8.198548937575504,-0.647266524093405,0.17566582935317743
173.15,0.8554124350137905,142.47719665270083,8.234375790751049,-0.6249712405533236,0.1735015360009324
173.2,0.8733319988649124,142.5238638755121,8.273697717275619,-0.5947194410406241,0.17407036087028044
173.25,0.8914124468118323,142.5705424276652,8.318881844440252,-0.5617634876798977,0.1784392237819326
173.3,0.9095147395727072,142.61724261216403,8.370608307387688,-0.5315312517778611,0.1868065329326639
173.35,0.9274920655997915,142.66397285535746,8.427480916982498,-0.5090218485317767,0.19850217831761693
173.4,0.9451925570598626,142.71073881926765,8.48675750704692,-0.4981889321387903,0.2123285871671073
173.45,0.9624590042205845,142.75754260691465,8.5453672082985,-0.5014051918148953,0.2267717345737333
173.5,0.9791363232344384,142.8043826937862,8.6006380520032,-0.5191456995106908,0.24042871710082586
173.55,0.9950770487190319,142.8512541026897,8.650734141654318,-0.5498634441367429,0.2525386519012541
173.6,1.0101389131025884,142.89814856794658,8.694262291662245,-0.5901780424466903,0.2629276356273079
173.65,1.0241869474155405,142.94505554210434,8.72934031777439,-0.6354510270998969,0.2714939595716581
173.7,1.0370986300806593,142.99196368632926,8.753957744934752,-0.6804129546878305,0.2782242359276512
173.75,1.0487668297280581,143.03886222309907,8.767304610078941,-0.7197182648781861,0.28397566631549065
173.8,1.0590972793732063,143.08574196960478,8.770276169816537,-0.7485208199678378,0.2905350866352139
173.85,1.0680023890650205,143.13259615634732,8.766730112546007,-0.7627779136555939,0.29930975140399135
173.9,1.0753958296858837,143.17942114021906,8.764420353679665,-0.7594570133616427,0.3090029298501401
173.95,1.0811984777844332,143.2262170825499,8.772098838550901,-0.7372580243715148,0.3152834163056752
174.0,1.0853534230732127,143.27298824153428,8.79647891574465,-0.6972430841655477,0.31374618140769267
174.05,1.0878353091397173,143.3197426029908,8.841230963075882,-0.6428442107443705,0.3021713521693986
174.1,1.088649558608046,143.366490826222,8.906585762854156,-0.5794244672720171,0.2812296189188597
174.15,1.087828012828857,143.41324464831635,8.989726525013367,-0.5135007320710256,0.2553162355909933
174.2,1.0854254862956059,143.46001543271763,9.085974240858441,-0.45177807341718407,0.23191362549379546
174.25,1.081513951932686,143.5068132019288,9.189821718830816,-0.4002165118469174,0.2182457572612797
174.3,1.0761706260459023,143.55364570116413,9.294960861296659,-0.363319800511028,0.21722209394434966
174.35,1.06947268156841,143.60051762081304,9.394582978528657,-0.3436061630426747,0.22604935727042888
174.4,1.0615033422851556,143.647430205867,9.482767302851117,-0.3412183622713043,0.238463355153713
174.45,1.0523609569201773,143.69438120537427,9.555875976572922,-0.3538042069688443,0.2483582491695378
174.5,1.0421624679520545,143.74136510997144,9.613356166462307,-0.3767106597132876,0.2524139822113108
174.55,1.0310362233034813,143.7883736271594,9.657943435628649,-0.40345147415788846,0.2505048992603183
174.6,1.0191087212875063,143.8353963744552,9.695007510850706,-0.4264789159119159,0.2445306525553819
174.65,1.0064962057241862,143.8824222828522,9.73090992530486,-0.4383216201988538,0.23693054449914377
174.7,0.9933065878841384,143.92944206859937,9.771123726245971,-0.4328971664286019,0.22886335517637746
174.75,0.979645507961371,143.976450492684,9.819003536740762,-0.40657511834849575,0.2190991927018643
174.8,0.965619855730495,144.02344717120823,9.875795065428209,-0.3586688458504633,0.20536654250695072
174.85,0.9513407437731987,144.07043653642245,9.941442280619976,-0.29141597152241566,0.18670308969957536
174.9,0.9369288782079377,144.11742749848136,10.015231625863512,-0.20964665665663165,0.16489860936128584
174.95,0.92251604569365,144.16443233690714,10.095896915435247,-0.12017840120731728,0.1447732181473253
175.0,0.9082391947910454,144.2114650591235,10.180918489242847,-0.031008981625824977,0.13224844950864334
175.05,0.8942306730765914,144.25853955838147,10.265532769223162,0.049642163955844865,0.13110882657751033
175.1,0.8806108937288927,144.3056676037468,10.343339583621052,0.1145810076813779,0.14117572249285
175.15,0.8674894510207414,144.35285711553354,10.408944195252932,0.15892600450257355,0.15958672366314758
175.2,0.8549707976484004,144.4001111332317,10.46017206307036,0.18090762067402227,0.18329523066513081
175.25,0.8431564543519126,144.4474275563931,10.49803772074884,0.18202461849590046,0.2094175370063616
175.3,0.8321424743504299,144.49479946692114,10.524925187921838,0.1666243279473493,0.2343017786379729
175.35,0.8220170578277347,144.54221608512182,10.542415288025882,0.1410234089503435,0.2535666189666117
175.4,0.8128651517348852,144.5896644733328,10.551283676343996,0.11259032975343963,0.2640646835541423
175.45,0.804773834684833,144.63713154990444,10.552778896487295,0.0889005200436343,0.2659652093817851
175.5,0.7978288118683028,144.68460586149678,10.54894673976885,0.07685703803873142,0.26251904755436783
175.55,0.7921058518392433,144.73207891656054,10.542225361370658,0.08186304076437505,0.2581814101641054
175.6,0.7876606557316751,144.7795459095751,10.53477982267975,0.10713083915260715,0.2565948861583372
175.65,0.784513751348451,144.82700517322766,10.52797514352576,0.15336274675424635,0.25929960772617344
175.7,0.7826444446737931,144.8744576051642,10.52233359265192,0.21874384969191246,0.2654180075892379
175.75,0.7820050339845735,144.921907421384,10.518313157206602,0.29911792548637656,0.2725177272833251
175.8,0.7825387775181477,144.9693625677575,10.51732766579599,0.3885274578713056,0.27812725959257634
175.85,0.7841926692874593,145.01683415606294,10.521281912661527,0.47984892777031324,0.2806992490573023
175.9,0.7869208257637103,145.06433482298598,10.53132743344135,0.5655028036464876,0.280336184551643
175.95,0.7906775904883234,145.11187605153225,10.547498606176118,0.638441053133861,0.2791410853460158
176.0,0.7954105856537421,145.1594660421348,10.568952383931677,0.693108874852663,0.2801416781784045
176.05,0.8010605821089629,145.20710895848484,10.593955538797614,0.7260566017687021,0.2854068188918244
176.1,0.8075667408408822,145.25480510729625,10.619569898212905,0.736184067171002,0.29465790641696926
176.15,0.8148684687294231,145.3025509765034,10.641736383217474,0.72486040852343,0.30489903066234453
176.2,0.822908292632561,145.35033922077653,10.656401387634379,0.6959449580647582,0.3121319510076741
176.25,0.8316372493456659,145.39815916768376,10.660954005764692,0.6554659351169375,0.31436894558688133
176.3,0.8410112023999292,145.44599778679722,10.65501597442508,0.6109781352629027,0.31257498797538064
176.35,0.8509816641364992,145.4938411684234,10.640485361564878,0.5706740757211628,0.3095378620354171
176.4,0.8614962547674464,145.54167677225453,10.62099042101494,0.5422304592218133,0.3086663834887755
176.45,0.8725038181562197,145.58949599535208,10.600801275972518,0.5315856290266445,0.3120909974439584
176.5,0.8839462206951725,145.6372954169032,10.583674522259079,0.5420563351489235,0.3187087225524182
176.55,0.895748878812398,145.68507667373754,10.572210042070225,0.5739331756723218,0.32448915822456015
176.6,0.9078230380466608,145.73284577666544,10.568216987132406,0.6245905208638443,0.3256686334636073
176.65,0.9200774075938926,145.7806123000859,10.573247470907788,0.6889566836894008,0.3221779900109017
176.7,0.9324338923195571,145.8283890179003,10.587899636497614,0.759990551566782,0.31747248272543255
176.75,0.9448366109086767,145.87619160342385,10.610677162766459,0.8293133382335672,0.31533242022091446
176.8,0.9572457479976945,145.92403727845434,10.637036033568231,0.8881788194956441,0.31593615096797184
176.85,0.9696244423628347,145.9719420339719,10.65999726679709,0.9287779966686159,0.3153339888574539
176.9,0.9819375675798252,146.01991782510933,10.672977630718183,0.9456140626129748,0.3100250729973674
176.95,0.9941563800368458,146.06797085747246,10.671683642913766,0.9363835144213023,0.30027682766669506
177.0,1.0062546205916583,146.1161008799101,10.654140521188761,0.902196220024195,0.2893912938857453
177.05,1.018200431435519,146.16430154600687,10.619959441411487,0.8472485553579474,0.281216354344199
177.1,1.0299519734524292,146.21256168702902,10.569481900899097,0.7781179251496715,0.27787561394872934
177.15,1.0414563121841853,146.26086687141174,10.50372008369099,0.7028864559240956,0.279567440633181
177.2,1.05265290373824,146.30920131212397,10.424422627823077,0.6300468480891698,0.28636307005793005
177.25,1.0634783998819455,146.35755027850112,10.333472222429258,0.5672845242572786,0.29906412086666917
177.3,1.0738690551147936,146.40590262645776,10.232736127140745,0.5205116204809063,0.3177188178307689
177.35,1.0837623466758368,146.45425275867564,10.123601998766489,0.49311076836937684,0.3395868312267845
177.4,1.0930983889320731,146.50260134619052,10.006405637294236,0.48552976891925104,0.35886617068902316
177.45,1.101822432754766,146.55095475596173,9.88143326398301,0.4954944128467372,0.36921765720288435
177.5,1.1098853814723562,146.59932353638808,9.749863873740402,0.5185732595106611,0.36658898810824264
177.55,1.1172464221362552,146.64772076344929,9.613654302828428,0.5488084361473894,0.3509056083286312
177.6,1.1238784582857397,146.69616073343886,9.475144170119597,0.5794096941806467,0.32631029274129303
177.65,1.1297614072496251,146.7446572309354,9.336424183749443,0.6035848780853635,0.2987939303693621
177.7,1.1348639367283204,146.79322104171735,9.19946593865782,0.6155386301148783,0.2730830017930877
177.75,1.139135085522096,146.84185797599454,9.067429224560154,0.6114115165428429,0.25208182779896054
177.8,1.1425120279124144,146.8905684911173,8.945345316391757,0.5897562343807682,0.23807761145335612
177.85,1.1449236841297847,146.93934796122005,8.838935613215602,0.5515129602524322,0.232141811451011
177.9,1.1462935905582332,146.98818762114004,8.752956341597088,0.49961286389054455,0.23272976329166256
177.95,1.146553348971935,147.03707635981925,8.690093853565713,0.43830136200841974,0.2360626441555967
178.0,1.1456533804402917,147.08600217118433,8.649910639860554,0.37240039330721203,0.23715396062772331
178.05,1.1435692016006491,147.13495325560496,8.62772136982309,0.3065715673194209,0.23136255750021212
178.1,1.14030507049152,147.18391872345777,8.615183646042976,0.244815877686714,0.2175365532922514
178.15,1.1358912044502418,147.23288924507548,8.603253440060882,0.1903693581366383,0.19929774956979712
178.2,1.1303748116346788,147.281857819114,8.584462079457813,0.14562101874419447,0.18288679262509827
178.25,1.1238052390038797,147.33081994896574,8.553500278675862,0.11193738044050675,0.17424174929611275
178.3,1.1162246820210397,147.37977376247045,8.507186883328762,0.08945739402671904,0.17728565984938818
178.35,1.1076688737144322,147.4287204987423,8.443952569253845,0.07690193377613389,0.19298486915402685
178.4,1.098167998638149,147.4776644992837,8.362984316418327,0.07158228082652755,0.21861948906318196
178.45,1.087750654519562,147.52661256763824,8.26391388563819,0.06972138923103312,0.24844933268028188
178.5,1.0764518008425752,147.57557283548633,8.147363462654985,0.06705314769359591,0.2761252502644081
178.55,1.0643113283973908,147.62455296896897,8.016661929714267,0.059661290006437995,0.29654298121726475
178.6,1.051370627674309,147.6735584012604,7.880162138254966,0.0447921027285309,0.30829229580765183
178.65,1.0376775423422042,147.7225916359001,7.749275358864234,0.021038563650924266,0.3147497008571826
178.7,1.0232876064994683,147.7716525480792,7.632968489148002,-0.01199851576847073,0.31970546092747476
178.75,1.0082674553067303,147.82073915486603,7.535685023411518,-0.05395358393834549,0.32420097375204215
178.8,0.9927014407842868,147.86984824965535,7.459201552107193,-0.10366634609881736,0.32701994225868597
178.85,0.9766887725145257,147.91897514464125,7.40488724501008,-0.1590221770527554,0.3257403252614768
178.9,0.9603417080608978,147.96811346677688,7.374100295983731,-0.21705095674607106,0.3184567526696206
178.95,0.9437925370608583,148.0172563279114,7.367373678002034,-0.274417284813668,0.3050831900510268
179.0,0.9271978722749287,148.0663979993259,7.384259002597034,-0.32795699372938164,0.2874881861308082
179.05,0.9107338489324754,148.1155346294075,7.424148670259407,-0.37500870156537197,0.2696013361333692
179.1,0.8945837513872424,148.16466424064762,7.4865037829981365,-0.41364659780974705,0.25632857430499045
179.15,0.8789139277432497,148.21378610473073,7.569482723156936,-0.44283505568754195,0.2496109098277407
179.2,0.8638570463565425,148.26290025399746,7.668058359695289,-0.46256459748593554,0.24513501873927687
179.25,0.8495237885052682,148.31200765294898,7.77462266769973,-0.4738742655756839,0.23569075647183674
179.3,0.8360213423655,148.36110991552653,7.881808727649611,-0.4785773070706061,0.217918093048048
179.35,0.8234612270502571,148.4102088488599,7.984702735919154,-0.4788945036966467,0.195362909854474
179.4,0.8119577745137548,148.45930665687163,8.081533579178123,-0.4771602714315881,0.1758737016541956
179.45,0.8016233007813748,148.50840687635076,8.172525868212984,-0.47572309440613436,0.1659260966262157
179.5,0.7925623122755798,148.55751474586685,8.258552019973166,-0.4768484234014012,0.1668421966229962
179.55,0.7848667864219859,148.60663616032505,8.34097731981496,-0.4824275396490058,0.1756300314954596
179.6,0.7786149058506942,148.6557762111979,8.422038382452499,-0.4936734795404393,0.1888158361377334
179.65,0.7738714665849123,148.704938260927,8.50444913458502,-0.5109950402296723,0.20503290633559249
179.7,0.770688087217646,148.754123841311,8.59007587039059,-0.5340562008042132,0.2241548763979111
179.75,0.7691014624878311,148.80333296459236,8.679384995481916,-0.5618564478460492,0.2454038363131496
179.8,0.7691315668472328,148.85256439189055,8.771749971346246,-0.592798061608707,0.26614119634840777
179.85,0.7707726511614941,148.90181463773538,8.86634901087841,-0.624595718417176,0.28220994183273174
179.9,0.7739908514290912,148.95107711303052,8.963058148729255,-0.654315216717967,0.29071064957392984
179.95,0.7787438615851182,149.00034416776043,9.061392678474544,-0.6790634113381898,0.2918721052420615
180.0,0.7849951637291037,149.0496096575963,9.159045056496586,-0.696722714545309,0.2879135138600713
180.05,0.7927172093134666,149.09887054979066,9.252596204497713,-0.7062455192738611,0.28186385659608126
180.1,0.8018920296849584,149.1481276999654,9.338907560304314,-0.7076969863344458,0.27748245460496024
180.15,0.8124982635881092,149.19738493597558,9.416336038384193,-0.7019550460769237,0.2781878263032963
180.2,0.8244897507034303,149.24664708431305,9.485480398102487,-0.6902311668513549,0.2853754671890678
180.25,0.8377822144366497,149.29591833043358,9.547913822020204,-0.6738925958938785,0.29784945504782306
180.3,0.8522532169515028,149.34520162645083,9.604800604288178,-0.6544473548379919,0.31237684559807594
180.35,0.8677510729459855,149.39449882744614,9.656720933524381,-0.6334812149859095,0.32507054151329157
180.4,0.8841073594566364,149.44381096315894,9.703804821849884,-0.6125831289527207,0.33314913270170887
180.45,0.9011465685440202,149.49313828291204,9.746037159328415,-0.5931698626402212,0.33610445575107867
180.5,0.9186897824469693,149.54248009262648,9.783515990970729,-0.5762458295130242,0.3353537220725576
180.55,0.9365562712020878,149.5918346094812,9.816461856393582,-0.5622373055199804,0.333170502062933
180.6,0.9545656694859104,149.6411989930631,9.84560554698113,-0.5508959504202587,0.33198967509926663
180.65,0.9725391479314377,149.69056947308925,9.872598953942145,-0.5413156927238715,0.33388126825695563
180.7,0.9903029425938952,149.7399415878785,9.899773940654908,-0.5321112742931038,0.3402725192203297
180.75,1.0076920514876067,149.7893106399,9.929780772574292,-0.521663687911124,0.35170481659178743
180.8,1.0245453674651055,149.83867226977577,9.96470663237225,-0.508439724059718,0.36665057032303944
180.85,1.040704339998729,149.88802315915805,10.005397161959628,-0.4912947114213471,0.3810743298436018
180.9,1.056020974873488,149.93736142346893,10.052457162840987,-0.46949834254119216,0.3900848699050599
180.95,1.0703660031224274,149.9866865088319,10.10718589749731,-0.4426793961329534,0.3899732271501544
181.0,1.0836315564965773,150.03599883969164,10.170935873461676,-0.4109239968884468,0.3794833223036729
181.05,1.0957330112317902,150.08529974523,10.243841202325207,-0.3749489335318963,0.36034690963981497
181.1,1.1066130042120936,150.13459182904225,10.323986070849022,-0.33620679806023346,0.3369156177062508
181.15,1.1162409164213476,150.18387899839968,10.40762262883637,-0.2967007911449301,0.31456413737800726
181.2,1.124605331617884,150.23316593343975,10.4904330069922,-0.2585008611732857,0.2975404452428019
181.25,1.131707972562461,150.28245766376585,10.568807400892462,-0.22331335002279287,0.2876823428030435
181.3,1.1375603340022789,150.33175914726576,10.640450991177635,-0.1922354894395695,0.2844750532959954
181.35,1.1421791552102543,150.38107457229395,10.70382996530056,-0.16569612718472926,0.28572969141639304
181.4,1.145585924326383,150.4304070050743,10.757007959013487,-0.14357055006040295,0.28795229130652783
181.45,1.1478024469356731,150.47975761543654,10.797369381703186,-0.1251734794639055,0.2871942642700766
181.5,1.1488430061294443,150.52912471593743,10.822687970176066,-0.10910458121908628,0.2808255295650045
181.55,1.1487185999595806,150.57850440761823,10.83309002239889,-0.09324678610108228,0.26918637273485757
181.6,1.147445626411629,150.62789168491702,10.833362094288345,-0.07483404508855267,0.2578147122127043
181.65,1.145046401427304,150.67728159680647,10.831985799315618,-0.05096109665294341,0.2560785918475746
181.7,1.141537190083351,150.72667070733553,10.836561918665717,-0.01955363984690872,0.26935670405835466
181.75,1.1369240947934849,150.77605802464137,10.851363022209362,0.020043292475808418,0.29487466435359966
181.8,1.1312163182705564,150.8254452701325,10.877963414148844,0.06704546320858587,0.3247856120744175
181.85,1.1244370437701405,150.8748362226983,10.916776170251431,0.11959442953347434,0.3510958623680633
181.9,1.1166240056727617,150.9242354171865,10.968022010640384,0.17524967280599552,0.3690015944827536
181.95,1.1078244167660485,150.9736472149102,11.03047413261866,0.23118875910351083,0.3761691857027991
182.0,1.0980931619291288,151.02307546395153,11.099696823580022,0.28426310067713023,0.37056935504540867
182.05,1.087501911787604,151.0725231555401,11.169673632607195,0.3315258238386376,0.35248330897742775
182.1,1.0761466440565541,151.12199203917436,11.2354897476393,0.37092047099826625,0.32670897442072644
182.15,1.0641423364115554,151.17148231141303,11.294235287413454,0.4016587602648413,0.30121862185790826
182.2,1.051608127713853,151.22099239367503,11.344771174908065,0.42429586792243057,0.28396040478560275
182.25,1.0386542154329685,151.27051926883908,11.3869672867048,0.44047620829534007,0.2793024128748558
182.3,1.0253787950416842,151.32005917483565,11.421536417584552,0.4525783089751854,0.28666554531333127
182.35,1.0118702235556922,151.36960793555446,11.450516532680329,0.46344321094019586,0.30219125436771727
182.4,0.9982001822353955,151.41916043891607,11.477337260637455,0.47619079971929773,0.3211059360082967
182.45,0.9844158834069658,151.46871030570443,11.506147042981523,0.49392242787445645,0.33904991849960986
182.5,0.9705514307511318,151.5182513077877,11.540719261066972,0.5190969699363572,0.3527206091016132
182.55,0.9566534161692577,151.56778001981186,11.583046608849514,0.5527586905949843,0.3596872834316533
182.6,0.9427926027988659,151.61729696327367,11.632536919222492,0.5941762812346687,0.3582929909027658
182.65,0.9290626871077298,151.66680597100503,11.686783811713259,0.6410804062998091,0.3491560070824913
182.7,0.9155740399123248,151.71631297764435,11.742946531685222,0.6902219430220657,0.3362571915539502
182.75,0.9024436165555132,151.76582493550282,11.798329537479555,0.7379172680616528,0.3254159055035016
182.8,0.8897948404333489,151.81534963164353,11.850058913716484,0.7804027012751502,0.32112726006595005
182.85,0.8777674077066189,151.86489583073384,11.895135065050056,0.8142454528666604,0.3246207553964588
182.9,0.8665089815822818,151.91447181563325,11.931406783697774,0.8370558804352017,0.3344547041778071
182.95,0.8561540395121184,151.96408319879293,11.9579816172141,0.8480085603653305,0.3478181908564435
183.0,0.8468123474993693,152.01373202871696,11.973963233728895,0.8477183449084087,0.36031624560306913
183.05,0.8385669327971622,152.0634168553279,11.977291771839814,0.8378791380176451,0.3660501387861661
183.1,0.8314875593804792,152.1131334794117,11.965483664027044,0.8210149448885296,0.36133781449221103
183.15,0.8256482933852051,152.16287628492097,11.93659472764926,0.8001839250408117,0.3478314073755344
183.2,0.8211281271774388,152.21263934501232,11.889529751133272,0.778694005038702,0.33133305704402666
183.25,0.8179938910900237,152.26241684010674,11.824133673986212,0.759843698244661,0.31840863573882994
183.3,0.8162802072182324,152.31220328259852,11.741268310060532,0.746584366977557,0.31299164910344884
183.35,0.8159824411357552,152.36199400174993,11.644435885244004,0.7414005490046303,0.31534560033449494
183.4,0.8170674164637424,152.41178597243947,11.541329374397717,0.746167229285265,0.3243418516141241
183.45,0.8194905315303628,152.4615790535914,11.441061499889933,0.7613549902918904,0.33832036671219945
183.5,0.8232026488027706,152.51137664191558,11.350141576454265,0.7853249779744638,0.3532434640542955
183.55,0.8281532750766549,152.56118521099094,11.27156820680606,0.8144326619328334,0.36322726983022424
183.6,0.8342961279830652,152.6110131074776,11.205509605753926,0.8436013559103713,0.3641833784138764
183.65,0.8415904305172632,152.66086892554958,11.149886212730253,0.8671477936193808,0.3567906431255725
183.7,0.8499979884607828,152.71076030259718,11.10127259010955,0.8797709241976721,0.3455611304093866
183.75,0.8594785287856084,152.7606930189192,11.055808448166935,0.8774429238298557,0.33569589001692435
183.8,0.8699852680062239,152.8106700392083,11.009595157263169,0.8580165477101493,0.33063377728405396
183.85,0.8814644487983617,152.8606912587648,10.958955220510118,0.8214432276621375,0.33073722357818
183.9,0.8938541777395286,152.91075365351446,10.900826844088572,0.7696979935906626,0.3330984123492305
183.95,0.9070806934862126,152.96085130147387,10.832761957102093,0.7064649246892997,0.33259654545769646
184.0,0.9210604657125121,153.01097563839872,10.753117307374254,0.6366913596974053,0.32486359781794855
184.05,0.9357034736715009,153.06111607555312,10.66175099853281,0.5661032132219642,0.309581196470749
184.1,0.9509094134724281,153.11126118213875,10.560077916898969,0.5005434093448387,0.2907281926426216
184.15,0.9665660168892753,153.16140059785138,10.450386808584065,0.4451290972720758,0.2741924663970912
184.2,0.9825499587338212,153.21152678362097,10.335137490470608,0.4034647229234471,0.26535640106848357
184.25,0.998720590538201,153.2616356578404,10.216632726339295,0.37719821650974245,0.2670486134930903
184.3,1.0149148500812581,153.3117265308065,10.096821559160663,0.36589777763228876,0.27824342719205686
184.35,1.0309590674094815,153.3618023180921,9.976874195752815,0.367033209596965,0.294653027781925
184.4,1.0466909816307892,153.4118698448881,9.857040791713583,0.3761756071639253,0.31067324743307223
184.45,1.0619699240789717,153.461938977341,9.737415090163294,0.3876643701168366,0.3217598302254107
184.5,1.076676021255721,153.5120207638664,9.618686617367102,0.39551822821831817,0.32635218584462566
184.55,1.0907085568591002,153.56212583452535,9.502089728884897,0.39423087195432116,0.3258133767222144
184.6,1.1039847446424027,153.61226347856044,9.38871923170087,0.3793509895675473,0.32200265373953874
184.65,1.1164398199602164,153.66244117141025,9.27896430966917,0.347898385928354,0.31518769425502696
184.7,1.1280277225619513,153.71266405094167,9.172601680890526,0.29870571186426675,0.30457500035562385
184.75,1.138722695038172,153.76293447135933,9.069277872815707,0.23264156647896247,0.2900891100544438
184.8,1.1485148560743232,153.81325165945893,8.968928920175705,0.15261475471484368,0.2732426693925167
184.85,1.1573936338839825,153.86361116708417,8.871675929120109,0.06331062795124573,0.2566427283517925
184.9,1.1653359223808042,153.91400519188554,8.776452910610887,-0.02946789450938001,0.24320224424667583
184.95,1.172303534913078,153.9644240499781,8.679329259206188,-0.11966156144798633,0.23440166021090417
185.0,1.17824266046745,154.01485783562305,8.574937553940464,-0.20154990731323588,0.2290785048810805
185.05,1.183090670824555,154.06529795942748,8.459760738225683,-0.2702086837802231,0.22538055689490738
185.1,1.1867825840831854,154.11573835758298,8.333531593315355,-0.3220641035948739,0.22253959750111427
185.15,1.189248659220942,154.16617606650394,8.198883408975387,-0.35535858355272176,0.22047651973409355
185.2,1.190413177561652,154.21661139621358,8.059931164817824,-0.3704184514228371,0.218969675667079
185.25,1.1901959954015053,154.26704738583925,7.920772117873396,-0.36962693814716735,0.2178822938878357
185.3,1.1885189808660737,154.3174888856738,7.786042036328488,-0.3570317008808355,0.21898468904315016
185.35,1.1853131397232226,154.36794207965676,7.661052242104732,-0.33785345360839747,0.2255610169172887
185.4,1.180514020201197,154.4184137732022,7.548994545810967,-0.31801118499502157,0.2377641071295674
185.45,1.1740588090258712,154.46890986918473,7.449783537534225,-0.3034224623290224,0.2515424677877928
185.5,1.1658946647728372,154.51943391197244,7.362668438008375,-0.299137720832539,0.26315299084812555
185.55,1.1559838615059284,154.56998620756687,7.288585667015669,-0.308622928068642,0.2720025002799707
185.6,1.1442995462136922,154.62056332619463,7.229132972721917,-0.33337280882199016,0.27858307721085035
185.65,1.1308308385943406,154.67115858836516,7.184712190919263,-0.37289567190292244,0.28237528075767054
185.7,1.1155985376653008,154.72176319977694,7.154428369999546,-0.42492613276941427,0.2827258678150846
185.75,1.0986627200480967,154.77236699250705,7.136988660608984,-0.4857178386639561,0.28024199542281797
185.8,1.0801120437443787,154.82295839095084,7.131367262283014,-0.5503882878573341,0.2769842562644633
185.85,1.060048513696318,154.8735244753472,7.137057413332769,-0.6133831583207224,0.27569107420294114
185.9,1.0385840456264441,154.9240521427479,7.154232938152209,-0.6691298926571309,0.27897671189695034
185.95,1.0158477657110085,154.97453030133036,7.18328734589373,-0.7128732670451808,0.2886318617824478
186.0,0.991992783271217,155.02495197768812,7.223892173772481,-0.7414384752865649,0.30427147785953546
186.05,0.9671951200881319,155.07531502833956,7.27491839147151,-0.75359609122562,0.32277246907022206
186.1,0.9416544681212814,155.12562203635565,7.3353418994050505,-0.7500787563067989,0.3395675192012815
186.15,0.9155930233547939,155.17587929704808,7.405104544119691,-0.7332849243581041,0.3504460476488728
186.2,0.8892503817050857,155.2260952334933,7.484806769657627,-0.7068366683371511,0.35295906039239544
186.25,0.8628795591924082,155.2762794372106,7.574366494961267,-0.6752030759460365,0.34712936315363757
186.3,0.8367370786198988,155.3264415604302,7.672531558834794,-0.6431908465689785,0.33567235127342937
186.35,0.8110725678402715,155.37659030564643,7.777528668418538,-0.6153363109798327,0.3232225794853113
186.4,0.7861192728049783,155.42673275366712,7.8871811017609215,-0.5953572790759832,0.31345252991756506
186.45,0.7620835204504142,155.47687341489672,7.999162195230521,-0.5856205073264807,0.3061033822499822
186.5,0.7391457116060008,155.5270136289092,8.111326712338842,-0.5868360775888357,0.2971417881037332
186.55,0.7174751531726729,155.5771516518425,8.221640055054346,-0.5980851032132323,0.282375104962856
186.6,0.6972452986890648,155.6272832598603,8.328632547374616,-0.6170099590238516,0.2608801221394896
186.65,0.6786415503485286,155.67740263405395,8.432744042365952,-0.6400636431882974,0.23699458173125557
186.7,0.6618576530514122,155.7275033337513,8.536763165309704,-0.6629277181823682,0.21970317559982655
186.75,0.6470796844959005,155.777579655685,8.643331514349885,-0.6812725426528667,0.21652160917698576
186.8,0.6344746229480698,155.8276281865351,8.753190221073641,-0.6915103681077369,0.22792842018012405
186.85,0.624192168569611,155.87764892022412,8.86532984878132,-0.6913007447572272,0.24717318198436955
186.9,0.616372412925275,155.92764556708534,8.977997844005019,-0.6797571720742569,0.26428117384332206
186.95,0.6111526091726281,155.97762496590784,9.090636421572677,-0.6572727032571278,0.2718092200366615
187.0,0.6086570472880499,156.0275953924969,9.204491423582095,-0.6251732041534387,0.2678808003927158
187.05,0.6089812730888622,156.0775649767402,9.321592404035979,-0.5854612734748185,0.2557180806274744
187.1,0.612192940507954,156.12754175612156,9.444042527342171,-0.5406898122622049,0.24154135584103364
187.15,0.6183324363240557,156.17753407419087,9.573845510776572,-0.49376572787257655,0.231651230614606
187.2,0.6274007069436248,156.22754985513112,9.712530133968722,-0.4476075368709735,0.23012913157081435
187.25,0.6393443494376273,156.2775951504146,9.860658868286478,-0.40474500060108065,0.2381041491852887
187.3,0.6540519028230338,156.32767314509607,10.017079341432565,-0.3670675810697874,0.25393690308033673
187.35,0.671361242534143,156.37778384628365,10.178197943524482,-0.3357342608541095,0.27376185991477325
187.4,0.69108050163071,156.42792480230204,10.338297092455289,-0.31115760659096803,0.2927280934522232
187.45,0.7130109802691542,156.47809232056304,10.490736138946192,-0.29302492428791815,0.3068201209467009
187.5,0.7369475755231948,156.52828148036147,10.629360705003613,-0.28020717088675057,0.3141586440721378
187.55,0.7626680044647631,156.57848533227357,10.749517403683791,-0.27064088749031484,0.3150675657507055
187.6,0.7899312995772617,156.6286950571516,10.8478888308857,-0.2615311753157009,0.3111890217110361
187.65,0.8184830567919013,156.67890140141392,10.92142453601143,-0.24989241735522574,0.30401714308609984
187.7,0.8480621922413828,156.72909607426766,10.967634415156049,-0.23297545885585033,0.2946879865024684
187.75,0.8784140895774762,156.7792731486094,10.986501209620933,-0.20852844218643915,0.28502412029618596
187.8,0.9092966209922904,156.82942995372235,10.98144435395617,-0.17503519387867947,0.27709844578793175
187.85,0.9404715781664742,156.87956647572653,10.959427038770388,-0.13176341425241672,0.27275606259602336
187.9,0.9717016721308804,156.92968467481512,10.930440096537497,-0.078806520488397,0.2745267641317987
187.95,1.0027510012316792,156.9797885439493,10.904951591505858,-0.017376455811428337,0.2842486318552665
188.0,1.0333870668579688,157.0298845945605,10.890755481311068,0.049842840889592815,0.30063801622008657
188.05,1.0633909756573396,157.07998199285444,10.89106517247823,0.11865983279018395,0.3194357704590416
188.1,1.0925631234902153,157.13009127737035,10.904711248404862,0.18400077161208478,0.33509739196672966
188.15,1.1207193708616423,157.18022201551315,10.928648868154008,0.24103995530905178,0.3437648749690347
188.2,1.147687574506023,157.23038116769766,10.959400346706833,0.28605924872201766,0.34465578409287545
188.25,1.1733049963121178,157.28057272542665,10.991378840327632,0.31664308313296563,0.33710048977702317
188.3,1.1974183418456328,157.33079764241535,11.016439092676295,0.3318394519686106,0.3190687297609516
188.35,1.21988842918197,157.38105333607749,11.027540472547813,0.33273923405228883,0.29126337311479844
188.4,1.2405877114749084,157.43133311185957,11.022135955481927,0.32278796951396477,0.2608992946144105
188.45,1.259385421569991,157.4816261346099,11.003935579315344,0.30762518797993177,0.2411935839276392
188.5,1.2761276233172076,157.53191901967955,10.981532904134598,0.2942562252770288,0.24371838406830593
188.55,1.290634594171029,157.58219913246543,10.96390553024647,0.2894579432443408,0.2696248690914403
188.6,1.3027213064151852,157.6324574666272,10.95766322475513,0.29835376767596994,0.30956366439471034
188.65,1.3122201920761818,157.682689751104,10.966426818300457,0.3236578236152153,0.3491215006008029
188.7,1.3190008662609607,157.73289660784948,10.990495725418015,0.3653670398187706,0.3743544203493676
188.75,1.3229839557222958,157.78308277731517,11.02762754114432,0.4209991173805776,0.37699819628231324
188.8,1.324143662971483,157.8332557128123,11.074408337484902,0.4862686193091011,0.35695007639438225
188.85,1.3225093398149514,157.8834250080299,11.126948099925587,0.5557425094747405,0.3208998361849073
188.9,1.3181613596503052,157.93360189677173,11.181258740715055,0.6234644045780611,0.279130923602532
188.95,1.311215085009111,157.98379810159255,11.233558354925904,0.683633707137881,0.24162834943735748
189.0,1.301802888683719,158.03402442768603,11.280496239658076,0.7312856288231261,0.21538155535721543
189.05,1.2900614145798068,158.0842893358245,11.320178932162122,0.7630037621560117,0.2043448822996953
189.1,1.2761137016904927,158.1345972545697,11.352882880991473,0.7775184712744481,0.20983496379247163
189.15,1.260055724221286,158.18494784155644,11.379967395902254,0.7758051607707664,0.22902693253163897
189.2,1.241970015283806,158.23533730468435,11.402399504155301,0.7606280841923913,0.254446372548271
189.25,1.221944080339899,158.28575955806895,11.4202036511731,0.7359735349177561,0.2766727263466424
189.3,1.200071507029493,158.33620603407238,11.432680021526584,0.7066311901128826,0.28822999551219186
189.35,1.1764476053703812,158.38666556725767,11.438928476278399,0.677797753021601,0.28649075348539854
189.4,1.1511774023249832,158.4371258813881,11.438217574984481,0.6544803322634023,0.27419647312699524
189.45,1.124390357549473,158.48757603792248,11.430940912498642,0.6408991045428281,0.2584361691010804
189.5,1.0962501622527268,158.53800867296349,11.419209766386912,0.6399432487640321,0.24820925104241268
189.55,1.0669488828939682,158.5884213662063,11.40541075269206,0.6525978240947501,0.24971099076970948
189.6,1.0366919810310269,158.6388167370801,11.390005223665389,0.6775626197396568,0.26328113530326525
189.65,1.0056900575968493,158.68920158027723,11.370421544026566,0.7113294323795579,0.28377344923302616
189.7,0.9741599210419015,158.73958532521388,11.34309088520209,0.748979074580454,0.30374758278425823
189.75,0.942327460656859,158.78997802226974,11.306513432612672,0.7852636379997833,0.31826942835624134
189.8,0.9104241350004079,158.84038869885495,11.26125040684122,0.8153070215648316,0.32641044085406684
189.85,0.878680630393392,158.8908243556164,11.207652033816762,0.8349267694949707,0.329380020205545
189.9,0.8473244067711947,158.9412892093319,11.144569028825403,0.8409284288001607,0.3290683809651141
189.95,0.8165800695412272,158.99178443359492,11.069833989676725,0.8314789942657181,0.32725876984586594
190.0,0.7866725954865244,159.04230848003385,10.981795533204458,0.8064354836741665,0.3257276068266983
190.05,0.757827765813044,159.0928574357218,10.881174603241433,0.7675477552694993,0.32650963031958335
190.1,0.7302686804667854,159.14342584529845,10.770976671613921,0.7181703607118141,0.3303848689922441
190.15,0.7042161551782139,159.19400809269771,10.654263007440807,0.6624424057902275,0.3358026189148371
190.2,0.6798827599527996,159.24459886721831,10.532122595790987,0.6045481691963972,0.33943844218192887
190.25,0.6574639642766169,159.29519285736444,10.403405355300364,0.5483691803574884,0.33778587570437785
190.3,0.6371373352333781,159.34578476808525,10.266625308404603,0.4973932422644256,0.32972721922656456
190.35,0.6190649050930639,159.3963699727476,10.122506747655152,0.45460524703922317,0.3178734541559091
190.4,0.6033918943735587,159.44694548055378,9.974882936944708,0.4221825123561382,0.3071459962914395
190.45,0.5902416645533969,159.49751071018795,9.828787887926952,0.4009868327026682,0.3017135093418614
190.5,0.5797132852072194,159.54806809629255,9.68782751134388,0.3901670414246328,0.30231522310527315
190.55,0.5718835919136005,159.5986231768888,9.553402228126664,0.38721456363410883,0.30629865166318676
190.6,0.5668084191211954,159.64918368121877,9.42575942163258,0.3884661098734753,0.3102147012329383
190.65,0.5645271325679709,159.69975862920467,9.305359865209445,0.38969942961457943,0.3121560184393452
190.7,0.5650693671720046,159.75035787814906,9.192668276065858,0.3865482277518625,0.31197409463808046
190.75,0.5684524589404315,159.80099111594197,9.086097118599087,0.3748187321419564,0.3098608210903917
190.8,0.5746731621175177,159.85166644922353,8.980369749236267,0.3509100201642922,0.3045932417439613
190.85,0.5837007812119458,159.90238898435686,8.86793069721143,0.3124812599601021,0.29417102144176294
190.9,0.5954717137599381,159.95315952185777,8.742466157282076,0.2591725924318063,0.278674816024866
190.95,0.6098876828526543,160.0039741670176,8.600683801022365,0.1928237105505314,0.2615933109625724
191.0,0.6268148050231848,160.05482491779904,8.442213507230694,0.11715732307428252,0.24873376678703213
191.05,0.6460787746334888,160.10570077371085,8.268697342285664,0.0371544403413302,0.24565759164439982
191.1,0.6674622944798151,160.15658938527483,8.08225113678237,-0.04175387385709624,0.2546319024322661
191.15,0.6907136473969426,160.20747918157153,7.885219808279465,-0.11448738193455293,0.2732713208397872
191.2,0.715556329019436,160.2583606576334,7.681028732568924,-0.17687881714617165,0.29533424570460654
191.25,0.7416945308046317,160.30922628901888,7.474105965787409,-0.2259948932595583,0.3135781238281935
191.3,0.7688215896599078,160.36007043823113,7.269355411547789,-0.2603763039365577,0.3230023322169414
191.35,0.7966295689343901,160.41088984140066,7.071268391586223,-0.28023197474778905,0.32192078222373305
191.4,0.8248195410904754,160.46168431601632,6.88284461412341,-0.2875227193866165,0.3115083734844172
191.45,0.8531118675461582,160.512457151911,6.705618489956923,-0.2858082552346066,0.29526878999087147
191.5,0.8812520423917742,160.5632147991962,6.540591025152411,-0.27980645819816136,0.2783312252517845
191.55,0.909013241702611,160.61396609574172,6.3888611151735315,-0.27482271004582987,0.26680826534319413
191.6,0.93618867995033,160.66472096482966,6.25068832921482,-0.27611309210930396,0.2651543620011644
191.65,0.9625740820718881,160.71548850260425,6.124404591493961,-0.2881434016895668,0.27231930402958954
191.7,0.9879574897920462,160.76627501324762,6.007239451909484,-0.3138784781091244,0.28197243654932874
191.75,1.0121211519372033,160.81708247750908,5.896544230793398,-0.3543088582979839,0.2867687368793975
191.8,1.034848002028615,160.86790781940923,5.7901240819954936,-0.4082812673224423,0.2820220977459724
191.85,1.0559279271593696,160.91874308809287,5.686082342535977,-0.4726297532768037,0.26738286953546747
191.9,1.075163895775384,160.96957640083497,5.5836474499879,-0.5425860911071528,0.24822930894136433
191.95,1.09237353397884,161.02039346055346,5.485169603596873,-0.6123692157412653,0.23463882139758027
192.0,1.1073795009791503,161.07117932072705,5.396645906700531,-0.6758893048939216,0.23554825024553
192.05,1.119995772340156,161.1219198413967,5.326208673121495,-0.727511553647398,0.2532784627119194
192.1,1.130029692555861,161.17260325918727,5.282857312485054,-0.7628020167583197,0.28216193842891996
192.15,1.1373049170811425,161.2232219021953,5.2758135517139655,-0.7791838724083648,0.31168240256980306
192.2,1.1416916971737967,161.27377352428647,5.312868156009735,-0.7764246874620793,0.33148995470340886
192.25,1.1431210334991821,161.32426127583574,5.39796303616905,-0.7567163656782128,0.33406486801261864
192.3,1.1415833270575422,161.37469237240572,5.529384461041813,-0.7243204318564674,0.3153988319257076
192.35,1.1371325813840458,161.4250770454579,5.700174934338741,-0.6849977062109142,0.27574916280958245
192.4,1.1298931908823804,161.47542757261698,5.900872982743769,-0.6452547145738979,0.22117855374142867
192.45,1.1200560841978546,161.5257570280593,6.121366167780577,-0.6115208611568865,0.16298539443964943
192.5,1.1078624410243514,161.57607818882403,6.350904382744967,-0.5893912986891221,0.11316232887693654
192.55,1.0935822595245508,161.62640248698744,6.578361078447453,-0.5829379069586544,0.07945008397692112
192.6,1.0774973219143744,161.6767390259392,6.793543391307822,-0.5941863545923362,0.06387757687769924
192.65,1.0598860261803011,161.72709327677154,6.98870711100211,-0.6227683474776159,0.06409944472977427
192.7,1.0410096725427982,161.77746590189128,7.159923053441165,-0.6657855365425183,0.07564603569058696
192.75,1.0211033935488067,161.8278525790573,7.3077408308541765,-0.718060216678247,0.09416162316270656
192.8,1.0003709364725244,161.87824484131409,7.435904447345404,-0.7728149684724992,0.11589728533382773
192.85,0.9789837263220775,161.92863143009365,7.549099025075176,-0.822576795623547,0.13727601204947856
192.9,0.9570802273418539,161.978999745522,7.65155302628855,-0.8601024028563514,0.15403884131431297
192.95,0.9347705835656426,162.02933751839504,7.747328916491132,-0.8792387814732974,0.16160538197643456
193.0,0.9121553487791207,162.07963489662404,7.84120568617716,-0.875713479830568,0.15820359549013735
193.05,0.8893484663389034,162.12988655826402,7.939034520889783,-0.8477814137573509,0.14740532435645773
193.1,0.8664853554155263,162.1800927722798,8.047316893656628,-0.7965103606482219,0.13736216139383906
193.15,0.8437114556843605,162.23025922382925,8.170402679430625,-0.7257720262750665,0.1357991163311237
193.2,0.8211746198586108,162.28039643618268,8.307847590345318,-0.6419784390934266,0.14521824571658562
193.25,0.799028288608837,162.33051868805484,8.454798752318354,-0.5533197529992384,0.16164856274683895
193.3,0.777431396155998,162.38064191429726,8.60332360865532,-0.46862417084077923,0.17614455672030024
193.35,0.7565500972493011,162.43078115309336,8.744604987694007,-0.39612286181780804,0.1800514627357883
193.4,0.7365597222163643,162.48094816095954,8.872003008926328,-0.34223204226674037,0.17083976352009062
193.45,0.7176350884139009,162.5311492226523,8.983231028648298,-0.31051927955579817,0.15447843855499824
193.5,0.6999321250659717,162.5813838906558,9.080570054484243,-0.3011336365239764,0.14300024373968184
193.55,0.6835659737191753,162.63164531095433,9.168223272808303,-0.31091749317250794,0.14625554753605452
193.6,0.6685961543571735,162.68192149308965,9.2491340282971,-0.3341140106825162,0.1648384120829949
193.65,0.6550296815254221,162.732196791341,9.32449034967899,-0.36328979738091977,0.19104365057502248
193.7,0.6428436221903079,162.78245380257724,9.394957506768957,-0.3903193783457054,0.21498949378201374
193.75,0.6320228186356915,162.83267618979636,9.461478287966166,-0.40752261640448173,0.23053329266123765
193.8,0.6225917957726128,162.88285162428238,9.525401246218399,-0.4087491815811889,0.2376252194356532
193.85,0.6146151793487936,162.9329731897699,9.588551771160569,-0.3900374829881013,0.24073905871527626
193.9,0.6081789560873987,162.9830396797623,9.65293828741314,-0.34993950215921227,0.2452918650818387
193.95,0.6033826562091651,163.0330562574203,9.719768886332787,-0.2897791396913021,0.25426605948223674
194.0,0.6003396619626697,163.08303471968748,9.788695863177399,-0.21365146718350067,0.2671068541428443
194.05,0.5991751451936405,163.13299211362275,9.857347108882676,-0.127981210200451,0.28106792152478965
194.1,0.6000155287390139,163.18294821087156,9.920920740589096,-0.04069379559679204,0.29221876621812265
194.15,0.602968804737912,163.23292207608603,9.973289242773172,0.04009586755406051,0.2965950333794661
194.2,0.6081097259886651,163.28292876547616,10.009322549862796,0.10753846015629487,0.2929405193611174
194.25,0.6154767904419373,163.33297796283813,10.02636766042171,0.15704115641974675,0.2835865831712187
194.3,0.6250719433562357,163.3830736568634,10.025153411785254,0.18681360664280694,0.2738261791833171
194.35,0.6368599954731267,163.43321448606213,10.008797267593383,0.1978027357836858,0.27014783333066067
194.4,0.6507652741726662,163.4833950109081,9.97977170800381,0.1930544612712544,0.2758800351745451
194.45,0.6666708761717206,163.53360685115544,9.939010757185647,0.17714883208312293,0.2894940633849179
194.5,0.6844214472586554,163.5838391330031,9.887807661048344,0.15591519576944185,0.3066106220947283
194.55,0.7038272361591523,163.6340790306468,9.82950505256595,0.13603066709218437,0.32202911594569034
194.6,0.7246795800774493,163.68431342254746,9.76917330432884,0.12414594523628895,0.33153154157853165
194.65,0.7467712967636003,163.73453117511534,9.71259682636343,0.12584630888134835,0.33378893785942776
194.7,0.7699088193282998,163.78472515448527,9.665277224693577,0.1448047231043971,0.33042756402963636
194.75,0.7939225316600899,163.8348940416073,9.631212711884091,0.1821428502977315,0.3236492360991904
194.8,0.8186738857270746,163.88504314134886,9.612730815148504,0.2362493042587245,0.31463880869906724
194.85,0.8440462968066098,163.93518312978517,9.611478982333773,0.3032304634159412,0.30425284402838215
194.9,0.8699306929321423,163.98532810671605,9.628811102783743,0.37757755028036855,0.2934936665489685
194.95,0.8962177481957394,164.0354941479054,9.664782496778935,0.45273134733836223,0.2825433350990088
195.0,0.9227972738020173,164.08569803384347,9.71726871329965,0.5217172777670233,0.27056236292031793
195.05,0.9495554305690235,164.1359553569579,9.782310316378501,0.5780451732289712,0.25686693384986375
195.1,0.9763627002683297,164.18627796782943,9.854857859786978,0.6167126091176037,0.24190898218068355
195.15,1.0030614181620205,164.23667188562186,9.929220517816038,0.6349956303697343,0.22710579809014073
195.2,1.0294548881739607,164.28713603523508,9.999723544198469,0.632934070261558,0.21423365056840663
195.25,1.0552986065914607,164.3376618887618,10.061397953786663,0.6134170750780354,0.20510206600082578
195.3,1.0802985203274589,164.38823420448782,10.110189949706783,0.5818005572798469,0.2011072453408186
195.35,1.1041257872257157,164.43883325126217,10.142814439151593,0.5450347008542872,0.20264559464041904
195.4,1.1264409067635848,164.48943781307702,10.15676378003749,0.5105398098290985,0.2089548475177064
195.45,1.146908576484866,164.5400277662497,10.151020132771944,0.48521647109103555,0.21847425459232747
195.5,1.165214431688245,164.59058655216452,10.126660357711849,0.47455160156981635,0.22994091982187972
195.55,1.181092826061585,164.64110379679698,10.086445147324966,0.48175227329996506,0.24321217979604365
195.6,1.1943377749652706,164.69157652463372,10.034349419679641,0.5073074238189205,0.258319745882782
195.65,1.204787762857252,164.7420081787041,9.976008843545518,0.5492007842410866,0.2745183654722443
195.7,1.2123134790795134,164.79240708936615,9.918363502798798,0.6033370157153919,0.2903992512623275
195.75,1.2168218483951279,164.84278553693426,9.867602691919743,0.6639001707977107,0.30342690182542975
195.8,1.2182695851799392,164.8931589009336,9.82793464557843,0.723937932654372,0.3093720205945064
195.85,1.2166736075405788,164.94354417380043,9.800359958027231,0.7760871401991867,0.30280824707632953
195.9,1.2121096803326352,164.99395774178907,9.781380204131448,0.8133460146819691,0.2795499618269426
195.95,1.2047012386920803,165.04441276476845,9.76524238377988,0.830232448988055,0.2403203164269583
196.0,1.194603375791733,165.0949169939693,9.746862104298385,0.8238414574747391,0.1920468503293915
196.05,1.1819907263152356,165.14547205098995,9.724037776042977,0.7943655743422153,0.14690101646893589
196.1,1.1670445245185181,165.1960740230408,9.697638026153417,0.7449821417994837,0.11825028752027636
196.15,1.1499317339401711,165.24671449481548,9.668004336336885,0.6810912484477931,0.1131326265308289
196.2,1.1307878127101605,165.29738150608569,9.63328756837075,0.6095003970160072,0.12861710576602897
196.25,1.109719075600557,165.3480608400038,9.590397498712191,0.5376338210565312,0.15422572520673117
196.3,1.0868196460588162,165.39873738350903,9.536669608995375,0.47270654172850285,0.1785148566506699
196.35,1.0621798221792285,165.44939584918237,9.472263490884703,0.42113145722964046,0.19549135015736205
196.4,1.035890060223701,165.50002214554934,9.400859644006482,0.38790259826292983,0.20572109729125554
196.45,1.0080541791151036,165.55060615160562,9.327777518568636,0.37578094055338573,0.21287152607799312
196.5,0.9787990167491555,165.60114374837485,9.257394797955888,0.3847052979787216,0.21939516256912542
196.55,0.9482912213763113,165.65163814277165,9.191324609487395,0.411474679016739,0.22531129405521122
196.6,0.9167580492695802,165.70210033069546,9.128613799179526,0.4499025733018583,0.2306836586836538
196.65,0.8844747990371896,165.75254657335893,9.06759242015622,0.4918609360188175,0.2374206263299942
196.7,0.851732293412873,165.802994656459,9.006722207618836,0.5286786401772547,0.2472772193527112
196.75,0.8188175049520847,165.85346119160238,8.944050880954386,0.5523148113386309,0.2589050053229843
196.8,0.7860082890340966,165.90395958767957,8.876900069318037,0.5563384769456512,0.2675736184025481
196.85,0.753586308089993,165.95449920242214,8.80260600335789,0.5366526343580541,0.2680785330862012
196.9,0.7218542077061753,166.00508536013214,8.71968279057536,0.49191020012950787,0.2585310032735225
196.95,0.691130885056065,166.0557189610612,8.628660873040195,0.42371964398160844,0.24161745894301698
197.0,0.6617350053488351,166.10639635015954,8.53213566180265,0.3364869798747731,0.22322683916334815
197.05,0.6339629023726985,166.1571094231094,8.433619595729006,0.2368728058404346,0.20965695402787077
197.1,0.6080607969771737,166.20784561413768,8.335729798292821,0.13302999031442114,0.20435058684399673
197.15,0.5842163820623432,166.25858925512472,8.238870065506516,0.03356537139593135,0.20691343412065158
197.2,0.562576573142114,166.30932477482406,8.14024877204279,-0.053725018577010224,0.21357919228560998
197.25,0.5432614579712427,166.36003938098804,8.034662886192406,-0.1228109670259754,0.21808600916116205
197.3,0.5263739060900908,166.41072447560148,7.918113868376342,-0.16994369864817063,0.21612151272144697
197.35,0.512015033005967,166.46137682426803,7.789639735307055,-0.19411581927142343,0.21002528670264287
197.4,0.5002863589122685,166.51199914180236,7.649439412555315,-0.19729009990634805,0.2066944192813589
197.45,0.4912692873608902,166.56259922499345,7.497352543687301,-0.18401756647092427,0.21087368338492085
197.5,0.485001774659942,166.61318784543744,7.333400196135672,-0.1606319392701269,0.2220938675913619
197.55,0.48147401590073957,166.6637766768111,7.159262593775191,-0.1343577741068677,0.23713851012055515
197.6,0.4806441184384179,166.7143770404374,6.980595815757829,-0.11243196007545732,0.25502127062344343
197.65,0.4824554177204467,166.76499951120653,6.806223101909046,-0.10139889641521954,0.2772837055691011
197.7,0.4868413616163636,166.81565357351917,6.642806986735421,-0.10662884261369138,0.30257056807492966
197.75,0.4937230165737467,166.8663464752864,6.491642502361013,-0.1318042197009477,0.32410507627612756
197.8,0.5030098997058602,166.9170816656223,6.3495920875182446,-0.1783633863786462,0.3327596378944821
197.85,0.5146119529417715,166.96785801977535,6.212371887035358,-0.24515878898323068,0.32318780849762907
197.9,0.5284499738144157,167.01867022825684,6.077032605698527,-0.3285048542965236,0.29695281367673454
197.95,0.5444525146947262,167.06950963424433,5.942621075957737,-0.42257917102664266,0.2616112404121203
198.0,0.5625433687006112,167.1203651021259,5.811062691117281,-0.5200546925162971,0.2292146580393335
198.05,0.5826237195920485,167.17122428505618,5.687101155492589,-0.6129661315776218,0.2122327012740027
198.1,0.6045555109717662,167.22207542798463,5.57601827871172,-0.693771148197122,0.21689266835052004
198.15,0.6281479027999217,167.2729085610316,5.481278676274816,-0.7562788820487081,0.23912051736885817
198.2,0.6531568920433095,167.32371588288282,5.40403602218412,-0.7962887864333008,0.26695699542322504
198.25,0.6793074465678272,167.37449249858534,5.3442081883066335,-0.8120726625846288,0.288069318350058
198.3,0.7063182067331264,167.4252373022016,5.3014482685092466,-0.8046149428950072,0.2958655485598585
198.35,0.7339125257477699,167.47595308212874,5.275648281108276,-0.7774347597932043,0.29043920393692363
198.4,0.76181564822828,167.52664555772625,5.267291229480295,-0.7360444007709491,0.2761539847310627
198.45,0.7897537656742581,167.577322644941,5.277358761563109,-0.6873281495583702,0.2586269936985451
198.5,0.8174583244502642,167.62799374480218,5.306281451565145,-0.6388411367860759,0.242573880052124
198.55,0.8446635293057134,167.6786678645594,5.35294160623575,-0.5978813534528583,0.2305804154867871
198.6,0.871104211697287,167.7293517352019,5.414792386109666,-0.5705664063187299,0.22289870707431297
198.65,0.8965211462401679,167.780048793191,5.488789786856479,-0.5611176402975045,0.2182052111338352
198.7,0.9206673203594007,167.83075855343748,5.572870859721294,-0.5713595670399592,0.21475865941260716
198.75,0.9433064296172834,167.88147580702184,5.667082772697815,-0.60041475741305,0.21125241430124214
198.8,0.9642098140275926,167.932190263832,5.772467751422937,-0.644753426434609,0.2067585753422373
198.85,0.9831642420845181,167.98288772080144,5.889369723528941,-0.6987268750057154,0.20025850215837532
198.9,0.9999847078569006,168.03355208320005,6.017058566431032,-0.755396115963321,0.19099555998077108
198.95,1.0145218791662605,168.0841673681921,6.15334068134834,-0.8074703817307137,0.1784794612740468
199.0,1.02666956863861,168.1347198868217,6.294811215300323,-0.8482631941681369,0.16247108345793318
199.05,1.0363722825847586,168.1852001363986,6.438609893378248,-0.8725056194438043,0.14436988465931097
199.1,1.0436240642572072,168.23560384541665,6.583601241361465,-0.8769442075475791,0.12781656506138742
199.15,1.0484579743438274,168.2859321771619,6.730066590871769,-0.8607110338749576,0.11759956108032106
199.2,1.0509303215692065,168.3361913067843,6.878653676937754,-0.8253592902766826,0.11691351241724977
199.25,1.0511142355917538,168.3863920242279,7.029823914221353,-0.7745889490950607,0.12467935338674108
199.3,1.0491016195229101,168.43654899881506,7.183414340331406,-0.7137616548360047,0.1350312388990154
199.35,1.045002432905665,168.4866790303296,7.338801062450047,-0.649172713211305,0.13977442509169044
199.4,1.0389428975640618,168.5367986245572,7.4964921128798405,-0.5871515308734646,0.1336270044366859
199.45,1.0310637812162255,168.5869219256165,7.658479907745343,-0.5332276085231716,0.11698980895151777
199.5,1.021517272260152,168.6370596688478,7.826267852175152,-0.49154822677665333,0.09384001492731887
199.55,1.0104657751256516,168.6872190883831,7.998683181161844,-0.464564455197459,0.06828110203415767
199.6,0.9980824569023776,168.73740408248958,8.171650243004716,-0.45286832708113406,0.043466256646223986
199.65,0.9845494001209403,168.78761513134356,8.339829544496178,-0.45512992595672547,0.02281496303213494
199.7,0.9700518181464923,168.83784923349785,8.498675271985059,-0.46819453477396444,0.011226576013926263
199.75,0.9547670137751193,168.8881003481966,8.645595015217383,-0.4873931834677705,0.01378675523546075
199.8,0.9388504734174203,168.93836039779953,8.77966261701575,-0.5070515096638878,0.03177243215829539
199.85,0.9224283376041285,168.9886204860774,8.901302387172878,-0.521155669489717,0.06079622060564935
199.9,0.9055976507808775,169.03887178499335,9.012966956066567,-0.52402740477014,0.09360952558293398
199.95,0.8884370668746833,169.08910664665447,9.119775631329356,-0.5109676086966117,0.12432076192151123
200.0,0.8710312595993582,169.13932086601346,9.228515681997141,-0.47901447478040293,0.14993687578368736
